country_code,year,unemployment_rate,internet_users,gdp_per_capita,tertiary_enrollment
ABW,1986,,,6767.55922942669,
ABW,1987,,,8244.04566011433,
ABW,1988,,,10056.2613927414,
ABW,1989,,,11507.2171509849,
ABW,1990,,0.0,12187.5363611898,
ABW,1991,,,13233.9905169683,
ABW,1992,,,13892.6051427736,
ABW,1993,,,14700.9598081521,
ABW,1994,,,16055.2877874337,
ABW,1995,,,16548.7173868987,
ABW,1996,,2.77,16620.9545555513,
ABW,1997,,,17750.0095644198,
ABW,1998,,,18828.0870594071,
ABW,1999,,4.51,19216.1972354472,25.6337509155273
ABW,2000,,15.4428229480349,20681.0230269625,28.3303394317627
ABW,2001,,17.1,20740.1325828172,28.8601303100586
ABW,2002,,18.8,21307.2482505267,28.5816898345947
ABW,2003,,20.8,21949.4859960868,30.3779106140137
ABW,2004,,23.0,23700.6319899197,30.352689743042
ABW,2005,,25.4,24171.8371325422,36.204231262207
ABW,2006,,28.0,24845.65848362,34.2268714904785
ABW,2007,,30.9,26736.3089444046,34.8968086242676
ABW,2008,,52.0,28171.9094008501,35.0970611572266
ABW,2009,,58.0,25134.7712303589,34.4308586120605
ABW,2010,,62.0,24093.1401510626,36.0625305175781
ABW,2011,,69.0,25712.3843015186,37.8648109436035
ABW,2012,,74.0,25119.6655449838,38.8641815185547
ABW,2013,,78.9,25813.5714408438,17.1258697509766
ABW,2014,,83.78,26129.8390617693,17.7518997192383
ABW,2015,,88.661226932496,27458.2201537506,16.7312393188477
ABW,2016,,93.542453865048,27441.5502144601,17.1416206359863
ABW,2017,,97.17,28440.0416881491,
ABW,2018,,,30082.1584226798,
ABW,2019,,,30654.4851235397,
ABW,2020,,,22664.3709949437,
ABW,2021,,,26827.3447869986,
ABW,2022,,,31000.5713798732,
ABW,2023,,,34897.6183932009,
ABW,2024,,,38590.5650288641,14.0655418559377
AFE,1960,,,186.089514881165,
AFE,1961,,,186.909365228821,
AFE,1962,,,197.36787649827,
AFE,1963,,,225.400455705208,
AFE,1964,,,208.963065980073,
AFE,1965,,,226.836513295836,
AFE,1966,,,240.912196125435,
AFE,1967,,,243.77399986481,
AFE,1968,,,257.144252415425,
AFE,1969,,,281.579363776427,
AFE,1970,,,276.733386190782,1.88971996307373
AFE,1971,,,294.814654215325,1.82993996143341
AFE,1972,,,311.465573381367,1.93185997009277
AFE,1973,,,389.729674712988,1.89342999458313
AFE,1974,,,463.469548850461,1.97111999988556
AFE,1975,,,479.079597720244,2.0278000831604
AFE,1976,,,468.775304383329,2.06860995292664
AFE,1977,,,518.359550068184,2.10810995101929
AFE,1978,,,571.618271488354,2.19693994522095
AFE,1979,,,634.449175277502,2.24832010269165
AFE,1980,,,773.302496295457,2.31379008293152
AFE,1981,,,777.6292577402,2.37480998039246
AFE,1982,,,725.548722322091,2.54147005081177
AFE,1983,,,732.346683664132,2.57652997970581
AFE,1984,,,650.347927128187,2.61872005462646
AFE,1985,,,554.222221130921,2.71170997619629
AFE,1986,,,578.318417094435,2.80894994735718
AFE,1987,,,664.792922745199,2.90907001495361
AFE,1988,,,704.143241259139,3.01823997497559
AFE,1989,,,728.244534303378,3.1723198890686
AFE,1990,,,822.404371825312,3.19349002838135
AFE,1991,8.05080898877577,,864.175528692201,3.32539010047913
AFE,1992,8.15827337351447,,732.912138733145,3.44453001022339
AFE,1993,8.15590989808314,,709.324717855605,3.58260989189148
AFE,1994,8.02210049864685,,700.7732953765,3.75828003883362
AFE,1995,7.77389399169686,,766.524210648196,3.77903008460998
AFE,1996,7.6816226939442,,746.78858138152,3.79064011573792
AFE,1997,7.64190636706094,,767.400692604526,3.8187301158905
AFE,1998,7.68263780767572,,697.08057901383,3.85899996757507
AFE,1999,7.72993010885893,,670.425331746839,3.8215799331665
AFE,2000,7.66876829683373,,706.728440776917,3.99448990821838
AFE,2001,7.55388452430262,,625.82886019759,4.2595100402832
AFE,2002,7.51149338877195,,630.513380226995,4.5005898475647
AFE,2003,7.4720424200925,,815.433657549659,4.8099799156189
AFE,2004,7.27852246959678,,989.017114690163,5.12434005737305
AFE,2005,7.10041371887931,1.8,1126.29920363201,5.39512014389038
AFE,2006,7.03560059961336,1.9,1235.17087902029,5.67903995513916
AFE,2007,6.98058891496815,2.7,1381.4452514345,5.82964992523193
AFE,2008,6.95926232871186,3.0,1447.42777531825,6.22163009643555
AFE,2009,7.02933493362019,3.5,1408.61565890435,6.78540992736816
AFE,2010,7.33948885318777,5.3,1628.76857300184,7.34631013870239
AFE,2011,7.303350943492,6.8,1761.83829586572,7.71177005767822
AFE,2012,7.10873740350119,8.4,1731.86909640114,7.9946699142456
AFE,2013,6.88972223038428,10.0,1705.83900348854,8.18673038482666
AFE,2014,6.86242857576034,12.1,1689.98238051624,8.29104042053223
AFE,2015,6.9309412585873,14.3,1498.71597073834,8.43400001525879
AFE,2016,7.07442880999326,16.3,1335.7431649955,8.57314014434814
AFE,2017,7.21491501896869,17.3,1529.92307995549,8.71269035339355
AFE,2018,7.24484282680541,19.6,1553.61794421394,8.7509298324585
AFE,2019,7.45910636823544,21.6,1508.0315245887,8.67273044586182
AFE,2020,7.97430164130982,23.5,1351.50316694933,8.71187019348145
AFE,2021,8.40741154700022,25.0,1560.89462580275,8.66186046600342
AFE,2022,7.86947018999245,26.8,1675.90252377611,
AFE,2023,7.67654773372157,27.8,1571.13270407815,
AFE,2024,7.57169749274654,28.8,1628.22728900442,
AFE,2025,7.53923324035891,30.4,1722.38561960923,
AFG,1970,,,,0.769559979438782
AFG,1971,,,,0.928269982337952
AFG,1972,,,,0.959540009498596
AFG,1973,,,,1.10443997383118
AFG,1974,,,,1.03191995620727
AFG,1975,,,,1.12305998802185
AFG,1976,,,,1.26918995380402
AFG,1977,,,,1.40902996063232
AFG,1978,,,,1.80000996589661
AFG,1979,,,,1.91846001148224
AFG,1982,,,,2.01694989204407
AFG,1986,,,,2.19022011756897
AFG,1987,,,,1.71459996700287
AFG,1990,,0.0,,2.21519994735718
AFG,1991,7.972,,,
AFG,1992,7.958,,,
AFG,1993,7.908,,,
AFG,1994,7.883,,,
AFG,1995,7.868,,,
AFG,1996,7.878,,,
AFG,1997,7.863,,,
AFG,1998,7.869,,,
AFG,1999,7.877,,,
AFG,2000,7.897,,174.930991430166,
AFG,2001,7.973,0.00472256824217368,138.706821676113,
AFG,2002,7.867,0.00456139517022146,178.954088379235,
AFG,2003,7.844,0.0878912528559713,198.871115728727,1.37434995174408
AFG,2004,7.794,0.105809030021958,221.763653873013,1.39064002037048
AFG,2005,7.878,1.22414808372471,254.184249149336,
AFG,2006,7.897,2.10712364546412,274.218553561575,
AFG,2007,7.841,1.899999976,376.223152003876,
AFG,2008,7.879,1.84,381.73323802844,
AFG,2009,7.808,3.55,452.053705477043,3.93815994262695
AFG,2010,7.809,4.0,560.621505463146,
AFG,2011,7.83,5.0,606.694676337726,3.68686008453369
AFG,2012,7.875,5.454500198,651.417134470046,
AFG,2013,7.921,5.900000095,637.087099117099,
AFG,2014,7.915,7.0,625.054941813938,8.39764022827148
AFG,2015,9.032,8.260000229,565.569730408751,
AFG,2016,10.116,11.0,522.082215583898,
AFG,2017,11.184,13.5,525.469770891619,
AFG,2018,11.192,16.79999924,491.337221382603,9.99592018127441
AFG,2019,11.187,17.60000038,496.6025042585,
AFG,2020,11.71,17.04850006,510.787063366811,10.85435962677
AFG,2021,12.006,16.51429939,356.496214115892,
AFG,2022,14.1,15.86629963,357.261152798144,
AFG,2023,14.008,15.92840004,413.757894705303,
AFG,2024,13.687,16.09499931,416.871146273728,
AFG,2025,13.351,,,
AFW,1960,,,121.936832429715,
AFW,1961,,,127.451039943698,
AFW,1962,,,133.823783489337,
AFW,1963,,,139.004980086033,
AFW,1964,,,148.551510474249,
AFW,1965,,,155.587905462706,
AFW,1966,,,162.172975137283,
AFW,1967,,,145.046759038793,
AFW,1968,,,146.345421077107,
AFW,1969,,,162.083035227276,
AFW,1970,,,218.842959502359,0.617680013179779
AFW,1971,,,196.013807534283,0.619029998779297
AFW,1972,,,230.250571421405,0.66184002161026
AFW,1973,,,280.866692944744,0.72408002614975
AFW,1974,,,368.588335603968,0.78600001335144
AFW,1975,,,413.697038224725,0.831439971923828
AFW,1976,,,480.833407101323,0.927500009536743
AFW,1977,,,491.235598667596,1.09012997150421
AFW,1978,,,524.205300336915,1.23221004009247
AFW,1979,,,625.377991903506,1.50065994262695
AFW,1980,,,763.633222562531,1.65649998188019
AFW,1981,,,1329.87864847601,1.9273099899292
AFW,1982,,,1165.24870867511,2.05622005462646
AFW,1983,,,874.938007279736,2.14419007301331
AFW,1984,,,739.489771475725,2.20619988441467
AFW,1985,,,755.925041737799,2.3889799118042
AFW,1986,,,583.666693671393,2.51521992683411
AFW,1987,,,584.103649735645,2.47387003898621
AFW,1988,,,563.879072074372,2.65233993530273
AFW,1989,,,513.173056234633,2.77177000045776
AFW,1990,,,593.83151352357,2.87589001655579
AFW,1991,4.15800759981861,,608.66899836783,2.97762989997864
AFW,1992,4.24675578183281,,567.92629883876,3.11690998077393
AFW,1993,4.36682360679359,,575.281709114721,3.29299998283386
AFW,1994,4.39040299907666,,580.801466185621,3.45100998878479
AFW,1995,4.39327114704215,,867.818658269009,3.59401988983154
AFW,1996,4.32685070034471,,1070.83624374512,3.78765988349915
AFW,1997,4.29679829052344,,1093.0671762104,4.01411008834839
AFW,1998,4.30483459729659,,1142.84454396881,4.16986989974976
AFW,1999,4.49044730082985,,524.453105656825,4.33806991577148
AFW,2000,4.53131047835059,,519.642599510731,4.95100021362305
AFW,2001,4.46563029423928,,533.677179675639,5.43233013153076
AFW,2002,4.27392083907488,,620.160708220684,5.93669986724854
AFW,2003,4.1682062921006,,698.41059773746,6.43214988708496
AFW,2004,4.08698904128015,,839.345851531298,6.620689868927
AFW,2005,4.09641162927698,2.3,1001.134464675,7.03709983825684
AFW,2006,3.96900207619704,3.4,1236.31604057497,7.09086990356445
AFW,2007,3.94820495192994,4.3,1407.72881703262,7.31161022186279
AFW,2008,3.96808904592347,5.0,1668.61565308526,7.55156993865967
AFW,2009,4.00441257217998,5.8,1455.22391926317,7.67314004898071
AFW,2010,3.99179170645225,7.3,1664.49204549878,7.94076013565063
AFW,2011,3.97007365881551,8.7,1846.10292552744,8.23383045196533
AFW,2012,3.98291438560293,10.3,1943.37255535786,8.61141014099121
AFW,2013,3.71010995935874,12.6,2134.24752369303,9.13339042663574
AFW,2014,3.89018286622866,15.0,2224.32958643376,9.39218044281006
AFW,2015,4.1727731083969,18.6,1863.40151301991,9.45302963256836
AFW,2016,4.16910166908106,20.9,1632.42497788744,9.26937007904053
AFW,2017,4.28464574730964,23.8,1577.20349674013,9.39776039123535
AFW,2018,4.33609979249296,25.7,1723.11446346681,9.58899021148682
AFW,2019,4.39390284484525,28.5,2219.41255534667,9.73875999450684
AFW,2020,4.7993062016358,31.5,2034.43793971923,9.93537998199463
AFW,2021,4.67076109003218,34.7,2116.9382941844,10.1902599334717
AFW,2022,3.59653801462938,37.5,2143.07209365676,
AFW,2023,3.20335496340002,38.5,1846.24681069313,
AFW,2024,3.17491538811068,40.0,1416.22841156776,
AFW,2025,3.19297271435272,42.4,1600.05837434388,
AGO,1980,,,729.111965489818,
AGO,1981,,,657.982648547394,
AGO,1982,,,634.221467312778,
AGO,1983,,,636.83281102292,
AGO,1984,,,650.491094413218,
AGO,1985,,,772.468832586262,
AGO,1986,,,697.52660239925,
AGO,1987,,,770.10114008645,
AGO,1988,,,807.439628386237,0.581809997558594
AGO,1989,,,907.747893072933,0.5659099817276
AGO,1990,,0.0,965.866840464665,0.594919979572296
AGO,1991,16.816,,881.919488130062,0.60505998134613
AGO,1992,16.959,,668.706017459877,0.573329985141754
AGO,1993,17.44,,449.727894936295,
AGO,1994,17.444,,334.973590276074,
AGO,1995,16.978,,404.29481849612,
AGO,1996,16.177,0.000776,531.115366543271,
AGO,1997,16.064,0.00567,521.70291489053,
AGO,1998,16.29,0.0185,429.188126933192,0.613650023937225
AGO,1999,16.543,0.072,392.725539027496,0.554629981517792
AGO,2000,16.646,0.105045562462262,563.733795571487,
AGO,2001,16.668,0.136013867429868,533.586202412447,
AGO,2002,16.432,0.270376745595134,999.065855956628,0.783640027046204
AGO,2003,16.445,0.370682065225727,1133.66331960414,2.87620997428894
AGO,2004,16.313,0.464814617985909,1451.47117870872,2.14597010612488
AGO,2005,16.295,1.143399954,2145.88621098663,2.6385600566864
AGO,2006,16.123,1.5,2930.44428606516,2.55977010726929
AGO,2007,16.066,1.700000048,3515.05678985496,
AGO,2008,16.152,1.899999976,4578.15526451058,
AGO,2009,16.383,2.299999952,3645.14846565169,
AGO,2010,16.595,2.799999952,4101.63715564669,
AGO,2011,16.77,4.699999809,5184.15269151846,6.44004138280629
AGO,2012,16.539,7.699999809,5702.45306277434,
AGO,2013,16.464,13.0,5688.57916213471,9.22339720175662
AGO,2014,16.372,21.3623407584103,5649.68762467535,
AGO,2015,16.472,22.0,3641.72893920253,8.78320868033121
AGO,2016,16.572,23.20000076,2082.37343594705,9.78287696232453
AGO,2017,16.617,26.0,2832.14997950512,
AGO,2018,16.602,29.0,2891.83032378747,
AGO,2019,16.497,32.12939835,2507.86807213642,
AGO,2020,16.696,33.32089996,1749.1794838482,
AGO,2021,15.799,34.55649948,2266.96834861584,
AGO,2022,14.124,35.83800125,3598.53669077341,
AGO,2023,14.051,37.88589859,2885.51349130806,10.04935810264
AGO,2024,14.02,40.70479965,2720.81900669715,9.9549065722902
AGO,2025,14.108,,3129.47662331063,
ALB,1971,,,,12.8983097076416
ALB,1972,,,,13.9605598449707
ALB,1978,,,,5.39772987365723
ALB,1980,,,590.607738430529,
ALB,1981,,,663.2942082544,4.82242012023926
ALB,1982,,,668.454504242454,
ALB,1983,,,661.546782448624,5.62990999221802
ALB,1984,,,639.484730161417,6.34281015396118
ALB,1985,,,639.865903755552,6.89037990570068
ALB,1986,,,693.873474633887,7.06284999847412
ALB,1987,,,674.793383069492,7.123459815979
ALB,1988,,,652.774321396566,7.46460008621216
ALB,1989,,,697.995596576519,7.76358985900879
ALB,1990,,0.0,617.230435515505,8.0117301940918
ALB,1991,10.304,,336.586994504629,8.63831043243408
ALB,1992,30.007,,200.852219772323,9.12522029876709
ALB,1993,25.251,,367.279225077581,11.0173997879028
ALB,1994,20.835,,586.416135130865,10.4434404373169
ALB,1995,14.607,0.0112,911.320465445326,10.0794801712036
ALB,1996,13.928,0.0322,1020.97618050188,11.0262098312378
ALB,1997,16.872,0.0486,728.545523729675,12.8083696365356
ALB,1998,20.042,0.065,831.175344077295,13.6314601898193
ALB,1999,20.835,0.0814,1056.34481153033,14.7700595855713
ALB,2000,19.023,0.114097346552109,1160.42047054038,15.3867101669312
ALB,2001,18.57,0.325798377067964,1326.41652388077,15.4820499420166
ALB,2002,17.891,0.39008127343332,1479.83884572006,16.3895606994629
ALB,2003,16.985,0.971900415195857,1908.69900687608,16.3662395477295
ALB,2004,16.306,2.42038779776014,2446.90949947798,19.1295795440674
ALB,2005,15.966,6.04389086404814,2741.72136549578,22.389009475708
ALB,2006,15.626,9.609999657,3057.77257038113,26.2101001739502
ALB,2007,15.966,15.03610039,3743.05529896187,30.2319297790527
ALB,2008,13.06,23.86,4498.50486763601,31.6839599609375
ALB,2009,13.674,41.2,4213.65007574693,32.9239883422852
ALB,2010,14.086,45.0,4149.14469936847,43.3279304504395
ALB,2011,13.481,47.0,4465.70914328865,49.3997040639925
ALB,2012,13.376,49.40000153,4280.93316338873,58.6214186004979
ALB,2013,15.866,51.79999924,4542.92903556739,63.8440585382953
ALB,2014,18.055,54.29999924,4793.59751131525,65.5507096860696
ALB,2015,17.193,56.90000153,4199.53912925398,61.9608485481051
ALB,2016,15.418,59.59999847,4457.63412207495,58.4884791901189
ALB,2017,13.616,62.40000153,5006.36012951959,58.0177836674929
ALB,2018,12.304,65.40000153,5897.65452588774,56.0802964109938
ALB,2019,11.466,68.5503911218006,6069.43903131027,61.4085141527142
ALB,2020,11.639,72.23767711,6027.91350716348,61.5853024328899
ALB,2021,11.474,79.32371752,7242.45513146613,59.9698690125562
ALB,2022,10.785,82.61367544,7756.96188744253,62.647921513098
ALB,2023,10.669,83.13559161,9740.7023414631,64.7293520237257
ALB,2024,10.689,85.86389923,11374.0085781236,84.1496200561523
ALB,2025,10.926,,12998.147869552,
AND,1970,,,3935.41127779609,
AND,1971,,,4169.69537103885,
AND,1972,,,4940.29696239207,
AND,1973,,,6151.02717030722,
AND,1974,,,7139.5745119838,
AND,1975,,,7925.41577090452,
AND,1976,,,7721.28858646797,
AND,1977,,,8167.92286159334,
AND,1978,,,9409.50851272793,
AND,1979,,,11996.4072860354,
AND,1980,,,12474.9252919904,
AND,1981,,,10465.2604643624,
AND,1982,,,9697.52201994133,
AND,1983,,,8082.09152017435,
AND,1984,,,7808.13002713549,
AND,1985,,,7911.98436223964,
AND,1986,,,10539.1177869653,
AND,1987,,,12828.1519430152,
AND,1988,,,14599.0355178798,
AND,1989,,,15714.9265516576,
AND,1990,,0.0,19563.6574722488,
AND,1991,,,19533.2620668023,
AND,1992,,,20099.5352208543,
AND,1993,,,15916.8395162087,
AND,1994,,,15748.5307503373,
AND,1995,,,18443.2545197741,
AND,1996,,1.53,19130.1597151312,
AND,1997,,3.05,18247.9995651361,
AND,1998,,6.89,18536.5084282698,
AND,1999,,7.64,18875.2869134938,
AND,2000,,10.53883560922,21810.2487426174,
AND,2001,,,23511.2951466328,
AND,2002,,11.2604687170103,26528.1301571494,7.31105995178223
AND,2003,,13.546412876439,34063.5784040571,8.82861995697021
AND,2004,,26.8379543894637,39021.1278078772,8.74967002868652
AND,2005,,37.6057662174867,40829.801878928,8.41534996032715
AND,2006,,48.9368469989479,43467.210990395,9.89391040802002
AND,2007,,70.87,48336.2283340364,
AND,2008,,70.04,49132.5157047203,10.986120223999
AND,2009,,78.53,43975.0183658196,
AND,2010,,81.0,42746.830952263,
AND,2011,,81.0,46657.1561204071,
AND,2012,,82.69999695,41500.5435782722,12.870249017038
AND,2013,,84.40000153,42470.3161158563,14.5405405405405
AND,2014,,86.09999847,44369.6596894579,13.5399673735726
AND,2015,,87.90000153,38654.9347217207,13.8206896551724
AND,2016,,89.69999695,40129.8192026671,15.2011095700416
AND,2017,,91.5674670273926,40672.9943362327,15.6664896441848
AND,2018,,93.5,42819.774579353,15.7132150886835
AND,2019,,90.71869659,41257.8045861543,15.4352596927579
AND,2020,,93.20570374,37361.090067211,15.2605749006777
AND,2021,,93.89749908,42425.6996761083,15.4117647058823
AND,2022,,94.05169678,42414.0590111349,34.6414389161411
AND,2023,,94.21499634,46812.448450114,62.4106937082277
AND,2024,,94.39759827,49357.437070178,67.6767676767677
AND,2025,,,54291.5026031052,
ARB,1961,,,212.904077957274,
ARB,1962,,,210.819688258812,
ARB,1963,,,225.815918956392,
ARB,1964,,,243.913946117719,
ARB,1965,,,256.197486658733,
ARB,1966,,,263.968711194813,
ARB,1967,,,276.951725344184,
ARB,1968,,,307.557624001515,
ARB,1969,,,329.453728084893,
ARB,1970,,,357.718964213401,12.7094001770019
ARB,1971,,,402.822307878809,5.39283990859985
ARB,1972,,,470.227429575094,5.61168003082275
ARB,1973,,,602.507540554094,5.91309022903442
ARB,1974,,,1125.04298783644,6.26859998703003
ARB,1975,,,1205.55545155929,6.74680995941162
ARB,1976,,,1458.24312176101,7.33316993713379
ARB,1977,,,1630.46941328609,7.75063991546631
ARB,1978,,,1728.32241737205,7.55993986129761
ARB,1979,,,2251.65780045901,7.6641697883606
ARB,1980,,,2954.3040924934,7.99777984619141
ARB,1981,,,2911.18187901911,8.51006031036377
ARB,1982,,,2640.78244926857,8.87298011779785
ARB,1983,,,2417.45335889985,9.06667995452881
ARB,1984,,,2358.21631644132,9.33497047424316
ARB,1985,,,2247.904750665,9.36201953887939
ARB,1986,,,2042.47838250205,9.68360996246338
ARB,1987,,,2108.46557162979,9.79909992218018
ARB,1988,,,2041.96127119429,13.7320003509522
ARB,1989,,,2117.69361013073,9.67932987213135
ARB,1990,,,2875.13052297717,9.73840045928955
ARB,1991,11.9097573121416,,2048.70583682981,9.47113037109375
ARB,1992,12.1536912884058,,1996.28830839149,10.0868196487427
ARB,1993,12.9097459716624,,1987.7533220326,10.910590171814
ARB,1994,13.012183394794,,2018.66808626545,11.8772401809692
ARB,1995,13.5049205239265,,2080.99805208098,12.6549396514893
ARB,1996,12.4585943877988,,2193.85954411939,13.5704402923584
ARB,1997,11.9963600041588,,2305.60949452905,14.5025501251221
ARB,1998,11.9519989476751,,2192.58945184653,15.4457502365112
ARB,1999,12.1410531058538,,2378.91256945477,16.7325000762939
ARB,2000,12.6227231888262,,2664.12544702947,16.8672409057617
ARB,2001,12.49820212983,,2536.15266480025,17.4352397918701
ARB,2002,12.5062276655765,,2483.50270297478,18.2287998199463
ARB,2003,12.4496966444039,,2696.67250919404,18.2871894836426
ARB,2004,11.4271164700074,,3133.70136960221,19.4084701538086
ARB,2005,11.2344112966755,,3750.69817199291,20.39501953125
ARB,2006,10.5176425576734,,4355.05761532494,20.922119140625
ARB,2007,10.1456780757217,,4940.70153714799,21.5595207214356
ARB,2008,9.87515901443002,,6100.53937632387,22.4240398406982
ARB,2009,9.46079216862091,,5142.65633137166,23.2823505401611
ARB,2010,9.57178825247491,,5957.50539498481,24.0447006225586
ARB,2011,10.6873951414609,,6924.20289420703,23.5923805236816
ARB,2012,11.0650966632009,,7392.55638357541,24.9674091339111
ARB,2013,11.0350018909533,,7384.79221541888,26.6111106872559
ARB,2014,11.0319261608507,,7347.6211570264,27.9501495361328
ARB,2015,11.1524464292006,,6299.87807685552,29.4163494110107
ARB,2016,10.8617161429412,,6051.26103619544,29.9698600769043
ARB,2017,11.1152019032057,,6105.92161804571,30.7080307006836
ARB,2018,10.6546406452031,,6708.53121256784,31.8304405212402
ARB,2019,10.2137182910936,,6683.67016877686,32.1644706726074
ARB,2020,11.2951503646669,,5749.75163256627,32.7869911193848
ARB,2021,10.8627489086684,,6708.20761928893,32.6684608459473
ARB,2022,9.74413095599936,,7960.81158770821,32.7095909118652
ARB,2023,9.31338863204988,,7504.35637695627,33.2456398010254
ARB,2024,9.26592419265215,,7602.41115691284,35.0803985595703
ARB,2025,9.19017299614363,,7544.41435641482,
ARE,1970,,,2394.06811471055,
ARE,1971,,,2805.42642722587,
ARE,1972,,,3675.41681419534,
ARE,1973,,,9695.81418807304,
ARE,1974,,,23822.9715560307,
ARE,1975,,,27117.1912424652,
ARE,1976,,,31197.0663668344,
ARE,1977,,,35020.1986905139,
ARE,1978,,,29379.0712926859,
ARE,1979,,,34238.1739475153,
ARE,1980,,,42925.208420888,
ARE,1981,,,44854.5234553512,
ARE,1982,,,39972.4918171729,
ARE,1983,,,34650.0446364828,
ARE,1984,,,32012.2967090452,
ARE,1985,,,29467.5280764905,
ARE,1986,,,23132.0442453994,
ARE,1987,,,23112.5558111632,
ARE,1988,,,21569.6710149303,
ARE,1989,,,23166.7140459133,
ARE,1990,,0.0,26709.9567949611,
ARE,1991,1.629,,25690.9151233865,
ARE,1992,1.715,,25648.2807476605,
ARE,1993,1.901,,25032.8269272198,
ARE,1994,1.834,,25472.6470660889,
ARE,1995,1.8,0.103,27003.1753753727,
ARE,1996,1.836,0.375,28323.1586889615,
ARE,1997,1.906,3.3,27982.752550093,
ARE,1998,2.068,6.91,24889.4426807231,
ARE,1999,2.195,14.9,25855.8379155488,
ARE,2000,2.25,23.6253008751553,29865.5285002232,
ARE,2001,2.443,26.2717542010006,27745.1684523079,
ARE,2002,2.659,28.3164853110439,27753.5810466782,
ARE,2003,2.903,29.4779534120864,29659.5710296993,
ARE,2004,2.965,30.1312961695367,33376.6880534412,
ARE,2005,3.12,40.0,38719.3138285388,
ARE,2006,2.964,52.0,44342.603055045,
ARE,2007,2.934,61.0,45854.7352436978,
ARE,2008,2.818,63.0,50054.1700685968,
ARE,2009,2.932,64.0,37803.0663737818,
ARE,2010,2.798,68.0,44795.2846234991,
ARE,2011,2.587,78.0,51921.8890746408,
ARE,2012,2.323,84.9999915049492,53141.6251661086,
ARE,2013,2.125,88.0,53247.2278745159,
ARE,2014,1.999,90.4000107121939,52725.2307981936,
ARE,2015,1.793,90.5,44910.3458860776,
ARE,2016,1.64,90.6000073180483,42721.1136110991,
ARE,2017,2.462,94.8199225383446,43733.6242018215,
ARE,2018,2.236,98.4500017817194,47135.3478795605,53.2113281680102
ARE,2019,2.331,99.1499979561243,45938.6084572227,53.8814655213653
ARE,2020,4.294,100.0,37991.738387966,54.9746998074699
ARE,2021,3.105,100.0,44118.4936214315,56.4520334436146
ARE,2022,2.872,100.0,50759.7590190204,60.4188226013954
ARE,2023,2.151,100.0,49850.6945082084,61.3456114422447
ARE,2024,2.16,100.0,50273.5126243239,63.7384451086316
ARE,2025,2.174,,,
ARG,1960,,,778.251706763404,
ARG,1961,,,971.338043308372,
ARG,1962,,,870.217490905403,
ARG,1963,,,852.972425139433,
ARG,1964,,,1176.20086190313,
ARG,1965,,,1281.83337976859,
ARG,1966,,,1275.07843418966,
ARG,1967,,,1063.93283833587,
ARG,1968,,,1141.95211617341,
ARG,1969,,,1329.56181832409,
ARG,1970,,,1322.71454216808,13.2804498672485
ARG,1971,,,1372.50746646061,15.310640335083
ARG,1972,,,1409.37097316211,16.4729194641113
ARG,1973,,,2097.89945010806,19.5783805847168
ARG,1974,,,2844.96990526761,22.702169418335
ARG,1975,,,2026.68435752865,26.914270401001
ARG,1976,,,1946.91990388248,26.9438800811768
ARG,1977,,,2126.48546048047,23.9531192779541
ARG,1978,,,3282.06304446289,21.2025909423828
ARG,1979,,,2511.97332905958,22.0105895996094
ARG,1980,,,2747.5022751674,21.5650291442871
ARG,1981,,,2764.08641421079,22.9634208679199
ARG,1982,,,2914.76708504176,23.6957092285156
ARG,1983,,,3537.7473459832,24.7786998748779
ARG,1984,,,3915.03492645691,28.727560043335
ARG,1985,,,2905.77565536137,35.6665916442871
ARG,1986,,,3436.07819471053,37.8025398254395
ARG,1987,,,3477.30131979313,39.7573585510254
ARG,1988,,,3992.70330179156,
ARG,1989,,,2374.57321551641,
ARG,1990,,0.0,4315.33403111588,
ARG,1991,5.44,,5709.24784079504,38.3296699523926
ARG,1992,6.36,0.00299,6789.99611136495,
ARG,1993,10.1,0.0295,6931.85596375876,
ARG,1994,11.76,0.0437,7437.56242327594,37.3899002075195
ARG,1995,18.8,0.0863,7357.6162773788,
ARG,1996,17.11,0.142,7663.21271287469,
ARG,1997,14.82,0.28,8146.78710021431,
ARG,1998,12.65,0.831,8218.99212764682,47.9862289428711
ARG,1999,14.05,3.28,7705.54288252851,49.5107002258301
ARG,2000,15.0,7.0386830862178,7637.01489203628,54.0843505859375
ARG,2001,17.32,9.78080728532407,7141.47507662826,58.4697608947754
ARG,2002,19.59,10.8821243775325,2569.69963519124,61.7228813171387
ARG,2003,15.36,11.9136965509954,3320.47775133903,64.0304870605469
ARG,2004,13.522,16.0366841054923,4242.02099089422,64.5891418457031
ARG,2005,11.506,17.7205833696065,5067.65342293276,63.4893112182617
ARG,2006,10.078,20.9272021035896,5869.38028970204,66.9444732666016
ARG,2007,8.47,25.9466329403819,7185.25155147027,66.6672210693359
ARG,2008,7.837,28.1126234799907,8944.1102657357,68.5610733032227
ARG,2009,8.645,34.0,8150.23527028221,70.6931915283203
ARG,2010,7.714,45.0,10260.1313108254,73.803669361107
ARG,2011,7.18,51.0,12704.2831819684,77.0101185060955
ARG,2012,7.217,55.79999924,12949.717486654,78.1465174294761
ARG,2013,7.1,59.90000153,12963.675773326,78.5681646081939
ARG,2014,7.268,64.69999695,12233.1444119186,81.072589697739
ARG,2015,7.577,68.0430641088122,13679.6264980954,83.75569332589
ARG,2016,8.088,70.9689808206024,12699.9623137756,86.6743832906399
ARG,2017,8.347,74.2949068657957,14532.5009308511,89.3297346952415
ARG,2018,9.22,77.7,11752.7998922979,91.0846512732766
ARG,2019,9.843,79.9469520347551,9955.97478680428,95.1928240640628
ARG,2020,11.461,85.51438646,8535.59938004389,99.3697348717996
ARG,2021,8.736,87.15070683,10738.0179223384,107.219557633976
ARG,2022,6.805,88.37535691,13962.1894087223,107.103901423423
ARG,2023,6.139,89.22897166,14261.8465667948,107.822574129434
ARG,2024,7.15,89.66715228,13969.7836603737,
ARG,2025,7.145,,14898.0885943842,
ARM,1986,,,,18.5561790466309
ARM,1988,,,,19.5468807220459
ARM,1989,,,,20.9915599822998
ARM,1990,,0.0,635.355327502517,22.0238304138184
ARM,1991,1.774,,572.740260900977,23.5778503417969
ARM,1992,1.8,,356.350780006933,22.9340400695801
ARM,1993,5.3,,347.870644720878,22.5643806457519
ARM,1994,6.6,0.00912,390.879964297655,19.1631298065186
ARM,1995,6.7,0.0527,443.924860857976,19.5058898925781
ARM,1996,9.3,0.0946,487.068624404558,16.6888809204102
ARM,1997,10.8,0.112,505.035887057966,21.8644905090332
ARM,1998,9.4,0.129,590.239947333459,31.5830402374268
ARM,1999,11.2,0.971,582.669886150895,32.2853813171387
ARM,2000,11.107,1.30047002237784,593.450581742282,32.5305213928223
ARM,2001,11.012,1.63109466677715,659.588988535629,31.3409194946289
ARM,2002,10.888,1.9604050458212,742.651118319819,33.9618911743164
ARM,2003,10.769,4.57521722477781,882.030167695474,35.0657081604004
ARM,2004,10.676,4.8990085713054,1130.08791444158,35.8360900878906
ARM,2005,10.584,5.252999783,1557.48458908655,37.7094497680664
ARM,2006,10.497,5.631800175,2041.65267068997,41.5903587341309
ARM,2007,10.394,6.021299839,2962.70234594569,44.4558410644531
ARM,2008,17.1,6.21,3777.66859313767,46.5244903564453
ARM,2009,19.295,15.30000019,2820.5926553347,49.0897102355957
ARM,2010,19.523,25.0,3041.34450723339,50.5839875932926
ARM,2011,18.884,32.0,3349.55309771906,51.2949290708131
ARM,2012,17.511,37.5,3511.56399687426,44.4855719494927
ARM,2013,16.576,41.9,3680.16692158886,44.8347790892711
ARM,2014,17.498,54.6228058583362,3852.11800610384,47.7150849538629
ARM,2015,18.261,59.1008337674937,3512.39350276709,48.7313687040259
ARM,2016,17.617,64.3460297653742,3524.42476874707,54.3432877365993
ARM,2017,17.704,64.7448843250726,3869.05373867752,55.5065519523494
ARM,2018,18.966,68.2450522610271,4196.00562301769,57.4585357681354
ARM,2019,18.304,66.5439496866159,4597.22887399548,53.5944174785534
ARM,2020,18.175,76.50770055,4268.68093304583,52.3331534448642
ARM,2021,15.469,78.61225758,4685.17997128509,56.6235144830279
ARM,2022,13.451,77.02767465,6571.97445545099,57.1818422625098
ARM,2023,12.405,79.99663036,8159.08720967996,56.2770051010456
ARM,2024,12.405,81.33930206,8556.21406956719,52.7748065090859
ARM,2025,12.871,,9474.01849300368,
ASM,1971,,,,0.0
ASM,1989,,,,19.6201190948486
ASM,1990,,0.0,,
ASM,2002,,,8972.69636535698,
ASM,2003,,,9197.66196836987,
ASM,2004,,,8958.42866697173,
ASM,2005,,,8831.26975996609,
ASM,2006,,,8745.16621137404,
ASM,2007,,,9231.37240924563,
ASM,2008,,,10030.8089130902,
ASM,2009,,,12156.0293905777,
ASM,2010,,,10375.1720141957,
ASM,2011,,,10383.459331451,
ASM,2012,,,11745.4899153958,
ASM,2013,,,11813.5022034589,
ASM,2014,,,12026.3344929488,
ASM,2015,,,12727.4102651386,
ASM,2016,,,12843.3342903627,
ASM,2017,,,11863.6839452565,
ASM,2018,,,12552.0546868861,
ASM,2019,,,12886.1359517218,
ASM,2020,,,14489.2586563775,
ASM,2021,,,15236.1604875571,
ASM,2022,,,18017.4589383973,
ATG,1977,,,1213.67021714646,
ATG,1978,,,1374.82027453607,
ATG,1979,,,1705.14199048287,
ATG,1980,,,2053.10327921275,
ATG,1981,,,2310.19699820442,
ATG,1982,,,2569.18182363887,
ATG,1983,,,2846.99335735773,
ATG,1984,,,3270.7810304062,
ATG,1985,,,3814.3142290779,
ATG,1986,,,4629.45676400154,
ATG,1987,,,5424.36847756962,
ATG,1988,,,6466.15683473424,
ATG,1989,,,7187.90484128028,
ATG,1990,,0.0,7590.75442423046,
ATG,1991,,,7956.47430919648,
ATG,1992,,,8153.73786307269,
ATG,1993,,,8624.62016806628,
ATG,1994,,,9351.48753768505,
ATG,1995,,2.2,9034.47552907143,
ATG,1996,,2.86,9756.08717951992,
ATG,1997,,3.48,10336.2591617838,
ATG,1998,,4.07,10906.8785406961,
ATG,1999,,5.3,11342.3349230913,
ATG,2000,,6.48222573702907,12027.4949768222,
ATG,2001,,8.89928551450583,11539.1825063308,
ATG,2002,,12.5,11658.6949915956,
ATG,2003,,17.2286487816884,12173.2319860305,
ATG,2004,,24.2665437161785,13037.8895772257,
ATG,2005,,27.0,14368.5708796058,
ATG,2006,,30.0,16173.8136329968,
ATG,2007,,34.0,18204.5124043068,
ATG,2008,,38.0,18786.6743142216,
ATG,2009,,42.0,16472.2478528568,14.8930101394653
ATG,2010,,47.0,15217.3950790922,16.6952054794521
ATG,2011,,52.0,14911.7275084471,15.1060820367751
ATG,2012,,58.0,15639.8078114787,25.1156271899089
ATG,2013,,63.40000153,15051.5113587425,
ATG,2014,,67.77999878,15532.1062063584,
ATG,2015,,70.0,16077.6340769406,
ATG,2016,,70.27159882,16556.8551801588,
ATG,2017,,70.54419708,16965.7288273816,
ATG,2018,,70.81790161,18273.4270684912,
ATG,2019,,71.09259796,18896.3721832248,
ATG,2020,,71.36840057,15369.6082250401,
ATG,2021,,71.64530182,17348.6006987182,
ATG,2022,,71.9233017,20003.3909394099,
ATG,2023,,72.12409973,22012.2625947994,
ATG,2024,,72.73040009,23059.8330702839,
ATG,2025,,,24819.2454680158,
AUS,1960,,,1813.43109917039,
AUS,1961,,,1880.48489498232,
AUS,1962,,,1857.56127281956,
AUS,1963,,,1970.17748417817,
AUS,1964,,,2134.48946124608,
AUS,1965,,,2284.35582738664,
AUS,1966,,,2347.37656646515,
AUS,1967,,,2583.9075241973,
AUS,1968,,,2728.23426114901,
AUS,1969,,,2995.86119857452,
AUS,1970,,,3309.76306254362,
AUS,1971,,,3500.33603195606,
AUS,1972,,,3955.22430403017,
AUS,1973,,,4777.513168995,
AUS,1974,,,6491.74521621099,
AUS,1975,,,7013.67159761514,
AUS,1976,,,7497.28175413577,
AUS,1977,,,7786.4080406928,
AUS,1978,,,8264.43890373653,
AUS,1979,,,9307.82127950011,
AUS,1980,,,10223.2886675105,
AUS,1981,,,11870.8633077339,
AUS,1982,,,12797.6758959809,
AUS,1983,,,11532.4028055582,
AUS,1984,,,12436.2969052038,
AUS,1985,,,11455.379711213,
AUS,1986,,,11406.1093011037,
AUS,1987,,,11665.5298271811,
AUS,1988,,,14303.093047615,
AUS,1989,,,17857.5520554588,
AUS,1990,,0.585,18273.561526468,
AUS,1991,9.586,1.1,18885.4274465057,
AUS,1992,10.733,1.77,18650.3675476612,
AUS,1993,10.879,1.97,17724.5399501656,
AUS,1994,9.724,2.23,18155.6282000179,
AUS,1995,8.473,2.76,20479.1748274233,
AUS,1996,8.509,3.28,22055.838490507,
AUS,1997,8.367,16.4,23683.4948964934,
AUS,1998,7.684,30.8,21516.0403147759,
AUS,1999,6.876,40.8,20749.6443779096,
AUS,2000,6.288,46.7561156116738,21908.9968019784,
AUS,2001,6.747,52.6892664310395,19733.6510102645,
AUS,2002,6.375,,20335.0960191023,
AUS,2003,5.933,,23757.5898471684,
AUS,2004,5.399,,30886.0500949401,
AUS,2005,5.036,63.0,34535.20727091,
AUS,2006,4.785,66.0,36658.8243476122,
AUS,2007,4.381,69.45,41128.2476618402,
AUS,2008,4.242,71.67,49811.2067218988,
AUS,2009,5.565,74.25,42954.8494884573,
AUS,2010,5.214,76.0,52313.8939041213,
AUS,2011,5.083,79.4876977139029,62799.3895017032,
AUS,2012,5.225,79.0,68301.4402512587,
AUS,2013,5.663,83.453497167,68476.6788496118,
AUS,2014,6.078,84.0,62817.2061751737,
AUS,2015,6.055,84.5605149091408,56970.3613028094,119.679389953613
AUS,2016,5.711,86.54000092,50084.4440606385,119.682777404785
AUS,2017,5.592,86.5450488476768,54117.547718609,109.993309020996
AUS,2018,5.345,90.0082016,57410.1737346009,103.322090148926
AUS,2019,5.143,93.60990143,55194.7585097428,109.759559631348
AUS,2020,6.394,94.6934967,51983.4523666382,110.139221191406
AUS,2021,5.022,96.97219849,60758.9044397144,112.688293457031
AUS,2022,3.728,96.11940002,65169.5191118657,106.240760803223
AUS,2023,3.668,96.1160965,65058.3773146674,104.64835357666
AUS,2024,3.942,96.13140106,64609.9865116088,108.421989440918
AUS,2025,4.09,,65129.7227990563,
AUT,1960,,,939.914814681174,
AUT,1961,,,1036.72820436083,
AUT,1962,,,1093.01419061569,
AUT,1963,,,1172.55744626178,
AUT,1964,,,1275.45715281679,
AUT,1965,,,1381.07725824421,
AUT,1966,,,1494.04911382106,
AUT,1967,,,1577.14147705169,
AUT,1968,,,1685.66211669148,
AUT,1969,,,1834.0780781796,
AUT,1970,,,2050.7051537705,
AUT,1971,,,2371.65247955003,
AUT,1972,,,2912.59577111524,
AUT,1973,,,3875.48305618551,
AUT,1974,,,4612.61920779656,
AUT,1975,,,5264.91772004051,
AUT,1976,,,5656.1451383787,
AUT,1977,,,6783.95142193665,
AUT,1978,,,8173.32926347245,
AUT,1979,,,9755.4044562579,
AUT,1980,,,10826.9718274995,
AUT,1981,,,9348.48832395232,
AUT,1982,,,9373.48820626125,
AUT,1983,,,9500.05070417494,
AUT,1984,,,8955.84829191534,
AUT,1985,,,9136.17092559695,
AUT,1986,,,13031.8281010744,
AUT,1987,,,16328.5613047296,
AUT,1988,,,17509.7658683817,
AUT,1989,,,17400.5226619741,
AUT,1990,,0.13,21596.068219998,
AUT,1991,3.42,0.259,22323.1312492943,
AUT,1992,3.59,0.643,24782.7118767063,
AUT,1993,4.25,0.765,23987.2037240657,
AUT,1994,3.535,1.39,25546.2460525087,
AUT,1995,4.345,1.89,30207.0674314652,
AUT,1996,5.282,6.91,29645.9451251491,
AUT,1997,5.15,9.53,26571.7523626508,
AUT,1998,5.483,15.4,27212.4642905708,
AUT,1999,4.699,23.0,27078.7081612201,
AUT,2000,4.687,33.7301329516915,24487.2974685956,
AUT,2001,4.007,39.1854501811114,24430.495982841,
AUT,2002,4.852,36.56,26334.862215032,
AUT,2003,4.779,42.7,32110.1159661425,
AUT,2004,5.969,54.28,36614.2506533707,
AUT,2005,5.682,58.0,38157.37022862,
AUT,2006,5.32,63.6,40382.2078298575,
AUT,2007,4.909,69.37,46622.9622913635,63.8021202087402
AUT,2008,4.198,72.87,51581.3982361071,66.1983871459961
AUT,2009,5.371,73.45,47857.4446635266,67.9915771484375
AUT,2010,4.883,75.17,46611.1393420232,75.0402526855469
AUT,2011,4.637,78.7399930986888,51116.8953522042,77.2625122070312
AUT,2012,4.909,80.0299939169903,48250.4059142637,79.5471267700195
AUT,2013,5.367,80.6188,50305.3545774973,80.9616012573242
AUT,2014,5.674,80.9958249574764,51314.9722616322,81.0195693969727
AUT,2015,5.802,83.9401419315026,43915.228020857,82.2563095092773
AUT,2016,6.064,84.3237425711653,45061.4993920192,82.8496932983398
AUT,2017,5.561,87.9355865856062,47163.7425775142,83.8392562866211
AUT,2018,4.933,87.4791372262556,51194.0749841299,85.8698883056641
AUT,2019,4.56,87.7522047870069,49885.9947355204,86.3234329223633
AUT,2020,5.201,87.52942813,48716.4098900349,88.7071990966797
AUT,2021,6.459,92.52915104,53648.6437976214,93.940071105957
AUT,2022,4.992,93.61409139,52336.7725223758,94.5116882324219
AUT,2023,5.264,95.33467117,56579.504175468,91.6818237304688
AUT,2024,5.2,94.91974877,58268.8787651601,92.6126708984375
AUT,2025,5.582,91.92573373,62930.0351324599,
AZE,1990,,0.0,1238.27189274842,
AZE,1991,0.9,,734.944232805688,
AZE,1992,1.8,,60.2351205405972,
AZE,1993,4.5,,209.530954548425,
AZE,1994,6.3,0.00143,157.063549947072,
AZE,1995,7.2,0.00206,314.55801908334,
AZE,1996,8.1,0.00635,409.185543774103,
AZE,1997,9.1,0.0252,505.516204188336,
AZE,1998,10.0,0.0375,561.906807871869,
AZE,1999,10.9,0.0992,573.893528734031,
AZE,2000,11.78,0.147757575623251,655.097249579917,
AZE,2001,10.91,0.305564637615618,703.670998584686,
AZE,2002,10.04,4.99971367812957,763.108895463487,
AZE,2003,9.17,,883.692580745256,
AZE,2004,7.99,,1045.0136328106,
AZE,2005,7.26,8.030400276,1578.36733030667,
AZE,2006,6.62,11.9921999,2472.95725732287,19.7894592285156
AZE,2007,6.33,14.53999996,3851.33015175141,19.3645992279053
AZE,2008,5.86,17.08,5574.46810432575,19.0478897094727
AZE,2009,5.74,27.4,4950.39949009423,19.057710647583
AZE,2010,5.63,46.0,5843.5337683582,19.2600431394615
AZE,2011,5.42,50.0,7189.81869211976,19.6473062365442
AZE,2012,5.19,54.20000076,7495.86527658099,20.4384614704139
AZE,2013,4.97,73.000001372,7875.34536661549,21.4404253568261
AZE,2014,4.91,75.0000156363396,7890.84028062087,23.1597349800287
AZE,2015,4.96,77.0,5500.50364628486,25.4831961094662
AZE,2016,5.0,78.2,3880.6852276838,27.2368629930846
AZE,2017,5.0,79.0,4147.1981423222,28.4670565431322
AZE,2018,4.9,79.7999954887896,4739.7943123408,28.9724903670069
AZE,2019,5.0,81.0999990651547,4805.75371765917,32.9221812477847
AZE,2020,7.24,84.59999573,4229.91064904503,36.3854742250215
AZE,2021,6.04,85.99998954,5408.04535175023,39.0095977224788
AZE,2022,5.65,88.0,7770.594223351,41.0017793895325
AZE,2023,5.64,89.0,7133.02838048328,41.3907560278377
AZE,2024,5.648,90.43979645,7294.64276088105,41.3413783372226
AZE,2025,5.457,90.80000181,7410.72281660142,
BDI,1960,,,70.9051000304602,
BDI,1961,,,71.601929936627,
BDI,1962,,,73.4195979769892,
BDI,1963,,,78.3711983234119,
BDI,1964,,,85.3337286665685,
BDI,1965,,,50.613304005219,
BDI,1966,,,51.4128738171299,
BDI,1967,,,54.0181425269089,
BDI,1968,,,54.1949782672812,
BDI,1969,,,55.058838902942,
BDI,1970,,,68.7543539795049,
BDI,1971,,,69.8982817558359,0.153439998626709
BDI,1972,,,68.2321917909931,0.152759999036789
BDI,1973,,,84.2581069284158,0.155389994382858
BDI,1974,,,93.2240048340913,0.226860001683235
BDI,1975,,,110.884827490053,0.227899998426437
BDI,1976,,,115.492131774523,0.281199991703033
BDI,1977,,,137.448044387076,
BDI,1978,,,148.823232512919,
BDI,1979,,,186.152273604962,0.447210013866425
BDI,1980,,,209.805736668168,0.462680011987686
BDI,1981,,,212.23033189707,0.443080008029938
BDI,1982,,,216.43619143507,0.490969985723495
BDI,1983,,,225.209524508283,
BDI,1984,,,200.375711827241,0.558409988880157
BDI,1985,,,228.440542564696,0.578610002994537
BDI,1986,,,234.281244809988,0.639429986476898
BDI,1987,,,215.608311467483,0.623340010643005
BDI,1988,,,201.740400815807,0.727800011634827
BDI,1989,,,203.578944192449,0.726930022239685
BDI,1990,,0.0,202.629446176297,0.681379973888397
BDI,1991,3.147,0.0,204.668258398817,0.755699992179871
BDI,1992,3.131,0.0,184.868970456447,0.786339998245239
BDI,1993,3.094,0.0,165.344120319403,0.828920006752014
BDI,1994,3.106,0.0,161.892584261635,
BDI,1995,3.095,0.0,164.915311679326,
BDI,1996,3.095,0.000804,143.156741187159,
BDI,1997,3.124,0.00798,160.278342046962,
BDI,1998,3.156,0.0158,144.456948255536,0.864509999752045
BDI,1999,3.133,0.0392,127.51419578119,0.916909992694855
BDI,2000,3.137,0.077248447383456,134.537861752389,1.05474996566773
BDI,2001,3.154,0.106001245363203,132.159554541932,1.03059995174408
BDI,2002,3.168,0.118228412267794,120.952308575468,1.60111999511719
BDI,2003,3.145,0.201273196735924,111.406682804391,
BDI,2004,3.177,0.349060461879596,125.194965184533,2.10109996795654
BDI,2005,3.162,0.542100012,147.234619294225,2.13503003120422
BDI,2006,3.185,0.657599986,161.892755640319,2.16554999351502
BDI,2007,2.404,0.7,166.162744906755,2.26625990867615
BDI,2008,1.634,0.81,189.502074570768,2.49793004989624
BDI,2009,1.622,0.899999976,198.431524048225,2.6779100894928
BDI,2010,1.615,1.0,216.727705301976,3.05528938002435
BDI,2011,1.602,1.110000014,230.069761381132,
BDI,2012,1.593,1.220000029,231.098787811507,2.92052732762984
BDI,2013,1.584,1.2642181112,234.844770150871,3.70341642841244
BDI,2014,1.572,1.04239212643994,250.544492155185,4.46892058042299
BDI,2015,1.449,2.0,254.402585226788,5.25856537918645
BDI,2016,1.352,2.200000048,232.937812100153,3.97908916361797
BDI,2017,1.25,2.6607485347534,246.060725714184,4.30528005798307
BDI,2018,1.147,4.019499779,245.661678332009,4.55281922933846
BDI,2019,1.043,6.072199821,234.31061590725,
BDI,2020,1.03,6.430099964,252.702452750006,
BDI,2021,1.118,6.777999878,264.172844085398,
BDI,2022,0.909,7.144800186,301.832255755105,
BDI,2023,0.911,7.172299862,249.795164039029,6.02545976638794
BDI,2024,0.915,8.595999718,216.231928531758,
BDI,2025,0.922,,233.823013385395,6.38454008102417
BEL,1960,,,1290.28607216192,
BEL,1961,,,1367.78885228138,
BEL,1962,,,1457.26516998378,
BEL,1963,,,1555.02293182578,
BEL,1964,,,1724.01894179056,
BEL,1965,,,1859.50998671639,
BEL,1966,,,1983.13119821777,
BEL,1967,,,2113.82194132888,
BEL,1968,,,2251.31575906782,
BEL,1969,,,2490.1071730838,
BEL,1970,,,2765.89099664794,
BEL,1971,,,3082.92798879126,
BEL,1972,,,3831.63189999433,
BEL,1973,,,4900.96220075866,
BEL,1974,,,5733.79813933878,
BEL,1975,,,6701.37736052433,
BEL,1976,,,7243.04734119583,
BEL,1977,,,8426.94695947372,
BEL,1978,,,10289.7684173296,
BEL,1979,,,11810.6158754725,
BEL,1980,,,12864.0025661396,
BEL,1981,,,10622.8024830789,
BEL,1982,,,9343.86109959618,
BEL,1983,,,8846.23429846974,
BEL,1984,,,8457.26880316374,
BEL,1985,,,8750.81851250536,
BEL,1986,,,12170.0406962702,
BEL,1987,,,15135.8523116968,
BEL,1988,,,16391.093827791,
BEL,1989,,,16525.0617432848,
BEL,1990,,0.00101,20600.3752789827,
BEL,1991,6.984,0.0201,21041.6606519648,
BEL,1992,6.702,0.1,23372.619171015,
BEL,1993,8.078,0.199,22283.9360213551,
BEL,1994,9.645,0.696,24208.5547931447,
BEL,1995,9.337,0.992,28413.8264387368,
BEL,1996,9.483,2.97,27489.5551770488,
BEL,1997,8.95,4.94,24820.9380503896,
BEL,1998,9.322,7.89,25338.4432934904,
BEL,1999,8.649,13.8,25252.8019066564,
BEL,2000,6.586,29.4316916924341,23098.8865077401,
BEL,2001,6.178,31.2883955056566,23015.0712632462,56.7148895263672
BEL,2002,6.91,46.33,25006.191397109,58.1100807189941
BEL,2003,7.68,49.97,30655.2092679024,59.6124610900879
BEL,2004,7.363,53.86,35429.4077933344,62.0411491394043
BEL,2005,8.44,55.81999969,36809.7013403619,62.8203315734863
BEL,2006,8.246,61.9818700222023,38705.1067959147,63.3717384338379
BEL,2007,7.459,66.7604202433135,44319.165448813,62.461841583252
BEL,2008,6.976,68.8573221425131,48303.397956286,62.7642097473145
BEL,2009,7.908,74.5441455527336,44923.3400135081,64.9798431396484
BEL,2010,8.293,77.6397855126946,44197.393671162,66.8578872680664
BEL,2011,7.14,81.6099959955952,47760.8298776546,67.7034072875977
BEL,2012,7.542,80.7199905482042,44874.1709182123,69.7490615844727
BEL,2013,8.425,82.1702,46964.5946777056,71.7841110229492
BEL,2014,8.523,85.0012379539925,47995.7786961339,74.0397262573242
BEL,2015,8.482,85.0529417508701,40893.804537772,76.423942565918
BEL,2016,7.83,86.5164766644457,41854.5498296444,77.2435073852539
BEL,2017,7.09,87.6796808175598,44035.3239358548,80.7738189697266
BEL,2018,5.941,88.6473429951691,47487.2100392561,79.1237487792969
BEL,2019,5.364,90.275428012141,46716.6227467964,79.3044815063477
BEL,2020,5.545,91.52641629,45906.2875805246,79.4996032714844
BEL,2021,6.248,92.78867618,51658.238294958,82.6882019042969
BEL,2022,5.57,94.00783071,50639.0264882739,83.5736465454102
BEL,2023,5.547,94.62625074,55244.68145811,82.1475601196289
BEL,2024,5.7,95.77579144,56581.9375642531,
BEL,2025,5.906,,60750.2735864647,
BEN,1960,,,89.8569246539715,
BEN,1961,,,92.085848129765,
BEN,1962,,,90.7738610077473,
BEN,1963,,,95.7167369761973,
BEN,1964,,,99.7850246017255,
BEN,1965,,,105.117986938927,
BEN,1966,,,107.637211853532,
BEN,1967,,,106.58624185995,
BEN,1968,,,111.211494175445,
BEN,1969,,,110.314794748212,
BEN,1970,,,108.848779482547,
BEN,1971,,,106.889292742067,0.121500000357628
BEN,1972,,,127.927157014331,0.222859993577004
BEN,1973,,,153.609468135703,0.408630013465881
BEN,1974,,,164.946594142916,0.673799991607666
BEN,1975,,,196.455786019338,0.650449991226196
BEN,1976,,,197.726361142541,0.702579975128174
BEN,1977,,,207.012962247396,0.928269982337952
BEN,1978,,,249.802926180538,1.02020001411438
BEN,1979,,,310.651387084352,0.900799989700317
BEN,1980,,,358.003054209903,0.974849998950958
BEN,1981,,,319.718185970269,1.33398997783661
BEN,1982,,,305.0040635075,1.582200050354
BEN,1983,,,255.983601560726,1.70726001262665
BEN,1984,,,238.574457355381,1.76051998138428
BEN,1985,,,230.434117218913,1.81951999664307
BEN,1986,,,285.771551064424,2.18576002120972
BEN,1987,,,324.253765166191,2.07451009750366
BEN,1988,,,326.179757700303,2.01651000976562
BEN,1989,,,293.321949550953,2.15107011795044
BEN,1990,,0.0,371.101604332357,1.9679399728775
BEN,1991,1.637,,364.689296016645,2.25591993331909
BEN,1992,1.51,,301.77329696287,2.13378000259399
BEN,1993,1.494,,387.310054813122,1.94243001937866
BEN,1994,1.453,,262.129807445074,1.89841997623444
BEN,1995,1.305,,348.435238914394,1.97397005558014
BEN,1996,1.246,0.00169,369.394384135736,1.99114000797272
BEN,1997,1.1,0.0246,344.550491498963,2.43330001831055
BEN,1998,1.048,0.0479,361.601983057505,
BEN,1999,0.949,0.155,525.130597245974,3.09658002853394
BEN,2000,0.864,0.225247851473369,487.424141384242,3.49604988098144
BEN,2001,0.766,0.363417890016082,492.401499509072,4.20038986206055
BEN,2002,0.69,0.7029455951039,546.463829658159,4.92833995819092
BEN,2003,0.747,0.951327114915695,676.002878084282,5.43203020095825
BEN,2004,0.79,1.18254096518994,758.695803786371,5.47938013076782
BEN,2005,0.859,1.271000028,779.437777753268,5.41120004653931
BEN,2006,0.888,1.537899971,809.147072506221,6.20295000076294
BEN,2007,0.902,1.79,912.338247188342,7.43086004257202
BEN,2008,0.895,1.85,1060.60254502099,7.34216022491455
BEN,2009,0.95,2.24,1024.10277858112,9.3462495803833
BEN,2010,1.04,3.13,973.244254931526,12.6081895828247
BEN,2011,2.647,4.14832306562512,1059.41358852588,11.8088598251343
BEN,2012,2.458,4.5,1071.5258366283,12.8605403900147
BEN,2013,2.198,4.900000095,1168.92699279226,14.7752199172974
BEN,2014,1.952,6.0,1204.39918670094,14.6916198730469
BEN,2015,1.886,11.25500011,1002.41886879614,12.4851799011231
BEN,2016,1.834,14.5,1010.5338961993,11.9529895782471
BEN,2017,1.691,18.7,1054.97408066814,11.337929725647
BEN,2018,1.426,19.0,1151.7409703472,11.5739097595215
BEN,2019,1.214,20.50099945,1130.82135339795,10.3906803131103
BEN,2020,1.518,22.12059975,1200.19426557789,10.3808002471924
BEN,2021,1.833,28.20470047,1318.65158075198,9.82796955108643
BEN,2022,1.685,30.53730011,1266.42711031904,10.2350101470947
BEN,2023,1.641,32.39400101,1394.17784721831,
BEN,2024,1.637,33.98379898,1485.38018885134,
BEN,2025,1.589,,1658.27312662991,
BFA,1960,,,69.1502456087615,
BFA,1961,,,72.2423787062462,
BFA,1962,,,77.1529279288175,
BFA,1963,,,78.9087736712073,
BFA,1964,,,80.9147887718582,
BFA,1965,,,82.0746159924647,
BFA,1966,,,82.8360664864243,
BFA,1967,,,84.6272011419546,
BFA,1968,,,84.9737848392287,
BFA,1969,,,86.7555395725224,
BFA,1970,,,81.707563219742,
BFA,1971,,,84.5149375676447,0.0391299985349178
BFA,1972,,,99.6335814933813,0.0499299988150597
BFA,1973,,,114.137669473515,0.0592299997806549
BFA,1974,,,124.671435503255,0.0918599963188171
BFA,1975,,,152.901529606747,0.106890000402927
BFA,1976,,,155.485422740659,0.211730003356934
BFA,1977,,,175.963864454284,0.189649999141693
BFA,1978,,,223.879111971163,0.2274100035429
BFA,1979,,,258.501729034845,0.231639996170998
BFA,1980,,,277.597531370181,0.213699996471405
BFA,1981,,,248.707973908892,0.277289986610413
BFA,1982,,,239.019483569339,0.419779986143112
BFA,1983,,,211.925740542196,0.488929986953735
BFA,1984,,,187.832224278391,0.523060023784637
BFA,1985,,,194.063226299244,0.572809994220734
BFA,1986,,,247.459134637104,0.591409981250763
BFA,1987,,,280.218092226592,0.618170022964478
BFA,1988,,,301.129214663833,0.659489989280701
BFA,1989,,,293.188703727147,0.737389981746674
BFA,1990,,0.0,338.593759055128,0.744490027427673
BFA,1991,2.467,,333.70605512636,0.695360004901886
BFA,1992,2.505,,348.592443894547,0.928770005702972
BFA,1993,2.426,,324.111576707435,1.0837299823761
BFA,1994,2.58,,187.21142372606,1.05731999874115
BFA,1995,2.532,,229.092294496817,1.1000200510025
BFA,1996,2.446,0.000961,242.733171352672,1.05685997009277
BFA,1997,2.412,0.0187,223.853958525611,0.968949973583221
BFA,1998,2.44,0.0454,249.53173292493,
BFA,1999,2.552,0.0618,292.836958697313,0.983640015125275
BFA,2000,2.687,0.0770801689426014,248.908526921752,
BFA,2001,2.748,0.157732464653607,259.485223380436,1.11434996128082
BFA,2002,2.862,0.200992597925001,285.654087637533,1.34107005596161
BFA,2003,2.78,0.373440303233526,362.373899996953,1.50508999824524
BFA,2004,3.48,0.400295285492178,403.81283743461,
BFA,2005,4.0,0.469900012,441.164148016012,2.14314007759094
BFA,2006,3.67,0.632700026,455.513655620024,2.25787997245789
BFA,2007,3.3,0.75,514.684451177238,2.40549993515015
BFA,2008,3.501,0.920000017,619.437533256264,2.92968010902405
BFA,2009,3.723,1.129999995,601.569520671859,3.26682996749878
BFA,2010,3.725,2.400000095,624.957252224766,3.34944579587797
BFA,2011,3.827,3.0,725.024767725475,3.91906920981907
BFA,2012,3.849,3.724999905,731.470138867833,4.33792685706514
BFA,2013,4.054,5.0,759.762065168498,4.57338342077701
BFA,2014,4.255,6.0,764.861675106225,4.89539917725699
BFA,2015,4.472,6.545700073,630.124750752312,4.90356866333498
BFA,2016,4.598,7.140999794,663.742364842886,5.40541465878063
BFA,2017,4.662,7.790400028,709.091535894695,5.8341880408112
BFA,2018,4.695,8.498900414,777.465618514048,6.31826110291158
BFA,2019,4.493,9.27180600953186,764.853077774946,6.90532594926159
BFA,2020,4.59,12.97319984,825.237038782475,7.64277062242324
BFA,2021,4.511,18.1522007,895.535288442991,9.30513098594236
BFA,2022,3.828,25.3987999,827.330843486661,9.67069485831779
BFA,2023,3.601,25.36120033,873.198061670247,10.1078755635882
BFA,2024,3.441,28.25270081,982.493100418428,10.0419678526515
BFA,2025,3.477,,1147.57131635601,
BGD,1960,,,82.4812774116354,
BGD,1961,,,90.3685786294248,
BGD,1962,,,92.5894211769315,
BGD,1963,,,94.1423742967849,
BGD,1964,,,92.5782977938389,
BGD,1965,,,98.6041470420746,
BGD,1966,,,104.42205467886,
BGD,1967,,,114.209881696109,
BGD,1968,,,114.414967470375,
BGD,1969,,,125.880311698198,
BGD,1970,,,130.218160844955,1.99936997890472
BGD,1971,,,124.533963099152,
BGD,1972,,,87.773765191476,2.14808988571167
BGD,1973,,,109.691726756912,2.13984990119934
BGD,1974,,,164.986393602814,2.67875003814697
BGD,1975,,,249.804254016022,
BGD,1976,,,126.693044204437,2.15117001533508
BGD,1977,,,117.887771379224,2.39165997505188
BGD,1978,,,158.324255152285,1.97737002372742
BGD,1979,,,181.130706703135,2.90539002418518
BGD,1980,,,206.075714312155,2.93219995498657
BGD,1981,,,224.241392391192,2.92474007606506
BGD,1982,,,199.595944646851,3.59085988998413
BGD,1983,,,184.70677287459,4.55327987670898
BGD,1984,,,193.435020976238,5.03801012039185
BGD,1985,,,222.22018039634,5.20755004882812
BGD,1986,,,212.14899385306,5.1406397819519
BGD,1987,,,231.499584520483,4.47925996780396
BGD,1988,,,247.901465967332,3.86227011680603
BGD,1989,,,263.005720827547,3.81795001029968
BGD,1990,,0.0,283.053737055234,4.3600001335144
BGD,1991,2.2,,272.064948495878,
BGD,1992,2.233,,273.465072520272,
BGD,1993,2.31,,280.757274450366,
BGD,1994,2.37,,280.603031791216,
BGD,1995,2.441,,309.458680823367,
BGD,1996,2.51,,371.917937677345,
BGD,1997,2.698,0.000751,379.284917709635,
BGD,1998,2.893,0.00368,385.616881752796,
BGD,1999,3.088,0.0362,388.095684268235,5.28646993637085
BGD,2000,3.27,0.0710394230507683,396.670730249751,5.25165987014771
BGD,2001,3.609,0.129807973947512,394.65641001891,6.17244005203247
BGD,2002,3.966,0.13992028850905,393.886422327628,5.91559982299805
BGD,2003,4.32,0.163877665498048,426.74880754362,5.99128007888794
BGD,2004,4.316,0.199036333744363,455.614016909798,5.55667018890381
BGD,2005,4.25,0.241600007,480.08585075452,6.13484001159668
BGD,2006,3.591,1.0,490.388026533289,7.07040023803711
BGD,2007,4.015,1.799999952,537.955492792911,7.66305017471313
BGD,2008,4.49,2.5,613.06204104124,8.62265968322754
BGD,2009,5.0,3.099999905,679.211477428056,10.4939298629761
BGD,2010,3.379,3.700000048,757.385280361508,
BGD,2011,3.737,4.5,837.336944695647,13.2663245348367
BGD,2012,4.07,5.0,859.680536375497,13.4211598649529
BGD,2013,4.426,6.63,958.262989798283,13.4900578063704
BGD,2014,4.417,9.052900314,1094.46199702838,13.5777392703559
BGD,2015,4.397,12.36880016,1224.38647668165,15.5739926180902
BGD,2016,4.35,16.89909935,1649.28380858601,17.3985207411042
BGD,2017,4.372,21.5,1811.08221668646,18.5175604399834
BGD,2018,4.439,25.56509972,1965.24372731467,19.5710492453779
BGD,2019,4.504,30.38310051,2129.79896954606,22.7094642473405
BGD,2020,5.539,36.10910034,2248.85078828233,22.6923019564501
BGD,2021,5.457,38.91744466,2482.84917843357,23.9006822335243
BGD,2022,4.593,41.61650085,2716.48592780431,23.5005059888653
BGD,2023,3.352,44.50274195,2551.01773827307,24.2003442708621
BGD,2024,3.635,53.42171316,2593.41611680774,23.7295608009814
BGD,2025,3.778,,2597.34352335275,
BGR,1980,,,2261.40777337626,
BGR,1981,,,2255.69919739254,
BGR,1982,,,2220.77040858016,
BGR,1983,,,1897.05569911743,
BGR,1984,,,1943.03299680243,
BGR,1985,,,1959.95517315529,
BGR,1986,,,2261.7950288324,
BGR,1987,,,3168.83077926411,
BGR,1988,,,2561.16929364177,
BGR,1989,,,2449.74147116744,
BGR,1990,,0.0,2377.3707947508,
BGR,1991,11.1,,883.739622070812,
BGR,1992,15.3,,1007.34296439412,
BGR,1993,16.4,0.00234,1278.5223581096,
BGR,1994,12.8,0.0195,1149.89347084177,
BGR,1995,11.1,0.12,2259.36679369328,
BGR,1996,12.5,0.725,1470.26721873691,
BGR,1997,13.7,1.22,1361.47904618155,
BGR,1998,12.2,1.84,1820.5415264678,
BGR,1999,14.1,2.91,1660.9935924411,
BGR,2000,16.218,5.37092346908696,1621.3452487867,
BGR,2001,19.921,7.6122977487982,1770.99748249575,41.0407791137695
BGR,2002,18.11,9.08,2093.08967660564,41.4290084838867
BGR,2003,13.733,12.04,2719.63335037372,42.8536109924316
BGR,2004,12.037,18.13,3389.86047992391,43.6935691833496
BGR,2005,10.083,19.97,3900.02501966492,46.225269317627
BGR,2006,8.951,27.09,4523.37797301782,47.7948303222656
BGR,2007,6.878,33.64,5888.87094585161,51.2403411865234
BGR,2008,5.609,39.67,7271.67443724077,52.6504096984863
BGR,2009,6.817,45.0,6988.63048446496,55.0083694458008
BGR,2010,10.279,46.23,6854.2987837778,58.354850769043
BGR,2011,11.26,47.9799930506026,7849.98219737366,59.8246803283691
BGR,2012,12.27,51.8999876658503,7432.33753378983,62.1616516113281
BGR,2013,12.941,53.0615,7796.37945241455,68.2013397216797
BGR,2014,11.424,55.4903766299262,8070.01289303544,72.981559753418
BGR,2015,9.143,56.6562516053086,7269.02586513711,78.2999572753906
BGR,2016,7.575,59.825547661014,7822.89886431732,80.6399612426758
BGR,2017,6.164,63.4101013837926,8697.13373333715,81.2245864868164
BGR,2018,5.211,64.78201069118,9849.88769989118,83.134880065918
BGR,2019,4.148,67.9469809417603,10354.2500414088,84.7503128051758
BGR,2020,5.037,70.16248359,10760.7616180234,85.5331115722656
BGR,2021,5.166,75.27144583,12966.8085197381,85.3017501831055
BGR,2022,4.148,79.12686326,13999.9113358453,84.1293563842773
BGR,2023,4.319,80.38956462,15854.0192893772,79.8532333374023
BGR,2024,4.2,82.438955,17596.9167621233,69.5460433959961
BGR,2025,3.536,,20328.1667065538,
BHR,1970,,,1741.82245407152,
BHR,1971,,,1829.74070543315,1.39269995689392
BHR,1972,,,2205.917004377,1.33492994308472
BHR,1973,,,2981.09253134976,1.32795000076294
BHR,1974,,,3873.71629107511,2.06624007225037
BHR,1975,,,3880.44047162927,2.06067991256714
BHR,1976,,,5310.19132615533,2.01219010353088
BHR,1977,,,6358.42084195442,3.31736993789673
BHR,1978,,,6925.98893207436,3.13807988166809
BHR,1979,,,7890.82982494874,2.71871995925903
BHR,1980,,,9732.72587186027,3.25013995170593
BHR,1981,,,10556.5091718735,4.71670007705688
BHR,1982,,,10712.1529364009,5.67314004898071
BHR,1983,,,10598.8427157127,
BHR,1984,,,10696.9331055208,
BHR,1985,,,9648.65643032674,9.24752998352051
BHR,1986,,,7776.95657736318,8.91714000701904
BHR,1987,,,8332.91425406054,7.04086017608643
BHR,1988,,,8771.7853534009,10.3946304321289
BHR,1989,,,8833.41134256929,
BHR,1990,,0.0,9342.53891401688,
BHR,1991,1.047,,10434.1323962786,16.2764205932617
BHR,1992,0.968,,10460.1583222808,17.6800899505615
BHR,1993,0.882,,11151.871495742,18.3249492645264
BHR,1994,1.007,,11629.3595219612,16.9074897766113
BHR,1995,1.044,0.346,11900.9317778335,15.6648597717285
BHR,1996,1.177,0.843,12091.7802188235,15.3127403259277
BHR,1997,1.125,1.65,12254.6662583128,
BHR,1998,1.114,3.22,11625.0343768343,
BHR,1999,1.112,4.72,12123.3534715368,19.2530899047852
BHR,2000,1.081,6.15373254647607,14214.4836839343,
BHR,2001,1.118,15.0386342513918,13573.2339887597,
BHR,2002,1.137,18.0507208881153,13501.4708801425,
BHR,2003,1.126,21.5549449917804,14486.0269029822,25.1201400756836
BHR,2004,1.064,21.4586805077435,15963.9493171617,
BHR,2005,1.021,21.30369949,17966.1657837625,19.0136394500732
BHR,2006,1.021,28.24399948,19267.282615072,17.5358505249023
BHR,2007,1.006,32.91,20908.4042548073,
BHR,2008,1.015,51.95,23299.4992780392,
BHR,2009,1.07,53.0,19465.3140745038,
BHR,2010,1.13,55.0,21819.3291098099,
BHR,2011,1.21,76.9999665032303,25032.7867743333,46.3075025646345
BHR,2012,1.2,88.0,26438.6733230428,47.6811679519633
BHR,2013,1.184,90.0000397,26989.7601148469,44.1274788546413
BHR,2014,1.144,90.5031334814656,26451.7965647453,44.7866602427761
BHR,2015,1.164,93.4783007986129,23734.0551143019,45.6439860607554
BHR,2016,1.19,97.9999807024146,23800.001440631,46.7631772606016
BHR,2017,1.18,95.8781357543453,24784.7693514607,48.7280981931009
BHR,2018,1.188,98.6446725799886,26324.4066549559,50.2628341348842
BHR,2019,1.217,99.7015043807778,27259.7438599327,52.9045782700327
BHR,2020,1.765,99.67103159,24342.8444554718,54.4077922369055
BHR,2021,1.548,100.0,27147.8083882286,47.5015525503536
BHR,2022,1.265,100.0,30470.5219276023,50.3073760962771
BHR,2023,1.049,100.0,29290.1284215098,57.0562240948353
BHR,2024,1.084,100.0,29717.1424605273,58.3677241853667
BHR,2025,1.102,,30596.5794898885,
BHS,1960,,,1459.25382495907,
BHS,1961,,,1555.04660837439,
BHS,1962,,,1651.21861850222,
BHS,1963,,,1759.23692156911,
BHS,1964,,,1883.44386022276,
BHS,1965,,,2029.52341329301,
BHS,1966,,,2239.23963996539,
BHS,1967,,,2452.74763198925,
BHS,1968,,,2668.01498039262,
BHS,1969,,,3026.72757204421,
BHS,1970,,,2916.49998378221,
BHS,1971,,,3004.34356612542,
BHS,1972,,,3013.95016704496,
BHS,1973,,,3341.2852169669,
BHS,1974,,,3079.74014083821,
BHS,1975,,,2840.58965343091,
BHS,1976,,,2993.45923795227,
BHS,1977,,,3253.37543404956,28.8466396331787
BHS,1978,,,3720.04057901064,26.982120513916
BHS,1979,,,4994.08535249529,25.906759262085
BHS,1980,,,5742.58362505698,19.3137397766113
BHS,1981,,,6028.80641044063,17.0990505218506
BHS,1982,,,6559.46869259478,15.8115196228027
BHS,1983,,,7081.38194836084,11.8627195358276
BHS,1984,,,8201.70133768379,13.4133701324463
BHS,1985,,,9167.14687502469,14.3001403808594
BHS,1986,,,9600.599527833,16.0247592926025
BHS,1987,,,10361.3488079104,17.2592391967773
BHS,1988,,,10575.797153666,18.4946308135986
BHS,1989,,,11291.4764472044,
BHS,1990,,0.0,11473.3008389353,
BHS,1991,12.17,,11082.3528573617,
BHS,1992,14.81,,10873.4047501635,
BHS,1993,12.72,,10613.0658785813,
BHS,1994,13.83,,10991.2346674131,
BHS,1995,10.83,0.96,11374.6056703852,14.8425798416138
BHS,1996,11.46,1.75,11783.797197226,
BHS,1997,9.76,1.36,20367.5732702056,
BHS,1998,7.65,2.34,21667.448821694,
BHS,1999,7.45,3.76,24041.0933188158,
BHS,2000,7.118,8.0,24940.0775086078,
BHS,2001,6.87,11.8,25371.9237667614,
BHS,2002,9.05,18.0,26781.6195938652,
BHS,2003,10.84,20.0,26429.1247787663,
BHS,2004,10.2,22.0,26650.2934234303,
BHS,2005,10.2,25.0,28602.4181869995,
BHS,2006,7.54,26.0,29184.7865087908,
BHS,2007,7.88,27.0,30051.8489587756,
BHS,2008,8.18,31.54,29392.3824416397,
BHS,2009,14.25,33.88,27512.9130950084,
BHS,2010,14.435,43.0,27473.100430502,
BHS,2011,14.52,65.0,27090.8376801379,
BHS,2012,14.02,71.74819946,28552.0242683151,
BHS,2013,16.18,72.0,27642.7419759179,
BHS,2014,13.8,76.91999817,29137.2175632622,
BHS,2015,12.0,78.0,30719.405417469,
BHS,2016,12.7,80.0,30616.5363157284,
BHS,2017,9.8,80.59999847,31875.4881749619,
BHS,2018,10.0,83.0,32642.3353203452,
BHS,2019,9.336,90.69329834,33640.3369861278,
BHS,2020,12.016,92.4437027,26178.7537607708,
BHS,2021,11.078,92.34980011,30367.8605757708,
BHS,2022,9.25,92.2559967,34957.1613279737,
BHS,2023,8.645,92.38729858,38231.774484278,
BHS,2024,9.049,92.47270203,39455.4466548546,
BHS,2025,9.207,,,
BIH,1990,,0.0,1742.88262171767,
BIH,1991,17.55,,1373.37104472973,
BIH,1992,18.477,,1118.17569934079,
BIH,1993,19.408,,929.872118717018,
BIH,1994,20.17,,337.090896023259,
BIH,1995,20.944,,502.365980975339,
BIH,1996,21.682,0.0151,718.933797141505,
BIH,1997,22.586,0.0594,913.813399054859,
BIH,1998,23.494,0.144,1006.70479669823,
BIH,1999,24.441,0.194,1134.60298042083,
BIH,2000,25.446,1.08296074971207,1338.48059636261,15.3945398330688
BIH,2001,26.485,1.20052695129649,1387.89362942121,16.782470703125
BIH,2002,27.477,2.64826791361244,1606.5467454132,17.0357398986816
BIH,2003,28.424,3.96503683387051,2033.94700935864,18.8590297698975
BIH,2004,29.279,15.4689716227665,2452.6860917386,21.1273002624512
BIH,2005,30.218,21.3267010007738,2739.61076866057,24.1594295501709
BIH,2006,31.11,25.1223856852117,3166.12865344833,27.0378398895264
BIH,2007,28.984,27.92,3931.48948737505,30.7171401977539
BIH,2008,23.405,34.66,4841.69311934649,34.473949432373
BIH,2009,24.068,37.74,4539.91863774968,36.9575691223145
BIH,2010,27.312,42.75,4506.47828548389,38.5334587097168
BIH,2011,27.582,43.88769913,4982.69375768263,41.9769592285156
BIH,2012,28.01,45.0644989,4693.78899115381,44.7015495300293
BIH,2013,27.49,48.52130127,5034.56634817068,51.3600883483887
BIH,2014,27.517,49.91770172,5206.06573475132,54.1655807495117
BIH,2015,27.695,52.59999847,4662.25869219448,55.5336608886719
BIH,2016,25.408,60.2565354318987,4928.5665903114,56.9546089172363
BIH,2017,20.527,64.8920205128383,5345.01978766473,54.528678894043
BIH,2018,18.4,70.1201350394885,6047.84707207392,49.7987518310547
BIH,2019,15.692,69.9463476317266,6122.37541352353,46.6677894592285
BIH,2020,15.868,73.21175294,6130.31187968266,43.8039207458496
BIH,2021,14.897,75.67620138,7295.34378682258,45.0589485168457
BIH,2022,12.657,78.8455371,7655.59421024383,45.6063499450684
BIH,2023,10.668,83.3771539,8663.02326458629,45.5027618408203
BIH,2024,10.69,86.10091103,9397.90942855997,
BIH,2025,11.037,,10381.8460703874,
BLR,1971,,,,38.1856689453125
BLR,1976,,,,36.5447311401367
BLR,1980,,,,37.8886413574219
BLR,1981,,,,39.1479187011719
BLR,1982,,,,39.6135101318359
BLR,1983,,,,41.5657081604004
BLR,1984,,,,43.1753311157227
BLR,1985,,,,45.119930267334
BLR,1986,,,,46.2769012451172
BLR,1987,,,,47.3251914978027
BLR,1988,,,,47.8894996643066
BLR,1989,,,,48.534610748291
BLR,1990,,0.0,1706.64091882343,48.9211387634277
BLR,1991,0.6,,1805.45592531527,47.9793395996094
BLR,1992,3.1,,1658.08641281239,44.3892517089844
BLR,1993,8.5,,1589.51011343649,43.4634819030762
BLR,1994,12.8,0.000486,1460.00791360458,41.3819999694824
BLR,1995,17.7,0.00292,1370.69991385664,40.5794792175293
BLR,1996,24.4,0.0293,1427.26896385327,44.467098236084
BLR,1997,17.1,0.049,1396.44201900881,44.790599822998
BLR,1998,14.0,0.0739,1511.32531567314,48.6389083862305
BLR,1999,12.8,0.495,1210.6117195862,51.9174118041992
BLR,2000,12.193,1.86039812615388,1276.2880341,54.5108413696289
BLR,2001,11.561,4.30061602151712,1244.37318523431,56.5885696411133
BLR,2002,10.874,8.95097131467325,1479.38066337175,58.9719886779785
BLR,2003,10.191,,1819.52653114699,61.6584510803223
BLR,2004,9.463,,2378.33700470129,62.9585113525391
BLR,2005,8.759,,3126.07176665248,65.4601211547852
BLR,2006,8.066,16.2,3848.22350300163,68.3140869140625
BLR,2007,7.41,19.7,4735.48107556066,71.1050872802734
BLR,2008,6.728,23.0,6376.17569162063,71.3163528442383
BLR,2009,6.1,27.43,5352.48809190697,75.3678512573242
BLR,2010,6.052,31.8,6034.67885177216,80.1169697729485
BLR,2011,6.024,39.6488956598961,6527.6593428786,87.3373753061346
BLR,2012,5.962,46.91,6953.21591683101,93.4729592664074
BLR,2013,5.942,54.17,7998.0802045456,95.4975003100193
BLR,2014,5.908,59.0163187101542,8341.31809294883,94.316359554493
BLR,2015,5.881,62.230360906803,5967.05595058777,93.7888271999214
BLR,2016,5.844,71.1130457603832,5039.77560949445,91.5206757734477
BLR,2017,5.648,74.4364454136036,5785.54491935194,89.4706479354735
BLR,2018,4.763,79.1298866919307,6360.037502312,84.7097808751504
BLR,2019,4.165,82.7891520910901,6837.77339645635,81.2921953254514
BLR,2020,4.049,85.08791245,6542.85579976768,79.900160036935
BLR,2021,3.9,86.88841196,7489.71894713888,78.6027133367864
BLR,2022,3.574,89.50733148,7994.64806074889,77.0977334087936
BLR,2023,3.461,91.51249979,7896.75388295584,72.8250212584046
BLR,2024,3.458,94.26182128,8605.60954569694,70.1107509145358
BLR,2025,3.38,,10279.2547190723,
BLZ,1960,,,307.414508338751,
BLZ,1961,,,320.029476728041,
BLZ,1962,,,331.704794335727,
BLZ,1963,,,341.932583787017,
BLZ,1964,,,356.235408350011,
BLZ,1965,,,383.186435252354,
BLZ,1966,,,411.933019943696,
BLZ,1967,,,426.264071353746,
BLZ,1968,,,392.282566057727,
BLZ,1969,,,401.557990513297,
BLZ,1970,,,441.7894689257,
BLZ,1971,,,481.04464147376,1.07938003540039
BLZ,1972,,,529.356647508447,0.868780016899109
BLZ,1973,,,618.567502314442,
BLZ,1974,,,804.777863602367,0.914759993553162
BLZ,1975,,,906.486277401685,0.97095000743866
BLZ,1976,,,729.488780751524,
BLZ,1977,,,865.792901454885,
BLZ,1978,,,982.604370174389,
BLZ,1979,,,1071.443696269,
BLZ,1980,,,1774.4136989701,
BLZ,1981,,,1752.51703789335,
BLZ,1982,,,1629.32322940976,
BLZ,1983,,,1677.25548155115,
BLZ,1984,,,1814.18859813551,
BLZ,1985,,,1754.01108696183,
BLZ,1986,,,1859.10214020555,
BLZ,1987,,,2165.89431416265,
BLZ,1988,,,2405.81116565818,
BLZ,1989,,,2741.93638439592,
BLZ,1990,,0.0,2986.46962075029,
BLZ,1991,9.647,,3190.13098802395,
BLZ,1992,9.654,,3642.9480634402,
BLZ,1993,9.78,,3859.6584437307,
BLZ,1994,11.1,,3876.69327011457,
BLZ,1995,12.48,0.0454,4009.82752539849,
BLZ,1996,13.82,0.883,4043.26517997242,
BLZ,1997,12.68,1.29,4014.40380600241,
BLZ,1998,14.31,2.09,4125.92539958166,
BLZ,1999,12.84,4.08,4289.5277590653,
BLZ,2000,10.841,5.96383530272428,4726.50675459616,
BLZ,2001,9.07,,4718.77715104739,15.1962203979492
BLZ,2002,10.04,5.68425121358763,4858.86062599362,17.0946197509766
BLZ,2003,10.342,,4959.74012434605,16.2938194274902
BLZ,2004,10.586,9.8,5153.71308265363,15.6906204223633
BLZ,2005,10.91,17.0,5270.41479135312,16.1422500610352
BLZ,2006,9.39,24.0,5524.78167834986,16.941520690918
BLZ,2007,8.51,24.60000038,5762.21023302938,17.9253196716309
BLZ,2008,8.18,26.29999924,5711.81458859709,18.78537940979
BLZ,2009,8.323,27.20000076,5399.67100001919,22.0563106536865
BLZ,2010,8.412,28.2,5461.40735999001,21.5657311669129
BLZ,2011,8.424,30.70000076,5596.05222152289,21.5464009784327
BLZ,2012,8.378,31.0,5732.66519942347,24.0271611386785
BLZ,2013,8.349,33.59999847,5957.34953619006,24.0045345047471
BLZ,2014,8.244,38.70000076,6128.12053089077,24.0154633440872
BLZ,2015,7.578,41.59000015,6154.62264230369,23.4350622690571
BLZ,2016,7.0,44.57569885,6140.86713919469,24.4760136680388
BLZ,2017,6.596,48.8771019,6071.85451846453,24.731690676743
BLZ,2018,9.346,53.59360123,6011.99036888587,24.5883446033139
BLZ,2019,9.053,58.76520157,6171.61449761423,25.138736158351
BLZ,2020,10.763,64.43589783,5238.54078175696,25.9421694120047
BLZ,2021,10.302,70.65370178,6142.98930557031,23.6813942822198
BLZ,2022,8.682,69.98329926,7068.21728043145,23.9767727412258
BLZ,2023,8.278,70.18720245,7424.75821321022,22.3734089825019
BLZ,2024,8.698,80.00582262,7681.24400583113,24.8098643151325
BLZ,2025,8.856,,7865.47937690933,
BMU,1960,,,1715.31463229719,
BMU,1961,,,1773.99531572479,
BMU,1962,,,1824.18228260132,
BMU,1963,,,1821.79091310101,
BMU,1964,,,1986.64081017022,
BMU,1965,,,2064.85324792988,
BMU,1966,,,2369.47294680018,
BMU,1967,,,2722.46233388537,
BMU,1968,,,2975.95428934212,
BMU,1969,,,3214.04903909874,
BMU,1970,,,3574.16928861945,
BMU,1971,,,4012.77396544186,
BMU,1972,,,4458.08003333144,
BMU,1973,,,5090.09179163676,
BMU,1974,,,5891.88781664656,
BMU,1975,,,6493.6287150144,
BMU,1976,,,7259.91355008457,
BMU,1977,,,8383.03139417126,
BMU,1978,,,8904.94282345455,
BMU,1979,,,9664.21884634789,8.89025974273682
BMU,1980,,,11426.6012333948,12.1752195358276
BMU,1981,,,13687.7980628553,13.1459503173828
BMU,1982,,,14442.7902256054,
BMU,1983,,,16236.741698158,
BMU,1984,,,17866.9174355163,
BMU,1985,,,18713.8825139071,
BMU,1986,,,20996.9767217163,
BMU,1987,,,23042.7435883764,
BMU,1988,,,24958.1127004004,
BMU,1989,,,26282.6240963434,
BMU,1990,,0.0,27665.525808301,
BMU,1991,,,28195.7091611479,
BMU,1992,,,28761.9634632835,
BMU,1993,,,30950.0799102285,
BMU,1994,,,31543.0634861641,
BMU,1995,,6.84,34115.3445553204,
BMU,1996,,16.2,45063.6149332085,
BMU,1997,,24.2,48736.6768034299,
BMU,1998,,32.1,51629.2814855126,
BMU,1999,,39.9,54388.3417315621,
BMU,2000,,42.9498600152711,56542.9569455727,
BMU,2001,,47.5096998970623,59490.2452034202,
BMU,2002,,52.0315973700393,63358.5658652763,
BMU,2003,,56.5220121836337,67106.8028083224,
BMU,2004,,60.9908670086326,71692.1589001679,
BMU,2005,,65.4470657898838,77628.103522508,
BMU,2006,,69.8996551617012,97781.4558996721,32.5518684387207
BMU,2007,,74.3505940302669,107395.651483891,29.2320194244385
BMU,2008,,82.3,110268.562401264,29.9917602539062
BMU,2009,,83.25,104711.712420357,38.3707885742188
BMU,2010,,84.21,104111.824244802,36.5495414733887
BMU,2011,,88.336,99049.0169927667,37.8277206420898
BMU,2012,,91.2993045243401,100213.493385287,36.9150810241699
BMU,2013,,95.3,101704.40746217,35.1997718811035
BMU,2014,,96.8,100961.576602811,33.3333282470703
BMU,2015,,98.3236096537251,104855.366822135,30.6167392730713
BMU,2016,,98.0,108747.356144305,
BMU,2017,,98.37,112339.425587467,21.8093700408936
BMU,2018,,,113204.82210838,22.3407592773438
BMU,2019,,,115798.040775578,
BMU,2020,,,106976.546239632,
BMU,2021,,,112765.08167306,
BMU,2022,,,119969.173269085,
BMU,2023,,,132961.760796315,17.3357105255127
BMU,2024,,,142250.433195123,
BOL,1960,,,101.833417024987,
BOL,1961,,,108.528765371499,
BOL,1962,,,116.24147429449,
BOL,1963,,,122.579067582423,
BOL,1964,,,135.228463817406,
BOL,1965,,,147.057689573182,
BOL,1966,,,159.348482383093,
BOL,1967,,,176.073477814252,
BOL,1968,,,195.471270062333,
BOL,1969,,,207.126019695423,
BOL,1970,,,221.568878282044,
BOL,1971,,,233.392218893062,
BOL,1972,,,261.949887081198,
BOL,1973,,,257.213253175457,
BOL,1974,,,418.170299516169,
BOL,1975,,,468.064116140902,
BOL,1976,,,519.734821066353,
BOL,1977,,,599.9882290041,
BOL,1978,,,682.801036523933,
BOL,1979,,,785.198889713429,
BOL,1980,,,787.907344889279,
BOL,1981,,,1000.59266819668,
BOL,1982,,,929.552105072211,
BOL,1983,,,881.867606330418,
BOL,1984,,,982.109656770748,
BOL,1985,,,838.080035867133,
BOL,1986,,,604.257233504238,
BOL,1987,,,649.708769442851,
BOL,1988,,,672.607268146683,
BOL,1989,,,675.469993900788,
BOL,1990,,0.0,682.67681029538,
BOL,1991,2.935,,733.935487602519,
BOL,1992,3.03,,759.57113496365,
BOL,1993,3.05,,756.637016048451,
BOL,1994,3.08,,774.035669644318,
BOL,1995,2.664,0.0668,852.754034861444,
BOL,1996,2.375,0.196,922.113259069714,
BOL,1997,2.08,0.448,970.351843368594,
BOL,1998,2.121,0.626,1022.14506519545,
BOL,1999,2.299,0.982,979.344494964572,
BOL,2000,2.439,1.4427635847914,975.777060358751,
BOL,2001,2.623,2.1204625341365,930.168227214313,
BOL,2002,2.603,3.11719294696997,888.221328974352,
BOL,2003,2.654,3.50859640072336,893.013760211149,
BOL,2004,2.615,4.43992460120042,953.191893246277,
BOL,2005,2.598,5.22758395663196,1020.12326200737,
BOL,2006,2.575,6.20067125473576,1202.71150446327,
BOL,2007,2.614,10.49919987,1354.54905949929,
BOL,2008,2.603,12.5,1692.67248455876,
BOL,2009,2.973,16.79999924,1731.18172112209,
BOL,2010,2.609,22.39999962,1929.78373077158,
BOL,2011,2.255,30.0,2315.52121930607,
BOL,2012,2.066,35.34,2575.59857098084,
BOL,2013,2.437,36.99,2870.02377000756,
BOL,2014,2.021,34.6016202324676,3041.43503162408,
BOL,2015,3.111,37.4868176324391,2996.01289811344,
BOL,2016,3.498,39.69749832,3035.87347732132,
BOL,2017,3.655,43.83229828,4048.40119739839,
BOL,2018,3.519,44.2861422024283,4206.8552936661,
BOL,2019,3.682,47.4748191121692,4203.15492855788,
BOL,2020,7.903,59.94010155,3580.96761778303,
BOL,2021,5.089,65.9773785,4010.76053686204,
BOL,2022,3.552,72.62270355,4219.46113742445,
BOL,2023,3.024,77.30039978,4274.70820547613,
BOL,2024,3.274,79.70469666,4421.16609889999,
BOL,2025,2.967,,5147.81081955367,
BRA,1960,,,235.266009502589,
BRA,1961,,,231.564063269854,
BRA,1962,,,250.200572910273,
BRA,1963,,,294.169619376733,
BRA,1964,,,257.259726897671,
BRA,1965,,,268.028760553723,
BRA,1966,,,328.343791519407,
BRA,1967,,,351.472600370379,
BRA,1968,,,373.925432639683,
BRA,1969,,,399.49841913391,
BRA,1970,,,443.799484982738,
BRA,1971,,,500.001988983361,
BRA,1972,,,583.492034946156,
BRA,1973,,,814.731780553415,
BRA,1974,,,1044.76980947499,
BRA,1975,,,1200.55823714607,
BRA,1976,,,1389.74952306555,
BRA,1977,,,1562.29143045708,
BRA,1978,,,1732.50012204556,
BRA,1979,,,1869.7133759549,
BRA,1980,,,1958.57159232662,
BRA,1981,,,2079.70908377484,
BRA,1982,,,2137.6250359394,
BRA,1983,,,1461.25582714178,
BRA,1984,,,1419.73154606978,
BRA,1985,,,1556.1297180511,
BRA,1986,,,1854.03775211919,
BRA,1987,,,2006.00226235757,
BRA,1988,,,2140.65027561164,
BRA,1989,,,2818.99277980122,
BRA,1990,,0.0,2581.14187449078,
BRA,1991,6.887,0.00329,2257.6092968885,
BRA,1992,7.086,0.0129,2127.31642731638,
BRA,1993,6.03,0.0255,2348.88247685352,
BRA,1994,6.579,0.0377,3298.71250747787,
BRA,1995,7.092,0.105,4756.74840785403,
BRA,1996,8.035,0.451,5179.13052002464,
BRA,1997,9.003,0.786,5299.39630404412,
BRA,1998,10.15,1.48,5105.89099544117,
BRA,1999,11.125,2.04,3493.57162513699,
BRA,2000,10.889,2.87068515854108,3766.54811466032,
BRA,2001,10.649,4.52849486902851,3176.28935747524,
BRA,2002,10.641,9.14942508560748,2855.94018885769,
BRA,2003,11.168,13.2075861035303,3090.6070097455,
BRA,2004,10.072,19.073672274442,3663.823188064,
BRA,2005,10.551,21.022747248827,4827.78173074714,
BRA,2006,9.692,28.17840004,5934.14470924968,
BRA,2007,9.28,30.87999916,7409.69130673473,
BRA,2008,8.268,33.83,8908.33176538648,
BRA,2009,9.419,39.22,8678.6592244676,
BRA,2010,8.42,40.65,11403.2821278747,
BRA,2011,7.578,45.69,13396.6243562986,
BRA,2012,7.251,48.56,12521.7213519966,43.8344116210938
BRA,2013,7.071,51.04,12458.8912138813,44.9966697692871
BRA,2014,6.755,54.5510018796392,12274.9939689363,47.8131904602051
BRA,2015,8.538,58.3279517340924,8936.19661712113,49.0805015563965
BRA,2016,11.58,60.8725400681261,8836.28652735657,48.9665794372559
BRA,2017,12.792,67.4712845236305,10080.5092819305,50.7326316833496
BRA,2018,12.329,70.4342825404361,9300.66164923219,52.05712890625
BRA,2019,11.936,73.9124399133589,9029.83326681073,53.6215400695801
BRA,2020,13.697,81.34269353,7074.19378337644,55.529109954834
BRA,2021,13.158,80.68989314,7972.5366498646,57.6311988830566
BRA,2022,9.231,80.52775094,9281.33334441234,61.0000915527344
BRA,2023,7.947,84.15060238,10377.5892792557,
BRA,2024,6.801,84.46347227,10310.5486973693,69.7317733764648
BRA,2025,5.97,,10713.2856869511,
BRB,1960,,,346.575456793331,
BRB,1961,,,366.135499084709,
BRB,1962,,,377.438456365881,
BRB,1963,,,420.504389538497,
BRB,1964,,,413.625432165232,
BRB,1965,,,433.228679761215,
BRB,1966,,,462.028452555116,
BRB,1967,,,508.128619491284,
BRB,1968,,,505.889066146294,
BRB,1969,,,566.833205048027,
BRB,1970,,,666.475008721385,
BRB,1971,,,749.801351020502,3.27201008796692
BRB,1972,,,856.071973120587,4.37744998931885
BRB,1973,,,1041.72956280824,5.37353992462158
BRB,1974,,,1243.35417471937,6.00220012664795
BRB,1975,,,1601.18883256516,
BRB,1976,,,1733.64540764741,
BRB,1977,,,1967.59344395667,
BRB,1978,,,2197.89906243719,
BRB,1979,,,2667.90751006045,
BRB,1980,,,4024.58856621204,
BRB,1981,,,4416.71519879857,15.1553897857666
BRB,1982,,,4598.7626399513,18.3214607238769
BRB,1983,,,4866.35999061756,
BRB,1984,,,5283.57944099441,19.0690193176269
BRB,1985,,,5509.8746029115,19.9854698181152
BRB,1986,,,6031.35860779383,
BRB,1987,,,6624.59939505809,
BRB,1988,,,7032.65370811416,
BRB,1989,,,7772.55022803365,18.0888195037842
BRB,1990,,0.0,7781.40573306125,18.1553592681885
BRB,1991,22.41,,7790.26229439159,28.3673095703125
BRB,1992,22.94,,7519.20143544898,29.5495491027832
BRB,1993,24.54,,7904.70762426389,27.2394599914551
BRB,1994,22.98,,8223.16681181719,
BRB,1995,19.66,0.00775,8460.47380869104,
BRB,1996,14.71,0.389,9011.77884838722,
BRB,1997,14.61,0.783,9521.57127377123,
BRB,1998,12.4,1.97,10734.3637242884,
BRB,1999,10.61,2.38,11244.3087668392,36.0569381713867
BRB,2000,9.35,3.97367835457927,11674.6736471764,41.9254302978516
BRB,2001,9.85,11.9364503383984,11639.5160522054,41.2074584960938
BRB,2002,10.32,27.836322424146,11760.4524736133,
BRB,2003,11.0,39.6896271159532,12075.9587020649,
BRB,2004,9.57,49.8,12886.3665272467,
BRB,2005,9.08,52.5,14214.4202213572,
BRB,2006,8.73,55.29999924,15619.6005955511,
BRB,2007,7.41,58.20000076,17235.4396434785,60.2387390136719
BRB,2008,8.12,61.40000153,17565.6929970592,
BRB,2009,10.02,64.69999695,16294.9099491834,74.2060775756836
BRB,2010,10.69,65.09999847,19723.2381931602,69.5953279239237
BRB,2011,11.19,66.5,20146.2381264508,66.9463967271583
BRB,2012,11.59,71.19999695,19811.2953079751,70.0289730657796
BRB,2013,11.55,71.80000305,20384.4910233555,73.1807704972012
BRB,2014,12.17,71.92459869,20423.7177921163,71.2682628742848
BRB,2015,9.803,72.04940033,20429.4747123553,57.2814457564167
BRB,2016,8.247,71.57299805,20311.4094163764,52.0533712473342
BRB,2017,8.62,71.14849854,20870.7596432179,51.0106696691866
BRB,2018,8.321,70.72650146,21378.2201267496,45.8751983077737
BRB,2019,8.41,70.30709839,21929.435611489,48.935497470489
BRB,2020,10.586,69.89009857,19180.9915228365,52.971630831
BRB,2021,11.015,69.4756012,21084.4013935998,54.672
BRB,2022,7.261,69.06359863,24393.2193483944,55.0600902713579
BRB,2023,6.54,69.67510223,25583.8722302505,54.2600399378744
BRB,2024,6.448,70.36470032,26897.2002039176,53.5815662047086
BRB,2025,6.524,,28364.8181499736,50.801079116886
BRN,1965,,,1028.88450343084,
BRN,1966,,,1145.70592233266,
BRN,1967,,,1148.84303232869,
BRN,1968,,,1274.0903793851,
BRN,1969,,,1226.43698889034,
BRN,1970,,,1325.15598362979,
BRN,1971,,,1432.16600656705,
BRN,1972,,,1904.66760457331,
BRN,1973,,,2938.85095702716,
BRN,1974,,,15194.792305663,
BRN,1975,,,15793.1312553958,
BRN,1976,,,18671.3624129294,
BRN,1977,,,21746.8559126458,1.76119995117188
BRN,1978,,,23446.5341231193,
BRN,1979,,,33501.2782714145,2.11526989936829
BRN,1980,,,58005.3424763282,
BRN,1981,,,48793.4422577232,
BRN,1982,,,45074.5499241983,
BRN,1983,,,38720.0939254718,0.926159977912903
BRN,1984,,,36061.3815259405,2.52369999885559
BRN,1985,,,31827.4059557344,
BRN,1986,,,18500.5408625966,2.42632007598877
BRN,1987,,,21029.7189772961,3.75074005126953
BRN,1988,,,18824.7637309359,
BRN,1989,,,20090.0690184766,
BRN,1990,,0.0,23658.7166330381,
BRN,1991,4.7,,23932.1897281583,
BRN,1992,4.791,,23450.8964055243,5.49680995941162
BRN,1993,4.903,,22397.0737447404,5.81064987182617
BRN,1994,5.007,,22766.587177075,6.15674018859863
BRN,1995,5.066,1.02,26443.2564746713,
BRN,1996,5.153,3.3,25692.2357348562,
BRN,1997,5.204,4.83,25522.3975038009,
BRN,1998,5.356,6.28,17769.2463451942,10.6331796646118
BRN,1999,5.415,7.67,19752.2013255542,13.0251398086548
BRN,2000,5.53,8.99628453448726,20130.2572346624,13.4959297180176
BRN,2001,5.558,12.9177690823013,18287.8272281914,14.6684103012085
BRN,2002,5.652,15.329879855735,18621.2922577525,14.1154699325562
BRN,2003,5.743,19.5950032207342,20677.9001143188,14.257490158081
BRN,2004,5.847,29.7156041447864,24423.0946995548,15.1707801818848
BRN,2005,5.973,36.4663919475782,29386.2703822862,15.2498598098755
BRN,2006,6.061,42.1863491609307,34674.7995236452,15.2068796157837
BRN,2007,6.187,44.68,36217.3290706015,15.4847002029419
BRN,2008,6.312,46.0,42156.5685838672,15.7385101318359
BRN,2009,6.457,49.0,30946.4673773828,16.5658493041992
BRN,2010,6.487,53.0,34937.5555357155,15.3331604003906
BRN,2011,6.506,56.0,46382.8274255349,17.4244594573975
BRN,2012,6.571,60.27310181,46968.5971164922,22.0733509063721
BRN,2013,6.709,64.5,44003.0644273461,23.4649200439453
BRN,2014,6.862,68.76999664,41026.5084247957,30.0799102783203
BRN,2015,7.703,71.19999695,30625.1287744656,28.6641292572021
BRN,2016,8.537,90.0,26663.2972950602,28.6644096374512
BRN,2017,9.316,94.86669922,28024.3824580252,31.2433910195239
BRN,2018,8.7,95.0,30988.1190267227,27.9285989469629
BRN,2019,6.6,95.0,30426.5730656528,27.7715019255456
BRN,2020,7.409,96.30549622,26834.3592233943,27.4692556634304
BRN,2021,4.905,97.62879944,31006.9636289785,27.4258937503291
BRN,2022,5.191,98.97042579,36632.9280952155,31.1925368707703
BRN,2023,5.296,98.97039795,32890.5491812019,36.4182725443167
BRN,2024,5.18,96.29828801,33153.4738913513,
BRN,2025,5.277,,32234.6428368582,
BTN,1970,,,200.345229822469,
BTN,1971,,,207.666560128876,
BTN,1972,,,212.375150813633,
BTN,1973,,,230.90176999619,
BTN,1974,,,262.777366220031,
BTN,1975,,,237.350734416968,
BTN,1976,,,233.721532349196,
BTN,1977,,,249.935358333789,
BTN,1978,,,232.172369685589,0.399619996547699
BTN,1979,,,251.378805345213,0.729870021343231
BTN,1980,,,296.880510831581,0.862020015716553
BTN,1981,,,310.77041169131,
BTN,1982,,,305.824658960335,
BTN,1983,,,328.204016909505,0.696189999580383
BTN,1984,,,325.545257021725,
BTN,1985,,,321.186830951891,
BTN,1986,,,364.694569557154,
BTN,1987,,,449.060443850487,
BTN,1988,,,488.877757351253,
BTN,1989,,,461.654618792732,
BTN,1990,,0.0,488.327431477129,
BTN,1991,1.381,,400.634705187075,
BTN,1992,1.391,,415.791522568451,
BTN,1993,1.418,,407.39984249657,
BTN,1994,1.405,,467.008312125283,
BTN,1995,1.4,,530.103676927417,
BTN,1996,1.392,,552.873891403681,
BTN,1997,1.393,,630.447410148304,
BTN,1998,1.4,,638.278962310609,
BTN,1999,1.4,0.138,685.419830628567,2.69045996665955
BTN,2000,1.655,0.40094444691941,771.924911410619,
BTN,2001,1.9,0.864628564215099,812.238210772056,
BTN,2002,1.854,1.67580258375242,895.799489930972,
BTN,2003,1.8,2.43691239949767,1022.38240311018,
BTN,2004,2.49,3.15698419613711,1130.35934606796,
BTN,2005,3.1,3.847100019,1299.94938578359,4.87233018875122
BTN,2006,3.13,4.518300056,1405.6071618158,5.12222003936768
BTN,2007,3.7,5.92,1850.41570433398,5.54621982574463
BTN,2008,3.848,6.55,1919.59774896395,6.58204984664917
BTN,2009,3.96,7.17,1918.39599211093,6.29682016372681
BTN,2010,3.32,13.6,2435.5798056672,6.57718143152316
BTN,2011,3.23,14.39999962,2787.97967608562,7.70502526511554
BTN,2012,2.05,15.60000038,2751.2128864294,7.60806024678839
BTN,2013,2.87,22.39999962,2679.95217201538,10.362939215902
BTN,2014,2.63,30.29999924,2849.49998647303,
BTN,2015,2.45,39.79999924,2954.04081911097,
BTN,2016,2.707,46.50320053,3152.30905106786,
BTN,2017,3.027,54.33549881,3435.28804735662,14.8354989456323
BTN,2018,3.35,63.48680115,3400.20417245342,14.9303808051574
BTN,2019,2.72,74.17939758,3576.87987100503,15.9420291550317
BTN,2020,5.03,76.85079956,3191.66906999331,16.8650740250552
BTN,2021,4.803,85.63688389,3570.61257980872,14.7382447141292
BTN,2022,5.947,88.35620117,3711.32767981591,14.5780698560857
BTN,2023,3.126,90.02140045,3831.32535564326,15.0074996948242
BTN,2024,3.282,91.27739716,4228.05102403654,13.011259392916
BTN,2025,3.227,,4492.78400306618,
BWA,1960,,,58.9180081084204,
BWA,1961,,,62.3224006926623,
BWA,1962,,,65.9864503023827,
BWA,1963,,,68.8864104749411,
BWA,1964,,,73.4925773235308,
BWA,1965,,,79.6790756588049,
BWA,1966,,,89.0615737768069,
BWA,1967,,,100.945124635152,
BWA,1968,,,113.445716733931,
BWA,1969,,,131.776574536345,
BWA,1970,,,163.031832252562,0.0
BWA,1971,,,212.244206736036,0.0
BWA,1972,,,264.233716807813,0.37457001209259
BWA,1973,,,374.189409146144,0.432700008153915
BWA,1974,,,446.487855432073,0.475739985704422
BWA,1975,,,493.029472690457,0.71986997127533
BWA,1976,,,490.469570533565,0.752659976482391
BWA,1977,,,564.831748249189,0.829509973526001
BWA,1978,,,695.219336897052,0.951950013637543
BWA,1979,,,909.207133285411,0.998239994049072
BWA,1980,,,1131.63379014463,1.18772995471954
BWA,1981,,,1107.02810145663,1.27292001247406
BWA,1982,,,1005.62456165727,1.4190399646759
BWA,1983,,,1120.53239354023,1.50100004673004
BWA,1984,,,1145.02903810762,1.71984994411469
BWA,1985,,,993.616748339174,1.90848004817963
BWA,1986,,,1199.84677856226,2.26826000213623
BWA,1987,,,1638.82669390133,2.52163004875183
BWA,1988,,,2140.51439180359,
BWA,1989,,,2427.68261967121,
BWA,1990,,0.0,2903.15381562611,
BWA,1991,13.82,0.0,2938.59442659608,4.35687017440796
BWA,1992,16.33,,3004.61263362306,
BWA,1993,18.761,,2929.43119022452,5.16587018966675
BWA,1994,21.2,,2917.25514197806,5.62313985824585
BWA,1995,21.394,0.0645,3156.18194514079,5.28647994995117
BWA,1996,21.593,0.157,3156.26865681161,5.66145992279053
BWA,1997,21.031,0.308,3194.18106145858,
BWA,1998,20.86,0.602,2981.19639702109,5.96113014221191
BWA,1999,18.224,1.12,3339.99596033431,6.25281000137329
BWA,2000,15.88,2.90266662177209,3450.81180622992,6.98083019256592
BWA,2001,18.54,3.43088678702599,3206.07123689853,7.48678016662598
BWA,2002,21.277,3.38592235064273,3117.25087183011,7.80341005325317
BWA,2003,23.8,3.3451901740614,4230.12326909926,9.07960033416748
BWA,2004,21.755,3.30488925316113,4956.69287735214,9.56877994537354
BWA,2005,19.852,3.262599945,5391.07076619634,9.23077964782715
BWA,2006,17.782,4.28993297515968,5291.58379144849,10.0698099136353
BWA,2007,16.976,5.28,5529.12574632532,10.2232799530029
BWA,2008,16.293,6.25,5503.07395314313,14.2659397125244
BWA,2009,16.169,6.150000095,5082.93388332404,21.9871006011963
BWA,2010,17.86,6.0,6215.73216077919,19.5398902893066
BWA,2011,18.049,9.0,7287.38295334919,17.5134506225586
BWA,2012,17.916,16.0,6595.53845015424,21.6663608551025
BWA,2013,18.167,30.0,6666.91219583487,26.3370990753174
BWA,2014,18.484,36.74474744423,7122.36423421503,24.8355648460166
BWA,2015,18.915,38.89379883,6141.20394726616,26.8692925538756
BWA,2016,19.328,41.16859818,6749.05994339013,22.6605855291776
BWA,2017,19.671,43.57640076,7104.96401088027,21.4762885165012
BWA,2018,19.665,46.12509918,7407.95940141786,
BWA,2019,20.094,48.82279968,7172.08956480028,21.4965480211896
BWA,2020,21.017,51.67819977,6323.2974967659,22.4017870513653
BWA,2021,23.106,54.70069885,7807.88794570471,21.2032904951187
BWA,2022,23.615,57.9,8328.7090572666,20.7095613715302
BWA,2023,23.381,,7827.30027960734,20.5658232475186
BWA,2024,23.81,57.45950036,7649.81663744354,21.4087908549348
BWA,2025,24.477,,7778.1151090571,
CAF,1960,,,65.8829629770666,
CAF,1961,,,70.988125923024,
CAF,1962,,,70.404229268492,
CAF,1963,,,71.7551875686265,
CAF,1964,,,77.2050398029084,
CAF,1965,,,80.184506042463,
CAF,1966,,,82.3374694570342,
CAF,1967,,,83.562965105064,
CAF,1968,,,95.6398392122972,
CAF,1969,,,91.6587059467658,
CAF,1970,,,90.1578442993038,
CAF,1971,,,94.0721472956876,0.0844599977135658
CAF,1972,,,105.468061578138,
CAF,1973,,,121.824846111542,
CAF,1974,,,124.000349692552,0.186069995164871
CAF,1975,,,163.644668287845,0.199780002236366
CAF,1976,,,192.09699080748,0.316859990358353
CAF,1977,,,213.785550996675,0.344830006361008
CAF,1978,,,254.624087711594,0.460180014371872
CAF,1979,,,289.118938225139,0.664059996604919
CAF,1980,,,325.254770299088,0.919879972934723
CAF,1981,,,280.343391789938,0.743570029735565
CAF,1982,,,298.444544895201,1.08675003051758
CAF,1983,,,259.588394525784,0.909179985523224
CAF,1984,,,248.313551025498,1.00155997276306
CAF,1985,,,332.515358450814,1.03316998481751
CAF,1986,,,426.02699258009,1.07129001617432
CAF,1987,,,449.952130096608,0.976400017738342
CAF,1988,,,466.070596898859,1.08144998550415
CAF,1989,,,443.226859814307,1.18874001502991
CAF,1990,,0.0,501.656200636394,1.32114005088806
CAF,1991,5.697,,464.828283626364,1.43098998069763
CAF,1992,5.825,,461.587303490896,1.34974002838135
CAF,1993,5.897,,404.954546941526,
CAF,1994,5.924,,261.260397409459,
CAF,1995,5.871,,333.145863233895,
CAF,1996,5.84,0.00585,293.306575328658,
CAF,1997,5.797,0.0143,265.5212823896,
CAF,1998,5.773,0.0279,266.570544600384,
CAF,1999,5.767,0.0409,267.995954011083,2.01588010787964
CAF,2000,5.722,0.0533941742150456,239.154133726071,1.94369995594025
CAF,2001,5.77,0.0785434278394038,237.951702544735,
CAF,2002,5.809,0.128537116506299,248.639290978403,
CAF,2003,5.809,0.151563337940017,278.403992150941,
CAF,2004,5.729,0.223401395464406,303.461321152782,1.66786003112793
CAF,2005,5.691,0.26820001,311.950023138687,
CAF,2006,5.61,0.311199993,333.942519903031,1.08675003051758
CAF,2007,5.562,0.375815961044797,380.887048839475,
CAF,2008,5.51,1.0,437.24827472489,2.16495990753174
CAF,2009,5.575,1.799999952,456.471673898404,2.30814003944397
CAF,2010,5.658,2.0,476.873786950728,2.53881001472473
CAF,2011,5.638,2.200000048,534.057281471636,2.95497989654541
CAF,2012,5.58,2.400000095,544.395849142785,2.77519989013672
CAF,2013,5.566,2.5,364.36696260838,
CAF,2014,5.633,2.700000048,409.8504859647,
CAF,2015,5.775,2.900000095,366.322853938121,
CAF,2016,5.793,3.099999905,387.176203444318,
CAF,2017,5.836,4.0,432.324025684263,
CAF,2018,5.825,5.099999905,455.243962859534,
CAF,2019,5.916,7.509200096,449.228467602439,
CAF,2020,6.519,,462.879071294011,
CAF,2021,6.701,,492.263142830507,
CAF,2022,6.287,13.75360012,467.359825026238,
CAF,2023,6.181,13.8416996,495.978897288721,
CAF,2024,6.253,13.78250027,516.160999996036,
CAF,2025,6.251,,556.131398031455,
CAN,1960,,,2264.94849658191,
CAN,1961,,,2246.08356619252,
CAN,1962,,,2274.4284708191,
CAN,1963,,,2380.31732899108,
CAN,1964,,,2561.63849088572,
CAN,1965,,,2777.18317301162,
CAN,1966,,,3055.28807884507,
CAN,1967,,,3226.38273682011,
CAN,1968,,,3473.23722551871,
CAN,1969,,,3776.15613110238,
CAN,1970,,,4135.82149842006,
CAN,1971,,,4535.39338907773,
CAN,1972,,,5106.73708049128,
CAN,1973,,,5858.33407318788,
CAN,1974,,,7056.70847496589,
CAN,1975,,,7536.52009823861,
CAN,1976,,,8838.94710677652,
CAN,1977,,,8949.10989272982,
CAN,1978,,,9154.43325277735,
CAN,1979,,,10077.5026707269,
CAN,1980,,,11208.2027394178,
CAN,1981,,,12379.0368643833,
CAN,1982,,,12527.3135323802,
CAN,1983,,,13477.1031699599,
CAN,1984,,,13930.4745502555,
CAN,1985,,,14170.1249406067,
CAN,1986,,,14521.1800806,
CAN,1987,,,16377.6902109541,
CAN,1988,,,19012.5723278349,
CAN,1989,,,20794.682233334,
CAN,1990,,0.361,21525.8611387148,
CAN,1991,10.316,0.57,21846.7930471354,
CAN,1992,11.197,0.916,20950.3305287651,
CAN,1993,11.377,1.18,20186.7988782965,
CAN,1994,10.395,2.38,19997.6237373354,
CAN,1995,9.489,4.16,20679.634792669,
CAN,1996,9.62,6.76,21296.9723536904,
CAN,1997,9.1,15.1,21901.5870048928,
CAN,1998,8.278,24.9,21024.5627149423,
CAN,1999,7.583,36.2,22315.3130930482,
CAN,2000,6.829,51.3,24271.0020563821,58.5191192626953
CAN,2001,7.219,60.2,23822.096210932,
CAN,2002,7.665,61.5932992681952,24256.0598742201,58.4131507873535
CAN,2003,7.574,64.2,28301.9097055898,
CAN,2004,7.185,65.9559634648989,32145.5653280273,
CAN,2005,6.758,71.66,36383.9671341396,
CAN,2006,6.484,72.40000153,40504.8490329826,
CAN,2007,6.156,73.2,44660.0838892281,63.8298110961914
CAN,2008,6.284,76.69999695,46710.3654423328,64.3074111938477
CAN,2009,8.46,80.3,40874.9612318547,63.6236991882324
CAN,2010,8.178,80.3,47560.8378831258,61.8845901489258
CAN,2011,7.637,83.0,52224.1237767406,63.1586990356445
CAN,2012,7.392,83.0,52670.1429540952,63.603271484375
CAN,2013,7.143,85.80000305,52637.7313222622,65.7477188110352
CAN,2014,7.023,87.12000275,50960.8942086685,67.1677017211914
CAN,2015,6.945,90.0,43594.2379080706,67.2690963745117
CAN,2016,7.038,91.16000366,42314.1033623905,69.2459411621094
CAN,2017,6.426,92.70140076,45129.7335281051,70.2687072753906
CAN,2018,5.837,94.64,46539.2177903178,69.3507232666016
CAN,2019,5.69,91.91290283,46352.9695208927,73.1128768920898
CAN,2020,9.657,92.3,43537.8981198851,75.2389068603516
CAN,2021,7.527,93.93710327,52886.6407813788,79.7657318115234
CAN,2022,5.279,94.0,56496.9275340663,78.8488311767578
CAN,2023,5.415,94.14530182,54847.5370112652,76.2666931152344
CAN,2024,6.351,94.353302,55015.7066917734,
CAN,2025,6.907,,55697.6639660837,
CEB,1990,,,2499.27257852336,
CEB,1991,9.5754583965422,,2210.9787139865,
CEB,1992,10.1959798130274,,2291.9023752698,
CEB,1993,11.6885817374484,,2432.47857989634,
CEB,1994,11.5568158799985,,2767.1681470785,
CEB,1995,11.0167295576433,,3539.72488134844,
CEB,1996,10.3630367762026,,3750.80309376233,
CEB,1997,9.39172805883786,,3704.23882396044,
CEB,1998,9.18697418361695,,4053.33261097035,
CEB,1999,10.6183180697798,,3909.23972626165,35.614429473877
CEB,2000,12.1493697321005,,3880.42695915578,39.194709777832
CEB,2001,13.4981128132324,,4274.13236367221,43.7403717041016
CEB,2002,13.9609765303477,,4843.41064833504,48.1001586914062
CEB,2003,13.2764246828022,,5828.29660100317,51.3497581481934
CEB,2004,12.8914606604503,,7046.22188812688,54.1560592651367
CEB,2005,12.0311529429654,,8223.09810996167,57.1709289550781
CEB,2006,10.124914494498,,9337.74049720614,60.1693992614746
CEB,2007,7.80912922603523,,11906.4959653819,63.0291404724121
CEB,2008,6.60116715977237,,14534.2467521669,67.3870162963867
CEB,2009,8.51650875155537,,12302.0593290327,70.2542572021484
CEB,2010,9.92718738959061,,12635.7782121319,71.1350784301758
CEB,2011,9.80960842319458,,13997.3297794653,69.3709716796875
CEB,2012,10.014837051229,,13104.0873095326,67.0797119140625
CEB,2013,10.076189699493,,13712.7077940364,65.7614822387695
CEB,2014,8.87370489824698,,14208.4390487349,64.334602355957
CEB,2015,7.81260796234007,,12596.9151136003,63.5147018432617
CEB,2016,6.47626986745334,,12874.7280619541,63.742748260498
CEB,2017,5.27719000843769,,14339.8488594791,64.2809066772461
CEB,2018,4.29483445753775,,16227.2845341706,64.793212890625
CEB,2019,3.76072643211224,,16534.9661895205,65.126091003418
CEB,2020,4.3496421220328,,16581.3833261524,65.5949325561523
CEB,2021,4.44508031221282,,19224.3287744219,67.2225112915039
CEB,2022,3.96540582731722,,19526.2463443821,69.6117095947266
CEB,2023,4.01230416616797,,22693.9504470566,68.5388870239258
CEB,2024,4.00056350955849,,24616.0957872816,68.5388870239258
CEB,2025,4.14260588932297,,27676.9389653713,
CHE,1960,,,1983.75994678387,
CHE,1961,,,2187.92946234895,
CHE,1962,,,2365.59424572722,
CHE,1963,,,2546.27332990135,
CHE,1964,,,2776.1414535837,
CHE,1965,,,2908.41985216952,
CHE,1966,,,3090.72694245252,
CHE,1967,,,3286.0540740821,
CHE,1968,,,3464.929898863,
CHE,1969,,,3712.31667951881,
CHE,1970,,,4105.36413250043,
CHE,1971,,,4907.59287729073,
CHE,1972,,,5973.4501067982,
CHE,1973,,,7974.29599499321,
CHE,1974,,,9140.4774820335,
CHE,1975,,,10483.7383169758,
CHE,1976,,,11028.6902695066,
CHE,1977,,,11819.0992661464,
CHE,1978,,,16527.5418872075,
CHE,1979,,,18540.7939017858,
CHE,1980,,,19686.1176580085,
CHE,1981,,,17931.1995616883,
CHE,1982,,,18271.2022643537,
CHE,1983,,,18128.3445973503,
CHE,1984,,,17247.2788344951,
CHE,1985,,,17410.5515558783,
CHE,1986,,,24828.4274790847,
CHE,1987,,,30899.2043209944,
CHE,1988,,,33183.0267583533,
CHE,1989,,,31780.4259301316,
CHE,1990,,0.596,40170.8696758305,
CHE,1991,1.818,1.18,40140.3718874038,
CHE,1992,2.344,1.75,41327.1832947809,
CHE,1993,3.551,2.17,39828.3640333356,
CHE,1994,3.58,2.72,43741.1064805172,
CHE,1995,3.094,3.55,50868.9734516769,
CHE,1996,3.684,4.55,48837.8072568268,
CHE,1997,4.127,15.1,42159.9962722039,
CHE,1998,3.568,24.8,43165.639648677,
CHE,1999,3.053,34.0,42260.8690492557,
CHE,2000,2.658,47.1,39298.0968042444,38.1127586364746
CHE,2001,2.49,55.1,40133.6101965261,39.2238006591797
CHE,2002,2.924,61.4,43094.2492848494,39.9602890014648
CHE,2003,4.117,65.1,49947.3910175152,43.0505409240723
CHE,2004,4.316,67.8,55349.6164595028,44.8805198669434
CHE,2005,4.437,70.1,57080.0704338193,45.2465286254883
CHE,2006,3.995,75.7,59910.293405504,46.2847785949707
CHE,2007,3.641,77.2,66082.1233977532,47.8155517578125
CHE,2008,3.35,79.2,75147.5376709155,49.6888809204102
CHE,2009,4.109,81.3,72788.2049524379,50.3034515380859
CHE,2010,4.808,83.9,77956.1262043942,52.8040618896484
CHE,2011,4.409,85.1930281804854,91910.3964565203,53.1352806091309
CHE,2012,4.491,85.2,87269.5594780124,54.835620880127
CHE,2013,4.747,86.34,88851.2374497983,56.1812400817871
CHE,2014,4.826,83.6172512621702,90511.6484558843,58.0650596618652
CHE,2015,4.801,87.4790555978675,85265.06205193,60.8185615539551
CHE,2016,4.918,89.1346877351392,83432.4111596314,61.1939888000488
CHE,2017,4.797,89.6861476710225,83610.248611484,62.4597206115723
CHE,2018,4.713,91.80000305,87002.3382293532,64.3533935546875
CHE,2019,4.394,93.1460869535177,85872.9702303454,66.3093414306641
CHE,2020,4.817,94.34999847,87529.7016394892,68.0676422119141
CHE,2021,5.013,95.56937154,96582.8687080693,71.893928527832
CHE,2022,4.122,96.45279694,97809.095567203,74.1526794433594
CHE,2023,4.043,97.34436623,104449.75451772,74.0060882568359
CHE,2024,4.343,97.3443985,107702.065940312,73.5430526733398
CHE,2025,4.873,97.32103855,114769.012314293,
CHI,1991,5.679,,,
CHI,1992,6.121,,,
CHI,1993,7.082,,,
CHI,1994,7.235,,,
CHI,1995,6.974,,,
CHI,1996,6.897,,,
CHI,1997,6.685,,,
CHI,1998,6.278,,40472.6653548172,
CHI,1999,5.91,,42443.7199726991,
CHI,2000,5.351,,43479.1940767689,
CHI,2001,5.041,,41873.7406146127,
CHI,2002,5.313,,44459.7318188977,
CHI,2003,5.644,,48570.7796632166,
CHI,2004,5.848,,56259.5344226334,
CHI,2005,5.833,,57647.1188908006,
CHI,2006,5.571,,62745.1006593557,
CHI,2007,5.23,,74139.97799443,
CHI,2008,5.295,,,
CHI,2009,6.674,,57778.5407063052,
CHI,2010,7.024,,56123.4597963451,
CHI,2011,7.244,,60415.2632075658,
CHI,2012,8.028,,58809.5698945413,
CHI,2013,8.572,,59308.4666588674,
CHI,2014,8.319,,64697.5485024325,
CHI,2015,7.928,,61847.8212238857,
CHI,2016,7.469,,55947.579811974,
CHI,2017,6.881,,55806.3554257428,
CHI,2018,6.344,,60784.8125397162,
CHI,2019,6.185,,60564.6293993681,
CHI,2020,6.633,,56785.9402005039,
CHI,2021,6.643,,66915.3963925722,
CHI,2022,5.923,,67627.1417347907,
CHI,2023,5.928,,74585.5224096294,
CHI,2024,6.031,,,
CHI,2025,6.169,,,
CHL,1960,,,516.487539077836,
CHL,1961,,,594.436306222113,
CHL,1962,,,678.584336588862,
CHL,1963,,,657.719196593697,
CHL,1964,,,685.970202891974,
CHL,1965,,,686.123541995524,
CHL,1966,,,790.361773771396,
CHL,1967,,,764.265128656993,
CHL,1968,,,765.847401648627,
CHL,1969,,,873.581889905917,
CHL,1970,,,940.648345061287,
CHL,1971,,,1098.91469956231,
CHL,1972,,,1185.04994801594,
CHL,1973,,,1666.99542750899,
CHL,1974,,,1578.5836760852,
CHL,1975,,,732.054406775965,
CHL,1976,,,970.957314866348,
CHL,1977,,,1296.86854720323,
CHL,1978,,,1465.45605636916,
CHL,1979,,,1962.08185606537,
CHL,1980,,,2570.84311890682,
CHL,1981,,,3012.3447816477,
CHL,1982,,,1663.28043251256,
CHL,1983,,,1715.40345654344,
CHL,1984,,,1636.22476246476,
CHL,1985,,,1446.80604557863,
CHL,1986,,,1524.97809458987,
CHL,1987,,,1767.41389670161,
CHL,1988,,,2013.53987790886,
CHL,1989,,,2277.84764297202,
CHL,1990,,0.0,2487.76829657299,
CHL,1991,5.23,,2798.34262413795,
CHL,1992,4.35,0.0365,3351.84108855522,
CHL,1993,4.49,0.0718,3540.91377313015,
CHL,1994,5.87,0.141,4012.10159912285,
CHL,1995,4.7,0.347,5081.4682771561,
CHL,1996,7.414,0.683,5333.50438729711,
CHL,1997,7.136,1.06,5741.95842989596,
CHL,1998,7.307,1.66,5419.82417297191,
CHL,1999,11.158,4.1,4933.55581516755,
CHL,2000,10.491,16.6,5052.99245766325,35.4313201904297
CHL,2001,10.39,19.1,4563.5952986689,
CHL,2002,10.168,22.1,4430.84741157984,40.2664985656738
CHL,2003,9.765,25.4737788864723,4773.40177520754,43.5181999206543
CHL,2004,10.162,28.1779101232438,6120.59152055344,44.3284606933594
CHL,2005,9.34,31.1753006,7480.32330998636,50.2735595703125
CHL,2006,9.024,34.4977511736017,9318.65655296121,49.3216896057129
CHL,2007,8.427,35.90000153,10346.4138184533,54.7230491638184
CHL,2008,9.285,37.29999924,10683.2188772511,56.7743988037109
CHL,2009,11.313,41.56,10098.8017167286,59.9912910461426
CHL,2010,8.547,45.0,12632.8704724192,66.3445205688477
CHL,2011,7.492,52.2496072877744,14487.3927832032,70.8241806030273
CHL,2012,6.79,55.04999924,15241.9069981119,75.0770721435547
CHL,2013,6.361,58.0,15683.5486369155,79.8703384399414
CHL,2014,6.761,61.11000061,14529.6767206336,83.6629791259766
CHL,2015,6.605,76.6295919508796,13433.9202987032,86.4181137084961
CHL,2016,6.926,83.5585860244169,13649.8520452803,88.8458862304688
CHL,2017,7.257,82.3274869338464,14879.9086227187,89.921989440918
CHL,2018,7.623,84.90000153,15659.4808675628,91.1974792480469
CHL,2019,7.493,85.01760101,14496.9345640362,92.0659713745117
CHL,2020,10.934,87.45929718,13117.9930230086,89.1124877929688
CHL,2021,9.281,90.23280334,16216.1840860289,96.2227935791016
CHL,2022,8.249,92.31819916,15399.1044717559,99.3372802734375
CHL,2023,9.013,94.45742345,17081.5180740049,104.734062194824
CHL,2024,8.718,95.590243,16658.9652720351,110.176902770996
CHL,2025,8.974,,17994.5911957485,
CHN,1960,,,89.7150749167731,
CHN,1961,,,75.9655011127574,
CHN,1962,,,71.0616845971262,
CHN,1963,,,74.4681540864463,
CHN,1964,,,85.6611074645449,
CHN,1965,,,98.6681688740435,
CHN,1966,,,104.50646350178,
CHN,1967,,,96.7614480104016,
CHN,1968,,,91.6454581848979,
CHN,1969,,,100.308139479526,
CHN,1970,,,113.346243039894,0.127020001411438
CHN,1971,,,118.84249157909,
CHN,1972,,,132.097410431007,
CHN,1973,,,157.339888078555,0.20354999601841
CHN,1974,,,160.402546852304,0.325690001249313
CHN,1975,,,178.621249282085,0.449310004711151
CHN,1976,,,165.680987722637,0.552359998226166
CHN,1977,,,185.728620718294,0.623939990997314
CHN,1978,,,156.655616850835,0.692219972610474
CHN,1979,,,184.285853059043,1.00964999198914
CHN,1980,,,195.149479992051,1.28211998939514
CHN,1981,,,197.425510967822,2.04293990135193
CHN,1982,,,203.722788366928,
CHN,1983,,,225.86534696156,
CHN,1984,,,251.192686463827,1.91119003295898
CHN,1985,,,295.007445815897,2.19702005386352
CHN,1986,,,282.445603096707,2.78308010101318
CHN,1987,,,252.256760114454,3.05593991279602
CHN,1988,,,284.023573149686,3.09079003334045
CHN,1989,,,311.429461227032,3.01722002029419
CHN,1990,,0.0,318.50335359039,3.00202989578247
CHN,1991,2.37,,334.130288119078,2.88314008712769
CHN,1992,2.37,,367.822651903542,2.81714010238648
CHN,1993,2.69,0.000169,378.939353053314,2.93351006507873
CHN,1994,2.9,0.00117,475.677874448369,3.77007007598877
CHN,1995,3.0,0.00495,612.680277898627,4.65805006027222
CHN,1996,3.12,0.0131,713.337387811657,5.27504014968872
CHN,1997,3.23,0.0324,786.743548510999,5.79580020904541
CHN,1998,3.24,0.169,835.095348597432,6.25878000259399
CHN,1999,3.25,0.708,881.146614068925,6.61046981811523
CHN,2000,3.26,1.77591320677415,969.199513696287,7.57777976989746
CHN,2001,3.8,2.63965021485872,1065.40597574519,9.28069019317627
CHN,2002,4.24,4.59570433077551,1163.55957673426,11.8050804138184
CHN,2003,4.58,6.2,1306.97245408557,14.513970375061
CHN,2004,4.49,7.3,1530.92726215723,16.9004402160644
CHN,2005,4.52,8.52325700269541,1777.64496828464,18.6565208435059
CHN,2006,4.43,10.5231526193851,2129.25696999613,20.5667705535889
CHN,2007,4.35,16.0,2734.72709877693,21.4715595245361
CHN,2008,4.59,22.6,3523.44302065213,21.8667392730713
CHN,2009,4.72,28.9,3898.24459158811,23.2886295318604
CHN,2010,4.53,34.3,4629.24551710077,25.2883066277701
CHN,2011,4.55,38.3,5703.76027973346,26.7875039907406
CHN,2012,4.58,42.30009842,6405.0574241349,29.3081906903292
CHN,2013,4.6,45.79999924,7147.03518622344,32.7191603158803
CHN,2014,4.63,47.90000153,7781.06597484974,43.7110051016854
CHN,2015,4.65,50.29999924,8175.33285077393,47.1192619330726
CHN,2016,4.56,53.2,8254.86859320357,49.309077375597
CHN,2017,4.47,54.3,8979.67652709856,51.0678812273407
CHN,2018,4.31,65.35839844,10085.6638148819,53.3987984572814
CHN,2019,4.56,64.080881297515,10342.9009524335,56.6050917923292
CHN,2020,5.0,70.05275998,10627.4637989619,61.6124675996947
CHN,2021,4.55,73.05323517,12887.4357242941,66.8186077597542
CHN,2022,4.98,75.61131603,12970.6056414327,71.5799465086024
CHN,2023,4.67,90.6,12951.1782397043,74.5933014618366
CHN,2024,4.59,92.0,13293.1162269366,76.8757843123403
CHN,2025,4.615,91.6,13861.970224368,
CIV,1960,,,148.680788984181,
CIV,1961,,,162.262764436326,
CIV,1962,,,163.076679659123,
CIV,1963,,,185.076825958966,
CIV,1964,,,215.506240264261,
CIV,1965,,,207.044838566402,
CIV,1966,,,221.786392228948,
CIV,1967,,,225.620934131463,
CIV,1968,,,256.768714344803,
CIV,1969,,,262.192286003745,
CIV,1970,,,268.957733574566,
CIV,1971,,,280.333660150746,1.01452004909515
CIV,1972,,,312.942348100524,1.01679003238678
CIV,1973,,,405.568979472686,1.17733001708984
CIV,1974,,,474.223861362208,1.20425999164581
CIV,1975,,,574.626405877437,
CIV,1976,,,660.538618229175,1.27639997005463
CIV,1977,,,855.655691363342,1.5035799741745
CIV,1978,,,1039.11498268738,1.69719994068146
CIV,1979,,,1157.00139805383,1.98238003253937
CIV,1980,,,1237.80216768229,2.17178010940552
CIV,1981,,,985.507547907408,2.79007005691528
CIV,1982,,,849.479705391045,2.50741004943848
CIV,1983,,,737.449968695419,
CIV,1984,,,708.940252199945,2.24981999397278
CIV,1985,,,694.951691466923,2.22501993179321
CIV,1986,,,877.154956751363,
CIV,1987,,,929.611362954514,2.43722009658814
CIV,1988,,,909.534182158689,
CIV,1989,,,832.559837958259,
CIV,1990,,0.0,885.647842214928,
CIV,1991,6.595,,827.241889166985,
CIV,1992,6.7,,844.902223806738,2.47028994560242
CIV,1993,5.869,,804.149657211252,2.93564009666443
CIV,1994,5.046,,581.888468577405,3.6460599899292
CIV,1995,4.1,0.0002,740.4730999133,3.5975399017334
CIV,1996,4.039,0.00841,1170.23622049666,
CIV,1997,3.964,0.0188,1124.65674867927,5.41806983947754
CIV,1998,4.1,0.061,1177.37133815342,
CIV,1999,4.421,0.119,1096.13520587572,5.49134016036987
CIV,2000,4.835,0.231461670612799,936.636541348798,
CIV,2001,5.195,0.395747702246439,924.727294962066,
CIV,2002,5.508,0.497929360753307,967.815864415991,
CIV,2003,5.847,0.758669629452205,1111.17135087887,
CIV,2004,5.915,0.849282414747704,1199.82524528546,
CIV,2005,6.023,1.039199948,1197.74616979415,
CIV,2006,6.017,1.52489996,1230.43056838584,
CIV,2007,6.284,1.799999952,1367.53817722326,7.9370698928833
CIV,2008,6.382,1.899999976,1583.97066701372,7.48366022109985
CIV,2009,6.573,2.0,1540.45393569596,7.18858003616333
CIV,2010,6.607,2.700000048,1553.54887048143,6.53099472386889
CIV,2011,7.144,2.900000095,1596.62826565998,2.92101759305363
CIV,2012,7.223,4.400000095,1546.9460184731,
CIV,2013,4.255,6.599999905,1786.15862031324,7.35426503598509
CIV,2014,3.274,10.0,1991.36539423404,7.73897659286671
CIV,2015,2.573,38.4400001654616,1814.71855088017,8.46433224598306
CIV,2016,1.896,41.2078149304414,1862.59597081287,8.89557845705252
CIV,2017,3.272,43.8399208514876,1964.29930338343,9.52488768872621
CIV,2018,2.852,37.5465361301281,2130.86619381144,
CIV,2019,2.401,36.2889545655205,2141.76836170115,10.3256981639741
CIV,2020,2.588,36.01660156,2179.72934832935,10.2664091345849
CIV,2021,2.623,35.95069885,2455.98127641148,10.7725833415282
CIV,2022,2.31,38.41328122,2333.37128301259,11.1134926507622
CIV,2023,2.263,40.65284979,2591.9659048119,11.5724272130065
CIV,2024,2.273,41.43219902,2727.8935220697,12.3354902267456
CIV,2025,2.323,,3050.10202257321,
CMR,1960,,,119.05394115577,
CMR,1961,,,124.593165563331,
CMR,1962,,,130.042569873656,
CMR,1963,,,131.642014675439,
CMR,1964,,,139.228109587718,
CMR,1965,,,142.704307565995,
CMR,1966,,,145.80598283154,
CMR,1967,,,156.621290691062,
CMR,1968,,,170.782666507465,
CMR,1969,,,175.150496434432,
CMR,1970,,,178.488982961305,
CMR,1971,,,186.724820408777,0.505140006542206
CMR,1972,,,220.108720960652,0.628729999065399
CMR,1973,,,271.757290053085,0.790019989013672
CMR,1974,,,299.908339494791,0.938520014286041
CMR,1975,,,386.236450275088,1.05918002128601
CMR,1976,,,381.429915266252,
CMR,1977,,,435.408656274786,
CMR,1978,,,581.989336032215,
CMR,1979,,,718.356902030319,1.60098004341126
CMR,1980,,,784.116227118122,1.79464995861053
CMR,1981,,,749.847541304586,1.57133996486664
CMR,1982,,,732.250719743892,1.62293004989624
CMR,1983,,,745.513189491527,1.75986003875732
CMR,1984,,,771.702146026357,1.98712003231049
CMR,1985,,,875.337721693686,2.19409990310669
CMR,1986,,,1178.59374950439,
CMR,1987,,,1258.31412766207,2.46875
CMR,1988,,,1145.16555992416,2.63007998466492
CMR,1989,,,1000.89261316386,2.60480999946594
CMR,1990,,0.0,1086.71700937081,2.95227003097534
CMR,1991,8.986,,1014.82897292999,3.23773002624512
CMR,1992,9.055,,1005.44897647465,
CMR,1993,9.154,,1309.93629975506,
CMR,1994,8.878,,700.70950185009,
CMR,1995,8.598,,832.006674487689,
CMR,1996,8.06,,826.965322327363,
CMR,1997,7.859,0.00677,783.251601945462,
CMR,1998,7.695,0.0132,798.745621406677,
CMR,1999,7.595,0.129,796.262649784591,4.9432201385498
CMR,2000,7.533,0.252120077733662,708.565731625965,4.69010019302368
CMR,2001,7.46,0.277051321848797,715.470296470585,4.71602010726929
CMR,2002,6.711,0.360871584267755,789.623811072554,5.15587997436523
CMR,2003,5.908,0.587622611130454,988.241276791846,5.22031021118164
CMR,2004,5.087,0.976075415490902,1133.39326749673,5.22725009918213
CMR,2005,4.4,1.402699947,1142.62466252106,6.03904008865356
CMR,2006,3.729,2.028700113,1191.45458990968,7.07693004608154
CMR,2007,3.063,2.93,1325.67248215933,7.57396984100342
CMR,2008,3.386,3.400000095,1492.14269801453,8.20874977111816
CMR,2009,3.743,3.84,1461.38999232337,9.40400981903076
CMR,2010,4.11,4.300000191,1398.58702025047,11.5745716750246
CMR,2011,3.988,5.0,1513.96056994878,12.5102445161105
CMR,2012,3.836,7.5,1449.09874362279,13.5363302230835
CMR,2013,3.686,10.0,1575.92882118897,15.7712802886963
CMR,2014,3.534,16.2148722257524,1649.4433905949,16.7535896301269
CMR,2015,3.518,18.29999924,1415.00009710569,17.2970758627753
CMR,2016,3.529,20.60000038,1441.7201725688,12.7046554004596
CMR,2017,3.573,23.2029719748646,1496.08951771242,12.9818161813936
CMR,2018,3.608,29.70000076,1610.69641591017,14.5449548868213
CMR,2019,3.632,36.53919983,1555.22660476477,15.0528614131463
CMR,2020,3.881,37.69749832,1555.60370660749,15.5519566247682
CMR,2021,3.976,38.89260101,1672.32657340872,17.1581831920239
CMR,2022,3.646,40.12559891,1604.87726954895,16.4371527754335
CMR,2023,3.607,42.24380112,1720.47510154506,16.0404395184936
CMR,2024,3.603,46.25880051,1830.00833684727,16.6614294830602
CMR,2025,3.602,,1972.3815800786,
COD,1960,,,220.074550221277,
COD,1961,,,197.080395165053,
COD,1962,,,235.127290601122,
COD,1963,,,376.383370020937,
COD,1964,,,169.949259765221,
COD,1965,,,232.037397382746,
COD,1966,,,252.770361839944,
COD,1967,,,183.291086454789,
COD,1968,,,205.645995783134,
COD,1969,,,257.144636724402,
COD,1970,,,242.219759763837,
COD,1971,,,270.336629028245,0.678390026092529
COD,1972,,,290.511803326089,0.811240017414093
COD,1973,,,360.562591604638,0.849960029125214
COD,1974,,,428.074954493294,0.947889983654022
COD,1975,,,444.693899464352,1.05741000175476
COD,1976,,,408.42239095403,1.21746003627777
COD,1977,,,509.488368681423,1.22378003597259
COD,1978,,,615.084195317772,1.26279997825623
COD,1979,,,582.089432219357,1.25701999664307
COD,1980,,,538.911839414196,1.13153994083404
COD,1981,,,455.912227033575,1.16972994804382
COD,1982,,,481.7409782053,1.34798002243042
COD,1983,,,376.285479915589,1.25703001022339
COD,1984,,,259.801889543739,1.41752994060516
COD,1985,,,230.132255248427,1.37082004547119
COD,1986,,,250.900914044275,1.3996399641037
COD,1987,,,230.086415834499,1.51699995994568
COD,1988,,,257.725151748806,1.69459998607635
COD,1989,,,254.231037905154,1.91014003753662
COD,1990,,0.0,254.872656292509,2.01207995414734
COD,1991,3.272,,253.79642770809,2.3406400680542
COD,1992,3.372,,209.726548794417,
COD,1993,3.45,,263.335582841074,
COD,1994,3.403,,136.542547670676,
COD,1995,3.285,,127.008078734668,2.31089997291565
COD,1996,3.156,0.000108,127.416132828292,
COD,1997,3.171,0.000211,132.323520768553,
COD,1998,3.195,0.000413,131.461338858019,
COD,1999,3.23,0.00101,96.3192243479286,1.45257997512817
COD,2000,3.245,0.0059021136806903,377.925421481395,
COD,2001,3.251,0.0114757819210493,142.678142604412,
COD,2002,3.179,0.0927907024606925,162.38052907429,
COD,2003,3.057,0.134914837437335,161.491553524396,
COD,2004,2.976,0.196208375178039,180.664764963633,
COD,2005,2.948,0.238000005,214.539740473519,
COD,2006,3.174,0.296099991,255.445229568751,4.20873022079468
COD,2007,3.404,0.370000005,294.101615124419,4.20303010940552
COD,2008,3.627,0.439999998,352.900363371995,5.27932977676392
COD,2009,3.882,0.560000002,280.178991035792,6.261549949646
COD,2010,4.098,0.72,352.400398754692,
COD,2011,4.317,1.200000048,372.514273875789,7.55883979797363
COD,2012,4.485,1.679999948,409.931424783784,7.63979005813599
COD,2013,4.469,2.200000048,460.370334930107,6.37279987335205
COD,2014,4.436,3.0,489.175952097319,
COD,2015,4.441,3.799999952,495.826633014883,
COD,2016,4.528,10.1,459.765036590388,5.9003701210022
COD,2017,4.613,,431.052559128788,
COD,2018,4.632,11.69999981,518.169626875371,
COD,2019,4.605,13.02970028,504.00419142286,
COD,2020,5.355,14.51049995,486.425572682256,6.37987995147705
COD,2021,5.289,16.1595993,595.743074403567,
COD,2022,4.54,17.99620056,687.738587554685,
COD,2023,4.469,18.96789932,660.21205238997,
COD,2024,4.421,19.67350006,692.887665085098,
COD,2025,4.434,,806.776000708534,
COG,1960,,,124.659670363931,
COG,1961,,,139.872074436703,
COG,1962,,,149.591249938458,
COG,1963,,,150.65075197733,
COG,1964,,,158.061964516344,
COG,1965,,,164.186892761636,
COG,1966,,,177.551344246999,
COG,1967,,,185.656603616519,
COG,1968,,,190.84225732065,
COG,1969,,,195.431023577377,
COG,1970,,,196.7324156078,
COG,1971,,,223.538723764898,1.46164000034332
COG,1972,,,276.271849546575,1.15778994560242
COG,1973,,,353.380993825585,1.57868003845215
COG,1974,,,369.945183927696,1.86175000667572
COG,1975,,,471.473628201515,2.11066007614136
COG,1976,,,452.578147155598,2.23813009262085
COG,1977,,,448.136782421875,2.54931998252869
COG,1978,,,502.704251443805,2.99479007720947
COG,1979,,,670.245223116511,3.47443008422852
COG,1980,,,932.646715470458,4.22950983047485
COG,1981,,,1066.18677734612,4.33963012695312
COG,1982,,,1130.97081000634,5.14447021484375
COG,1983,,,1075.34825792814,5.28028011322021
COG,1984,,,1097.04958637388,5.37423992156982
COG,1985,,,1049.31821372865,5.39250993728638
COG,1986,,,872.048697635314,5.30333995819092
COG,1987,,,1052.33893542503,5.27370023727417
COG,1988,,,984.376285838246,5.57554006576538
COG,1989,,,1032.8649749016,4.61790990829468
COG,1990,,0.0,1175.66709098428,4.57369995117188
COG,1991,19.911,,1112.53521242945,4.54329013824463
COG,1992,19.916,,1164.22442980292,4.98357009887695
COG,1993,19.99,,1034.37200809816,5.57453012466431
COG,1994,20.269,,661.904273689712,
COG,1995,20.226,,769.606794842829,
COG,1996,20.049,0.00353,898.794050151577,
COG,1997,19.886,0.00347,804.304050086499,
COG,1998,19.898,0.00342,660.379775085784,
COG,1999,20.141,0.0168,776.416349733937,3.67139005661011
COG,2000,19.872,0.0263547320580279,1024.30159109181,5.24350023269653
COG,2001,19.88,0.0322236164306931,854.598314408095,4.20174980163574
COG,2002,19.644,0.157249517243982,905.538135544704,3.7616400718689
COG,2003,19.877,0.460014186837522,1016.82363412143,3.79619002342224
COG,2004,19.896,1.07750492958505,1306.10136324599,
COG,2005,19.796,1.463400006,1799.05158366154,
COG,2006,19.563,2.007999897,2103.5821381211,
COG,2007,19.909,2.75970437370903,2206.47101863414,
COG,2008,19.962,4.28750990276481,2832.09177777643,
COG,2009,19.844,4.5,2271.15219175966,5.87968015670776
COG,2010,19.3,5.0,2946.55798067708,
COG,2011,19.435,5.6,3396.16505817952,7.95887994766235
COG,2012,19.491,6.106699944,3732.32737320389,9.09545040130615
COG,2013,19.845,6.599999905,3697.41705884249,8.56632041931152
COG,2014,19.696,7.110000134,3601.2365808718,
COG,2015,20.02,7.616000175,2439.35189403696,
COG,2016,20.298,8.121899605,2093.10728558843,
COG,2017,20.737,8.649999619,2211.63309874797,12.1461896896362
COG,2018,20.84,11.8071003,2694.43413191427,
COG,2019,20.494,16.11639977,2488.42466724916,
COG,2020,22.286,21.99850082,1993.586671931,
COG,2021,21.998,30.02739906,2516.16255145432,
COG,2022,20.131,40.98669815,2620.83804267402,
COG,2023,19.919,43.15039825,2477.97845544866,10.3812103271484
COG,2024,19.895,47.25159836,2482.2489948456,
COG,2025,19.876,,2514.73393584747,
COL,1960,,,258.304433616071,
COL,1961,,,282.099440509948,
COL,1962,,,298.544207818945,
COL,1963,,,282.588330302742,
COL,1964,,,338.675935298365,
COL,1965,,,317.064563351518,
COL,1966,,,290.253385958132,
COL,1967,,,302.832507824134,
COL,1968,,,301.526502784249,
COL,1969,,,317.868798055367,
COL,1970,,,345.879101568471,
COL,1971,,,366.825167940364,
COL,1972,,,397.41211740514,
COL,1973,,,462.064375734059,
COL,1974,,,541.749901587091,
COL,1975,,,561.098036100584,
COL,1976,,,643.007914496566,
COL,1977,,,798.203021638873,
COL,1978,,,932.392695058624,
COL,1979,,,1095.0313839164,
COL,1980,,,1279.50116658241,
COL,1981,,,1362.18332520058,
COL,1982,,,1425.39936771371,
COL,1983,,,1383.7924605368,
COL,1984,,,1335.52821812362,
COL,1985,,,1192.21849833568,
COL,1986,,,1169.46212069392,
COL,1987,,,1192.58828638182,
COL,1988,,,1259.6174112078,
COL,1989,,,1244.3269459081,
COL,1990,,0.0,1474.8455285342,
COL,1991,10.12,,1485.73971889208,
COL,1992,9.44,,1730.39091795329,
COL,1993,7.8,,1929.26721811738,
COL,1994,8.25,0.107,2325.91872973374,
COL,1995,8.72,0.188,2583.66576349858,
COL,1996,11.81,0.33,2664.64056059983,
COL,1997,12.14,0.551,2873.2814350993,
COL,1998,15.0,1.13,2604.87166959518,
COL,1999,20.06,1.7,2241.22911801216,
COL,2000,20.52,2.207532992624,2555.00751039968,25.5096893310547
COL,2001,15.04,2.85419997133433,2472.99084035833,26.3812599182129
COL,2002,14.481,4.6,2428.92969771584,26.5130996704102
COL,2003,13.221,7.38892371052557,2311.94218760291,
COL,2004,13.717,9.1186903029666,2818.57195413044,29.5034599304199
COL,2005,11.062,11.0072638904585,3456.06610874512,32.253978729248
COL,2006,11.088,15.3416745365682,3789.85361217027,34.3662109375
COL,2007,11.204,21.79999924,4769.926147194,35.4785308837891
COL,2008,11.273,25.6,5541.83629665898,37.9448013305664
COL,2009,12.066,30.0,5250.97292433518,39.5088005065918
COL,2010,11.153,36.5,6398.2958447102,41.529670715332
COL,2011,10.288,40.3509157546318,7400.9940695669,45.2873306274414
COL,2012,9.959,48.98,8108.59838244229,47.4669914245605
COL,2013,9.246,51.7,8279.10255642981,50.7474899291992
COL,2014,8.799,52.568136539247,8187.20824890084,53.1794395446777
COL,2015,8.572,55.9049725142924,6248.51490534512,54.7961311340332
COL,2016,8.922,58.1364935728703,5959.84250367574,57.1437492370605
COL,2017,9.086,62.2598803162841,6479.53231292429,58.3960418701172
COL,2018,9.36,64.1263768204459,6816.96818309544,57.3205413818359
COL,2019,10.28,65.0069007159493,6472.54544924705,56.6663017272949
COL,2020,15.983,69.79533474,5339.68711357943,55.7331085205078
COL,2021,13.898,73.02837449,6222.62164397614,58.3159217834473
COL,2022,10.541,72.79637855,6680.44506854481,59.2901382446289
COL,2023,9.591,77.33686322,7012.49169137756,
COL,2024,9.619,79.34543299,7951.08624019412,
COL,2025,8.29,,8561.62091854449,
COM,1980,,,720.685109658453,
COM,1981,,,613.038043236083,
COM,1982,,,566.033006092361,
COM,1983,,,534.247684014857,
COM,1984,,,500.752665003745,
COM,1985,,,494.254932645725,
COM,1986,,,646.461974891796,
COM,1987,,,763.310316408075,
COM,1988,,,797.801503027398,
COM,1989,,,758.861242815325,
COM,1990,,0.0,903.20430581841,0.617150008678436
COM,1991,4.795,,879.348889291867,
COM,1992,4.528,,938.595399659213,0.555559992790222
COM,1993,4.571,,903.033729112507,0.578010022640228
COM,1994,4.566,,652.898017688557,
COM,1995,4.675,,800.623567802959,
COM,1996,4.774,,786.380773511866,0.901440024375916
COM,1997,4.561,0.0,714.519968676115,
COM,1998,4.614,0.0379,704.479817408486,
COM,1999,4.544,0.148,707.228776682623,1.51769995689392
COM,2000,4.4,0.271740607285909,633.309032776244,1.60367000102997
COM,2001,4.379,0.443068372538977,681.163857619963,
COM,2002,4.372,0.554869674985088,764.61349832543,
COM,2003,4.559,0.848189370151537,959.691049354812,3.42070007324219
COM,2004,4.571,1.32732717785355,1072.28409029621,
COM,2005,4.527,2.0,1105.78796866788,
COM,2006,4.482,2.200000048,1138.47908404345,
COM,2007,4.474,2.5,1289.73631056361,4.39438009262085
COM,2008,4.416,3.0,1455.02768595586,
COM,2009,4.303,3.5,1410.30516959473,6.19504022598267
COM,2010,4.19,5.099999905,1386.57533553376,7.90405216581276
COM,2011,4.12,5.5,1531.43969320468,9.48193229364778
COM,2012,4.091,5.975299835,1490.31425650871,10.5360636883691
COM,2013,3.98,6.5,1603.32653496691,9.13247966766357
COM,2014,3.984,6.980000019,1615.71709756316,9.5927242808028
COM,2015,4.031,7.459199905,1329.37048235986,
COM,2016,4.117,7.938300133,1365.48403444497,
COM,2017,4.049,8.478199959,1423.9248027797,18.8190281456697
COM,2018,3.975,,1540.71132257526,
COM,2019,3.926,16.38380051,1519.26386436068,
COM,2020,4.468,22.42040062,1527.16991011916,
COM,2021,4.394,30.68120003,1587.72988658008,
COM,2022,3.879,31.37409973,1533.87755393614,
COM,2023,3.833,31.92749977,1723.89474946474,
COM,2024,3.815,32.51750183,1857.87060684189,
COM,2025,3.819,,2055.75921566281,
CPV,1980,,,439.982602420059,
CPV,1981,,,425.407688720331,
CPV,1982,,,422.664667963472,
CPV,1983,,,410.112646734121,
CPV,1984,,,385.451419954827,
CPV,1985,,,396.494191452033,
CPV,1986,,,541.142985647338,
CPV,1987,,,658.415191378217,
CPV,1988,,,729.470012847852,
CPV,1989,,,727.151685588784,
CPV,1990,,0.0,817.442925539738,
CPV,1991,13.527,,831.61388764249,
CPV,1992,13.428,,907.847909529157,
CPV,1993,13.276,,1220.04997868613,
CPV,1994,12.936,,991.108974352157,
CPV,1995,12.883,,1165.13832331934,
CPV,1996,12.844,,1179.51522705182,
CPV,1997,13.01,0.241,1133.57422614008,
CPV,1998,13.055,0.473,1186.74294773086,
CPV,1999,13.071,1.16,1326.74466945164,1.54689002037048
CPV,2000,13.024,1.82244385164396,1189.51479345891,1.77746999263763
CPV,2001,13.242,2.68533271272311,1223.33055331575,1.54462003707886
CPV,2002,13.379,3.5187571749658,1328.57874270666,3.76713991165161
CPV,2003,13.604,4.32488539053715,1717.97565369655,4.45262002944946
CPV,2004,13.456,5.31883206957883,1929.49081468781,5.89057016372681
CPV,2005,13.439,6.07408710659813,2004.14680417563,7.33844995498657
CPV,2006,13.378,6.80891100753313,2256.99666191075,8.3322696685791
CPV,2007,13.294,8.28321981953034,3324.57675212498,9.42763996124268
CPV,2008,13.307,14.0,3908.64885822576,11.6451501846313
CPV,2009,13.517,21.0,3659.72046361628,14.5845203399658
CPV,2010,10.67,30.0,3579.46006137809,17.2396798150949
CPV,2011,10.956,32.0,4002.01386888785,19.8174684695304
CPV,2012,11.145,34.74,3736.81517011087,19.8951290654347
CPV,2013,11.398,37.5,3960.97596791345,22.2468122776255
CPV,2014,11.689,40.25999832,3985.60706548134,23.2703965538205
CPV,2015,11.923,42.6830141582781,3415.06266730931,22.524027665499
CPV,2016,12.085,50.3228178676892,3608.96605234906,23.6934975221505
CPV,2017,12.24,57.1621463484891,3893.09571382506,24.5594648459854
CPV,2018,12.17,59.5,4294.96510035729,24.2905954414767
CPV,2019,12.123,61.9433977593088,4380.78117331128,
CPV,2020,14.65,69.37339783,3539.22661248299,
CPV,2021,13.932,70.28250122,3971.44409203423,
CPV,2022,12.239,73.32740021,4323.31362032709,
CPV,2023,11.882,74.59919739,4794.90119772843,
CPV,2024,11.883,74.73519897,5170.20531932535,
CPV,2025,11.939,,5796.47207860911,
CRI,1960,,,382.309121831519,
CRI,1961,,,355.844447873806,
CRI,1962,,,335.221589042255,
CRI,1963,,,345.505369052711,
CRI,1964,,,353.710896791701,
CRI,1965,,,373.835690063441,
CRI,1966,,,395.15249847305,
CRI,1967,,,413.996506036274,
CRI,1968,,,444.805256869954,
CRI,1969,,,477.081346742249,
CRI,1970,,,535.539679724977,
CRI,1971,,,570.360229534426,
CRI,1972,,,638.851011611456,
CRI,1973,,,768.944717412776,
CRI,1974,,,817.076691410389,
CRI,1975,,,936.993196686988,
CRI,1976,,,1123.28179124262,
CRI,1977,,,1393.37513762224,
CRI,1978,,,1555.83716115258,
CRI,1979,,,1734.59560248294,
CRI,1980,,,2020.99067534283,
CRI,1981,,,1068.04672232202,
CRI,1982,,,1032.40548167496,
CRI,1983,,,1212.55765296791,
CRI,1984,,,1372.20149843952,
CRI,1985,,,1429.37836415122,
CRI,1986,,,1568.5640969552,
CRI,1987,,,1567.0320510901,
CRI,1988,,,1554.74048522018,
CRI,1989,,,1725.13936155907,
CRI,1990,,0.0,1829.6687089559,
CRI,1991,5.37,,2253.3819611182,
CRI,1992,3.93,0.00111,2612.38762395528,
CRI,1993,3.95,0.0815,2840.38709085425,
CRI,1994,4.05,0.28,3039.56331706225,
CRI,1995,5.18,0.417,3275.25258510331,
CRI,1996,6.16,0.841,3226.96401664833,
CRI,1997,5.68,1.64,3407.77611260904,
CRI,1998,5.33,2.67,3617.45758013205,
CRI,1999,5.9,3.9,3690.9615476017,
CRI,2000,5.08,5.80025302331829,3812.75386183689,
CRI,2001,6.051,9.55948213497093,3985.12987980056,
CRI,2002,6.396,19.8948511346293,4067.71854177094,
CRI,2003,6.654,20.3336148143541,4173.14853766977,
CRI,2004,6.445,20.7923067055542,4431.01172024063,25.8056793212891
CRI,2005,6.749,22.07,4703.00720463794,
CRI,2006,5.926,25.10000038,5256.59641275583,
CRI,2007,4.557,28.39999962,6137.71199435022,
CRI,2008,4.934,32.29,6937.24261660254,
CRI,2009,7.824,34.33,6832.69828187486,
CRI,2010,7.171,36.5,8265.78820580299,
CRI,2011,9.518,39.2121959961842,9276.39109377477,44.6711883544922
CRI,2012,9.11,47.5,10126.9991155066,46.6885414123535
CRI,2013,8.218,45.96,10803.2401795009,47.5057106018066
CRI,2014,8.499,53.0,10911.4978703456,50.3342781066895
CRI,2015,8.415,59.7629501371681,11714.7106121672,51.2845802307129
CRI,2016,8.085,65.8804491942718,12091.0301560892,51.6516418457031
CRI,2017,7.729,71.5816646195022,12317.0902779911,54.4492301940918
CRI,2018,9.01,73.4797284369906,12620.0207321581,52.6140899658203
CRI,2019,10.807,81.2025964435269,12951.8588421841,55.0202903747559
CRI,2020,16.432,80.53018608,12475.6852076814,
CRI,2021,15.139,82.74901607,12962.2716075659,
CRI,2022,11.325,82.59801121,13971.7649991294,
CRI,2023,8.325,85.39514799,17140.771430122,
CRI,2024,6.936,87.17019653,18853.2828705886,
CRI,2025,6.843,,19970.0989059622,
CSS,1960,,,455.490441600162,
CSS,1961,,,486.571129974937,
CSS,1962,,,507.847334102197,
CSS,1963,,,530.733580669034,
CSS,1964,,,555.235936722189,
CSS,1965,,,584.032636917524,
CSS,1966,,,609.204934699445,
CSS,1967,,,654.511741813167,
CSS,1968,,,659.557119858247,
CSS,1969,,,704.371934968721,
CSS,1970,,,730.704086817937,4.4039101600647
CSS,1971,,,780.664219545997,4.37943983078003
CSS,1972,,,858.37605232848,4.57147979736328
CSS,1973,,,987.049904340167,4.74669981002808
CSS,1974,,,1295.57997042313,4.83447980880737
CSS,1975,,,1474.07313726819,5.17656993865967
CSS,1976,,,1497.92274413475,5.89448022842407
CSS,1977,,,1786.9463308162,6.15764999389648
CSS,1978,,,2023.78593701824,6.15292978286743
CSS,1979,,,2491.90112105547,6.11389017105103
CSS,1980,,,3199.78302389516,6.02961015701294
CSS,1981,,,3496.70815196286,6.02912998199463
CSS,1982,,,3851.96097447913,6.19103002548218
CSS,1983,,,3793.64092639991,5.76469993591309
CSS,1984,,,3908.46277598906,5.7889199256897
CSS,1985,,,3907.19546019831,5.98225021362305
CSS,1986,,,3307.33904696522,6.19642019271851
CSS,1987,,,3439.60046333553,6.45601987838745
CSS,1988,,,3530.0768972102,6.70971012115479
CSS,1989,,,3468.58939836147,7.07566022872925
CSS,1990,,,3713.69534828331,7.63067007064819
CSS,1991,16.3249606471741,,3792.22074880024,8.56671047210693
CSS,1992,17.043855044918,,3842.68138532177,8.82328987121582
CSS,1993,16.8394643774493,,3698.86380689568,9.07065963745117
CSS,1994,16.1154342863252,,3930.33084990997,9.40382957458496
CSS,1995,14.6507674227641,,4144.50619583341,9.52126026153564
CSS,1996,14.1980943997497,,4424.43957767727,9.88105964660645
CSS,1997,13.6119469585577,,5198.5063262239,10.2123603820801
CSS,1998,13.0418053985954,,5558.82422899327,10.1574897766113
CSS,1999,12.5019625854356,,5959.88473285313,10.1685104370117
CSS,2000,11.7427630641232,,6477.26482123395,12.4815998077393
CSS,2001,11.1794403357232,,6647.62547849072,13.4508304595947
CSS,2002,11.3083250951395,,6903.07418576198,14.4409503936768
CSS,2003,11.5380632882928,,7551.08983381761,15.3083400726318
CSS,2004,10.2916036767948,,8233.61082543875,16.4811305999756
CSS,2005,9.98480572264988,,9439.33720644986,16.0023498535156
CSS,2006,8.69394120180955,,10883.0475520742,16.1468200683594
CSS,2007,8.1976990614565,,12134.9066978741,17.4229507446289
CSS,2008,7.8711908829552,,13890.1303094208,18.9792003631592
CSS,2009,9.18808540593253,,11554.0589194758,19.4849090576172
CSS,2010,8.80934904598808,,12652.5691256578,20.8750495910644
CSS,2011,8.82531756416261,,13503.1582761636,20.8291606903076
CSS,2012,8.99563754734034,,14225.6111466707,22.1598205566406
CSS,2013,8.87950796126762,,14575.4918879542,21.7818107604981
CSS,2014,8.61294822432626,,14962.943351851,22.1476001739502
CSS,2015,8.22453564269079,,14497.8798625347,22.3374500274658
CSS,2016,8.52897625860849,,13377.8260731233,22.4458999633789
CSS,2017,8.24674002522057,,13708.7525902396,
CSS,2018,8.59708625490841,,13896.5484095788,
CSS,2019,8.21142514691839,,13995.7626558947,
CSS,2020,9.95181592662355,,11961.4085449634,
CSS,2021,9.71327125079923,,13996.4475071755,
CSS,2022,8.29867755889038,,17449.5193422186,
CSS,2023,7.51281290895946,,17609.6827071212,
CSS,2024,7.49180699898505,,19923.5745910977,
CSS,2025,7.55485245853424,,20880.0606776787,
CUB,1970,,,645.144917797076,
CUB,1971,,,770.084969682323,3.58806991577148
CUB,1972,,,891.631749208781,4.91187000274658
CUB,1973,,,1079.13081526456,6.36695003509521
CUB,1974,,,1216.74148211883,7.15510988235474
CUB,1975,,,1374.2396398274,8.71578979492188
CUB,1976,,,1440.73046137146,10.5223798751831
CUB,1977,,,1472.37881716617,13.5462503433228
CUB,1978,,,1837.39107006762,14.9866399765015
CUB,1979,,,2005.91326318373,15.8081398010254
CUB,1980,,,2030.93362280165,16.5827198028564
CUB,1981,,,2045.85231227999,16.1749000549316
CUB,1982,,,2113.80858874548,16.4109592437744
CUB,1983,,,2222.48851241339,16.1226997375488
CUB,1984,,,2386.44595066854,17.0571098327637
CUB,1985,,,2256.56948668495,18.1460704803467
CUB,1986,,,2364.89559789307,19.7975006103516
CUB,1987,,,2439.58400332393,21.5216102600098
CUB,1988,,,2632.04176839158,22.0718593597412
CUB,1989,,,2565.54117909344,21.2313804626465
CUB,1990,,0.0,2694.31697957692,20.6704692840576
CUB,1991,8.306,,2268.83493247194,20.8748302459717
CUB,1992,8.779,,2047.67900346421,19.6879501342773
CUB,1993,9.27,,2063.20366253587,17.9483890533447
CUB,1994,8.806,,2613.28971869122,16.7040901184082
CUB,1995,8.27,9.17e-05,2785.24442954103,14.2621002197266
CUB,1996,7.61,0.0319,2282.18809324202,13.4059000015259
CUB,1997,7.1,0.0682,2306.42483397336,13.2927103042603
CUB,1998,6.23,0.227,2332.30656133119,13.477499961853
CUB,1999,6.26,0.315,2561.77980406838,21.1540107727051
CUB,2000,5.45,0.541182548811058,2751.3817714814,22.9956703186035
CUB,2001,4.08,1.07975172188907,2842.96704310394,26.0719394683838
CUB,2002,3.31,3.77058503769014,3005.21104247868,27.423469543457
CUB,2003,2.33,5.2412690536929,3202.78109865637,32.568790435791
CUB,2004,1.854,8.40798475900703,3399.21962893402,52.4411582946777
CUB,2005,1.95,9.73806220781346,3786.33799225291,60.115119934082
CUB,2006,1.913,11.1596013147617,4329.98265964383,84.7447280883789
CUB,2007,1.788,11.69,4807.43888960684,105.017448425293
CUB,2008,1.583,12.94,4986.12436479175,117.163070678711
CUB,2009,1.67,14.33,5089.23519757167,113.827087402344
CUB,2010,2.5,15.9,5272.26755824835,93.544739814446
CUB,2011,3.18,16.0172907996413,6104.46105236166,78.4791611574931
CUB,2012,3.46,21.20000076,6470.83673392653,61.3519866952141
CUB,2013,3.29,27.93,6828.36428245396,47.9938388668246
CUB,2014,2.7,29.0701843656523,7146.70459051328,40.8057214253261
CUB,2015,2.4,37.3050974155373,7727.91997207998,36.7510276842099
CUB,2016,2.0,42.9786751910106,8110.55874283616,35.0523986816406
CUB,2017,1.7,57.1484043170788,8610.60829605429,41.1702416547293
CUB,2018,1.7,62.6789236230601,8911.46205998726,42.3506387045364
CUB,2019,1.705,67.9708086565152,9232.26115935183,44.7791807576091
CUB,2020,2.233,71.11907507,9605.27914559614,46.7357262964117
CUB,2021,2.11,67.64354869,,51.8885571735926
CUB,2022,1.829,67.88410187,,
CUB,2023,1.73,69.55580139,,49.7285704304293
CUB,2024,1.755,70.47699738,,43.1040700506779
CUB,2025,1.746,,,
CUW,2000,,,15841.2612359949,
CUW,2001,,,16609.8454536485,
CUW,2002,,,16723.6925253468,
CUW,2003,,,16695.7351137757,
CUW,2004,,,16671.3403391655,
CUW,2005,,,17032.3356620744,
CUW,2006,,,17400.1637780186,
CUW,2007,,,18005.7165850772,
CUW,2008,,,19423.3352430175,
CUW,2009,,,19540.2476579348,
CUW,2010,,,19847.2310127979,
CUW,2011,,,19426.326382752,
CUW,2012,,,19809.8223198624,
CUW,2013,,,19721.2921646576,23.0842005676443
CUW,2014,,,19623.029993395,
CUW,2015,,,19361.8130008678,
CUW,2016,,61.855510740634,18944.0961493998,
CUW,2017,,68.1272162511339,18938.2440469703,
CUW,2018,,,19119.1243941688,
CUW,2019,,,19220.6866958303,
CUW,2020,,,16299.8134688605,
CUW,2021,,,17795.5826483092,
CUW,2022,,,20057.1404960105,
CUW,2023,,,21217.8109173312,
CUW,2024,,,22832.895498987,
CYM,1990,,0.0,,
CYM,1993,,0.0,,
CYM,1994,,0.0,,
CYM,1995,,3.95,,
CYM,1999,,,,15.839599609375
CYM,2000,,,,21.135799407959
CYM,2001,,,,21.8025798797607
CYM,2002,,,,19.2189903259277
CYM,2003,,,,19.8089809417725
CYM,2005,,38.0343830823064,,
CYM,2006,,44.5,87085.0937376216,19.4577903747559
CYM,2007,,52.0,89888.2618212462,22.1045207977295
CYM,2008,,61.0,89655.1196222184,33.0195503234863
CYM,2009,,64.5,81373.5711516642,
CYM,2010,,66.0,76837.6699636672,
CYM,2011,,69.46594499,75280.960764889,
CYM,2012,,69.7,75101.59136128,
CYM,2013,,71.4,75113.7332398618,
CYM,2014,,74.1,75845.3060407986,
CYM,2015,,77.0,76379.2095108681,
CYM,2016,,79.0,77802.2541567187,
CYM,2017,,81.0676932508161,80053.9444506891,
CYM,2018,,,83865.5531568184,
CYM,2019,,,88254.2903677044,
CYM,2020,,,82338.7977439023,
CYM,2021,,,86449.6749037302,
CYM,2022,,,92937.8838323153,
CYM,2023,,,100065.233841107,
CYM,2024,,,104292.900672109,
CYP,1975,,,976.329895019531,
CYP,1976,,,1157.41162109375,
CYP,1977,,,1476.24755859375,
CYP,1978,,,1929.39929199219,
CYP,1979,,,2559.22900390625,
CYP,1980,,,4232.02294921875,
CYP,1981,,,4033.24047851563,
CYP,1982,,,4122.78466796875,
CYP,1983,,,4091.04858398438,
CYP,1984,,,4258.74365234375,
CYP,1985,,,4488.287109375,
CYP,1986,,,5642.63134765625,
CYP,1987,,,6690.578125,
CYP,1988,,,7645.6298828125,
CYP,1989,,,8038.9140625,
CYP,1990,,0.0,9641.5751953125,
CYP,1991,3.0,,9696.099609375,
CYP,1992,2.09,0.0501,11310.072265625,
CYP,1993,2.7,0.0564,10526.1416015625,
CYP,1994,2.7,0.111,11617.6923828125,
CYP,1995,2.6,0.41,15261.4169921875,
CYP,1996,3.1,0.673,15139.220703125,
CYP,1997,3.4,4.38,14234.2412109375,
CYP,1998,3.3,8.89,15092.828125,
CYP,1999,5.532,11.3,15287.91796875,
CYP,2000,4.766,15.2553943710137,14388.3525390625,
CYP,2001,4.043,18.8187590408455,14821.44921875,21.6125202178955
CYP,2002,3.336,28.32,16093.2158203125,25.1022891998291
CYP,2003,4.153,30.09,20252.24609375,31.9552307128906
CYP,2004,4.77,33.83,23792.619140625,36.0204582214355
CYP,2005,5.481,32.81,24959.26171875,34.102180480957
CYP,2006,4.593,35.83,26729.28125,34.3019485473633
CYP,2007,3.946,40.77,31244.87890625,36.2316017150879
CYP,2008,3.756,42.31,35541.88671875,40.8491706848145
CYP,2009,5.594,49.81,32236.462890625,47.6964492797852
CYP,2010,6.359,52.99,31105.02734375,48.311580657959
CYP,2011,7.942,56.8598923503507,32485.8046875,46.5397300720215
CYP,2012,12.097,60.6898684001903,28991.9296875,45.8635902404785
CYP,2013,16.131,65.4548,27764.7265625,47.470890045166
CYP,2014,16.277,69.3286967086473,26993.095703125,52.1083793640137
CYP,2015,15.026,71.7157409175171,23088.4296875,59.8640594482422
CYP,2016,13.006,75.9002054030125,24280.044921875,68.3754730224609
CYP,2017,11.155,80.743188971932,26247.46484375,79.827522277832
CYP,2018,8.504,84.4335825186889,29120.38671875,86.5899276733398
CYP,2019,7.155,86.0636299618935,29227.16796875,93.9260711669922
CYP,2020,7.755,90.80194644,28130.330078125,102.390762329102
CYP,2021,7.513,90.75951564,32937.8359375,106.362930297852
CYP,2022,6.806,89.60099194,33231.05078125,105.384979248047
CYP,2023,5.835,91.22110357,36623.70703125,107.26212310791
CYP,2024,4.9,89.60099246,38674.3125,120.87727355957
CYP,2025,4.924,,41783.08984375,
CZE,1990,,0.0,3969.36733543794,
CZE,1991,2.27,,2917.08655474323,
CZE,1992,2.6,,3396.70972430469,
CZE,1993,4.349,0.581,3984.1463439879,
CZE,1994,4.284,1.26,4663.28665345469,
CZE,1995,4.082,1.45,5865.29460556726,
CZE,1996,3.852,1.94,6573.19643136362,
CZE,1997,4.674,2.92,6069.38762357837,
CZE,1998,6.455,3.9,6526.59635780951,
CZE,1999,8.702,6.83,6377.6211077224,
CZE,2000,8.764,9.78052788834393,6062.92152842793,
CZE,2001,8.128,14.6971721171129,6669.07494847497,32.0267791748047
CZE,2002,7.28,23.93,8101.26018588111,36.8876609802246
CZE,2003,7.777,34.3,9852.45677945801,39.2078895568848
CZE,2004,8.298,35.5,11782.5546676117,45.4242782592773
CZE,2005,7.927,35.27,13442.4916284309,49.1181411743164
CZE,2006,7.141,47.93,15259.0788162004,49.8811302185059
CZE,2007,5.316,51.93,18452.6532812196,54.1809005737305
CZE,2008,4.392,62.97,22774.7045076205,57.9171714782715
CZE,2009,6.662,64.43,19817.4215836554,61.4115715026855
CZE,2010,7.281,68.82,20160.4355077059,64.9327697753906
CZE,2011,6.712,70.49,22049.1080788682,66.7968215942383
CZE,2012,6.979,73.4300078241036,20014.0354015165,66.9287719726562
CZE,2013,6.953,74.1104,20260.4954999375,66.3243179321289
CZE,2014,6.108,74.2317116367383,20038.4163180257,67.3959732055664
CZE,2015,5.048,75.668838699279,17931.5987670768,67.2303619384766
CZE,2016,3.952,76.4811986951838,18753.9686718096,67.5056381225586
CZE,2017,2.893,78.7191728513432,20913.197632212,67.7142181396484
CZE,2018,2.246,80.6881675434288,23705.9329811299,66.7902221679688
CZE,2019,2.015,80.8669444139622,24062.7190013343,66.8802185058594
CZE,2020,2.55,81.33889705,23472.8915454417,67.1843719482422
CZE,2021,2.803,82.67062427,27696.4619527544,69.8369293212891
CZE,2022,2.224,84.54009378,28282.2236715857,70.8145904541016
CZE,2023,2.579,85.99404818,31761.5944102491,66.7282867431641
CZE,2024,2.6,87.68776014,31827.7552539413,
CZE,2025,2.825,,35917.2724081665,
DEU,1960,,,1162.12266831735,
DEU,1961,,,1315.90787834504,
DEU,1962,,,1430.52095516263,
DEU,1963,,,1502.15452905146,
DEU,1964,,,1637.45522773672,
DEU,1965,,,1774.1986904555,
DEU,1966,,,1870.80540291774,
DEU,1967,,,1885.61596607874,
DEU,1968,,,2025.08159465853,
DEU,1969,,,2281.27598218229,
DEU,1970,,,2771.28310514754,
DEU,1971,,,3203.82884836051,
DEU,1972,,,3823.94032602696,
DEU,1973,,,5065.24523302283,
DEU,1974,,,5659.73787773336,
DEU,1975,,,6259.20744498342,
DEU,1976,,,6659.16546576017,
DEU,1977,,,7711.10232025365,
DEU,1978,,,9516.78283228907,
DEU,1979,,,11322.3543443813,
DEU,1980,,,12182.7800196802,
DEU,1981,,,10246.4767623188,
DEU,1982,,,9950.05926025365,
DEU,1983,,,9900.48559233526,
DEU,1984,,,9347.29068412377,
DEU,1985,,,9464.11694710857,
DEU,1986,,,13511.1520027486,
DEU,1987,,,16738.6132825523,
DEU,1988,,,17996.9783507619,
DEU,1989,,,17829.4609524705,
DEU,1990,,0.126,22385.6778250275,
DEU,1991,5.316,0.25,23443.3350818536,
DEU,1992,6.323,0.435,26559.8543879632,
DEU,1993,7.675,0.464,25616.6508772405,
DEU,1994,8.727,0.923,27201.9593555204,
DEU,1995,8.158,1.84,31747.2449398447,
DEU,1996,8.822,3.05,30599.7891048363,
DEU,1997,9.861,6.71,27046.9565464237,
DEU,1998,9.787,9.88,27395.9440608051,
DEU,1999,8.854,20.8,26965.4922773722,
DEU,2000,7.917,30.2163466048889,23925.8559901991,
DEU,2001,7.773,31.650939416316,23878.3641471651,
DEU,2002,8.482,48.82,25486.5942008748,
DEU,2003,9.779,55.9,30711.1022511331,
DEU,2004,10.727,64.73,34566.7359143735,
DEU,2005,11.193,68.71,35084.4363546269,
DEU,2006,10.277,72.16,36980.3349948954,
DEU,2007,8.732,75.16,42350.9217211489,
DEU,2008,7.508,78.0,46379.1647953479,
DEU,2009,7.88,79.0,42471.8868625226,
DEU,2010,7.043,82.0,42396.9665976293,
DEU,2011,5.967,81.26999953602,47630.9761883572,
DEU,2012,5.372,82.3499984738392,44718.0159214069,
DEU,2013,5.316,84.17,47206.8353514242,60.8984489440918
DEU,2014,4.979,86.1937006578756,48959.5991203133,65.1844787597656
DEU,2015,4.612,87.5897993525767,41929.7549110722,68.23291015625
DEU,2016,4.104,84.1652066441212,42948.9381932694,67.9464111328125
DEU,2017,3.781,84.3941537010844,45553.9341495339,68.4692306518555
DEU,2018,3.384,87.037112092841,48916.1686612154,69.1634292602539
DEU,2019,3.163,88.1345169091916,47656.199739747,72.705078125
DEU,2020,3.881,89.81294133,47394.8734504469,72.3894195556641
DEU,2021,3.594,91.43060973,52349.2459994422,75.6655426025391
DEU,2022,3.137,91.62984383,50506.5179638543,77.3656997680664
DEU,2023,3.071,92.4763763,54776.7668235491,78.5947494506836
DEU,2024,3.4,93.49999579,56103.7323182554,76.7096862792969
DEU,2025,3.711,,60496.4350820414,
DJI,1976,,,,0.0
DJI,1981,,,,0.0
DJI,1985,,,846.785538068015,
DJI,1986,,,,0.0
DJI,1987,,,821.682570354282,
DJI,1988,,,816.874614065329,
DJI,1989,,,781.9168386713,
DJI,1990,,0.0,780.497719360725,
DJI,1991,26.118,,732.733101553782,0.0
DJI,1992,26.457,,763.659214503152,0.0858300030231476
DJI,1993,27.253,,758.733842733535,0.105959996581078
DJI,1994,27.118,,784.556207408331,0.124420002102852
DJI,1995,27.303,0.016,786.201866748458,
DJI,1996,27.172,0.0312,761.943659476655,0.209659993648529
DJI,1997,27.176,0.0829,748.232840194914,0.251010000705719
DJI,1998,27.027,0.0947,735.349107889529,
DJI,1999,26.742,0.106,740.21930978973,0.244910001754761
DJI,2000,26.664,0.194500528399956,737.612183644052,0.257360011339188
DJI,2001,26.597,0.343526262964202,742.133791107063,0.654820024967194
DJI,2002,26.589,0.48697170451894,743.013270420348,0.934469997882843
DJI,2003,26.484,0.625940229399888,764.634465224597,1.14007997512817
DJI,2004,26.441,0.781317175068661,806.261652944964,1.43494999408722
DJI,2005,26.448,0.953599989,844.4483573908,2.15187001228333
DJI,2006,26.382,1.269999981,898.464628136774,2.43639993667602
DJI,2007,26.292,1.62,969.573220191902,2.70820999145508
DJI,2008,26.183,2.26,1119.15233346969,2.89696002006531
DJI,2009,26.325,4.0,1150.9375857489,3.63386988639831
DJI,2010,26.368,6.5,1213.23352553429,3.61855006217956
DJI,2011,26.31,7.0,1306.34552844977,5.16012001037598
DJI,2012,26.179,9.399999619,1400.19357858954,
DJI,2013,26.149,12.69999981,2075.94498424748,
DJI,2014,26.16,17.0,2214.62084142432,
DJI,2015,26.063,22.89999962,2376.12554719873,
DJI,2016,25.982,30.79999924,2510.4300076241,
DJI,2017,26.064,55.6814092453962,2618.95521147369,
DJI,2018,26.18,57.06169891,2718.08338799203,
DJI,2019,26.257,58.4762001,2837.16902340932,
DJI,2020,27.701,59.92570114,2844.88810647853,
DJI,2021,27.628,61.41120148,3025.91126413549,
DJI,2022,26.272,63.77600098,3133.25779772463,
DJI,2023,26.074,64.75869751,3381.29779710722,
DJI,2024,26.007,65.29889679,3552.72335079222,
DJI,2025,26.015,,3905.604954681,
DMA,1977,,,633.551741670682,
DMA,1978,,,785.575814800555,
DMA,1979,,,754.091460805232,
DMA,1980,,,996.191362332325,
DMA,1981,,,1124.97453088416,0.747860014438629
DMA,1982,,,1231.66928057818,
DMA,1983,,,1363.43800844996,
DMA,1984,,,1514.89217748336,0.669130027294159
DMA,1985,,,1665.53207185218,0.691640019416809
DMA,1986,,,1892.86556477773,
DMA,1987,,,2138.30385149099,
DMA,1988,,,2423.32574317463,
DMA,1989,,,2639.0495483153,0.850109994411469
DMA,1990,,0.0,2892.9815966454,
DMA,1991,,,3171.36577815405,5.67882013320923
DMA,1992,,,3376.26050139573,8.95604038238525
DMA,1993,,,3536.15609185727,6.9480299949646
DMA,1994,,,3805.20278759984,
DMA,1995,,0.549,3951.72267086358,
DMA,1996,,1.17,4210.99532034556,
DMA,1997,,,4372.19712966838,
DMA,1998,,2.93,4664.24268142919,
DMA,1999,,2.93,4817.18105502046,
DMA,2000,,8.81484419762881,4867.39896323759,
DMA,2001,,13.2452280386761,5527.51527300496,
DMA,2002,,18.4248927671241,5488.02784969357,
DMA,2003,,23.6204198529629,5447.44011496284,
DMA,2004,,30.3196130921568,5778.83306546506,
DMA,2005,,38.54359818,5695.22442394675,
DMA,2006,,39.39820099,6055.78109574854,
DMA,2007,,40.2745018,6459.03503689609,
DMA,2008,,41.15999985,6971.32633839289,
DMA,2009,,42.02000046,7487.49010395154,
DMA,2010,,47.45,7549.61964680375,
DMA,2011,,48.59999847,7705.40717248319,
DMA,2012,,49.79999924,7528.51001990155,
DMA,2013,,51.0,7822.21797211398,
DMA,2014,,57.5,8131.74876096735,
DMA,2015,,65.0,8282.59874702141,
DMA,2016,,67.02999878,8802.56172041363,
DMA,2017,,69.61969757,8224.64896571414,
DMA,2018,,,9215.3085405645,
DMA,2019,,73.38200378,9491.14995962374,
DMA,2020,,75.65670013,7827.74842680426,
DMA,2021,,78.07949829,8376.40414141113,
DMA,2022,,80.57980347,9323.66089490562,
DMA,2023,,81.33650208,9912.96212766668,
DMA,2024,,82.04689789,10405.2787777582,
DMA,2025,,,10989.0431185083,
DNK,1960,,,1389.0213943225,
DNK,1961,,,1530.53779004389,
DNK,1962,,,1711.2181376602,
DNK,1963,,,1807.25279179793,
DNK,1964,,,2049.39724281483,
DNK,1965,,,2284.22850484956,
DNK,1966,,,2487.13627144432,
DNK,1967,,,2700.74637883336,
DNK,1968,,,2776.13544525805,
DNK,1969,,,3151.13324311543,
DNK,1970,,,3464.45518278408,
DNK,1971,,,3845.59906810072,
DNK,1972,,,4653.95587889115,
DNK,1973,,,6116.89199229142,
DNK,1974,,,6763.86592918646,
DNK,1975,,,7988.15613263518,
DNK,1976,,,8773.3396162771,
DNK,1977,,,9769.57864283968,
DNK,1978,,,11817.6250875179,
DNK,1979,,,13757.2343740839,
DNK,1980,,,13822.1578405912,
DNK,1981,,,12000.2103769191,
DNK,1982,,,11740.2199128271,
DNK,1983,,,11796.5691955784,
DNK,1984,,,11516.6821578436,
DNK,1985,,,12212.7873997293,
DNK,1986,,,17136.6297376226,
DNK,1987,,,21295.6768566078,
DNK,1988,,,22524.5792595476,
DNK,1989,,,21882.1517463842,
DNK,1990,,0.0973,26885.6994188191,
DNK,1991,9.099,0.194,27002.8057705804,
DNK,1992,9.027,0.387,29579.4913648682,
DNK,1993,10.719,0.578,27581.7241097459,
DNK,1994,8.036,1.34,29967.8303903163,
DNK,1995,6.992,3.83,35321.0980773087,
DNK,1996,6.844,5.71,35621.9878051732,
DNK,1997,5.4,11.4,32779.879045297,
DNK,1998,5.039,22.7,33346.4884298957,
DNK,1999,5.141,30.6,33426.2381077405,
DNK,2000,4.476,39.1724308555053,30722.0251837567,
DNK,2001,4.164,42.9575247201878,30768.4775471112,61.3673095703125
DNK,2002,4.274,64.25,33257.1622586509,64.2234725952148
DNK,2003,5.398,76.26,40519.0974905924,68.1712493896484
DNK,2004,5.204,80.93,46625.050098011,74.9665069580078
DNK,2005,4.83,82.74,48925.8076698784,80.8124618530273
DNK,2006,3.897,86.65,52119.1787984282,78.5057678222656
DNK,2007,3.801,85.03,58631.6566433635,78.243293762207
DNK,2008,3.683,85.02,64616.6657583663,74.8606262207031
DNK,2009,6.409,86.84,58412.7472358513,73.1106262207031
DNK,2010,7.746,88.72,58104.5445594981,72.4951477050781
DNK,2011,7.769,89.8100133895232,61809.737898222,75.9300231933594
DNK,2012,7.798,92.2600117153012,58443.7747103968,77.7465515136719
DNK,2013,7.384,94.6297,61377.5940590412,80.4186782836914
DNK,2014,6.925,95.9935053764454,62520.4509747011,81.3143615722656
DNK,2015,6.278,96.3305016195436,53094.0133607574,83.300407409668
DNK,2016,5.989,96.9677852516645,54500.9260410217,82.1714935302734
DNK,2017,5.833,97.0993621555621,57521.5514992225,81.3220062255859
DNK,2018,5.131,97.3192043651002,61324.7665045565,81.1405487060547
DNK,2019,5.018,98.0464347521549,59404.2663247723,81.6945877075195
DNK,2020,5.644,96.54914573,60985.4885601514,82.6643295288086
DNK,2021,5.065,98.8658506,69340.7334922138,83.982292175293
DNK,2022,4.434,97.86011812,67781.0940939514,84.5866088867188
DNK,2023,5.094,98.77559197,68043.5466971243,81.2308197021484
DNK,2024,5.358,99.76915157,71026.4832271897,78.9604110717773
DNK,2025,5.529,,76970.1535217919,
DOM,1960,,,205.731509857004,
DOM,1961,,,193.908988795022,
DOM,1962,,,236.814700040461,
DOM,1963,,,262.186358003136,
DOM,1964,,,277.29715816349,
DOM,1965,,,233.160574151022,
DOM,1966,,,250.876691518053,
DOM,1967,,,256.20659739416,
DOM,1968,,,259.574438400563,
DOM,1969,,,287.699305710615,
DOM,1970,,,337.668123719964,
DOM,1971,,,368.349647697268,5.76929998397827
DOM,1972,,,427.224846368664,7.07578992843628
DOM,1973,,,490.3154952703,7.67027997970581
DOM,1974,,,595.356677805143,
DOM,1975,,,713.168169144024,8.30642986297607
DOM,1976,,,762.778347016951,
DOM,1977,,,862.976049221109,
DOM,1978,,,868.397371769969,
DOM,1979,,,983.739706495351,
DOM,1980,,,1180.18089253045,
DOM,1981,,,1288.46563140235,
DOM,1982,,,1376.26820466534,
DOM,1983,,,1499.95575255789,
DOM,1984,,,1843.52460788928,
DOM,1985,,,784.488809604008,
DOM,1986,,,931.659530115685,17.9057102203369
DOM,1987,,,868.087557831807,
DOM,1988,,,783.913142122635,
DOM,1989,,,954.914504449885,
DOM,1990,,0.0,989.163941207659,
DOM,1991,6.863,,1345.84673690623,
DOM,1992,6.669,,1558.29782071075,
DOM,1993,6.322,,1722.41995993981,
DOM,1994,6.285,,1891.67055679,
DOM,1995,6.439,0.0172,2109.16940728689,
DOM,1996,6.485,0.075,2270.86558687203,
DOM,1997,6.323,0.143,2448.89393535363,21.4665298461914
DOM,1998,6.304,0.234,2607.85457321405,
DOM,1999,6.312,1.1,2620.8896817272,
DOM,2000,6.432,3.70469235587688,2831.45883638033,
DOM,2001,7.262,4.42939069666645,2935.89367312668,
DOM,2002,6.779,6.8237257325842,3065.60329524196,
DOM,2003,6.938,7.89839293716387,2383.26171780393,33.6751098632812
DOM,2004,6.303,8.8655534607044,2451.69161616569,
DOM,2005,6.587,11.4831977789344,3878.31206735244,
DOM,2006,5.654,14.8449283654589,4055.14270347371,
DOM,2007,5.158,17.66,4649.64558875814,
DOM,2008,4.764,20.82,5023.58513403515,
DOM,2009,5.467,27.72,4973.95186999952,
DOM,2010,5.212,31.39999962,5478.62470398954,
DOM,2011,6.087,38.0,5826.51014109195,
DOM,2012,6.722,42.32,6013.81965002603,48.6290038507636
DOM,2013,7.351,45.9,6136.59429329301,
DOM,2014,6.719,49.58000183,6496.45166971142,49.3192689674723
DOM,2015,7.605,54.2157663369785,6800.95309395474,51.7471143700009
DOM,2016,7.284,63.8708647408206,7160.44200982307,54.498998211862
DOM,2017,5.832,67.5712453277737,7412.71571571512,59.9155940980465
DOM,2018,5.861,74.8220483597284,7882.98221584944,
DOM,2019,6.356,79.71549988,8183.01623600375,
DOM,2020,6.126,81.61730194,7135.22273255899,58.7264105314523
DOM,2021,7.702,85.24298638,8527.0754858205,56.4690832383051
DOM,2022,5.504,81.51269675,10104.2464008585,55.1665311527454
DOM,2023,5.555,86.12689972,10630.431743829,58.2428049803824
DOM,2024,5.312,91.0022446,10875.6618443092,57.6509476207267
DOM,2025,5.092,,11059.2081531834,
DZA,1960,,,238.392476666447,
DZA,1961,,,209.370672655334,
DZA,1962,,,169.60286272133,
DZA,1963,,,225.584660210993,
DZA,1964,,,238.863801545015,
DZA,1965,,,253.622059985778,
DZA,1966,,,241.44896961658,
DZA,1967,,,261.792442124002,
DZA,1968,,,292.436036368561,
DZA,1969,,,315.914655734237,
DZA,1970,,,352.845766557928,
DZA,1971,,,360.111081707845,
DZA,1972,,,469.030996510511,
DZA,1973,,,589.518126935221,
DZA,1974,,,872.889277439184,
DZA,1975,,,992.302037378411,
DZA,1976,,,1080.38620675609,
DZA,1977,,,1232.49418664321,
DZA,1978,,,1505.94222127977,
DZA,1979,,,1843.11929565984,
DZA,1980,,,2275.77971158899,
DZA,1981,,,2307.33434430543,
DZA,1982,,,2274.87800990349,
DZA,1983,,,2373.82511968473,
DZA,1984,,,2524.38071403143,
DZA,1985,,,2632.51711109075,
DZA,1986,,,2800.20270812187,
DZA,1987,,,2847.0776691988,8.84932041168213
DZA,1988,,,2450.87242078961,8.63753986358643
DZA,1989,,,2247.4602712492,
DZA,1990,,0.0,2445.18332740258,10.0710496902466
DZA,1991,20.6,,1759.11201648229,10.8018398284912
DZA,1992,24.38,,1802.69300801289,10.945969581604
DZA,1993,26.23,,1831.04800976449,10.8634300231934
DZA,1994,27.74,0.000361,1525.54061760288,10.4309101104736
DZA,1995,31.84,0.00177,1466.94806760415,10.2354803085327
DZA,1996,28.268,0.00174,1616.83198721285,11.6038904190063
DZA,1997,25.43,0.0103,1628.76100561506,
DZA,1998,26.85,0.0202,1603.36623200836,
DZA,1999,28.575,0.2,1596.11822239025,13.6004695892334
DZA,2000,29.77,0.491705679141589,1772.92869122761,
DZA,2001,27.3,0.646114016703792,1896.30020878013,15.2947797775269
DZA,2002,25.9,1.59164126035832,1937.46411413019,16.9754199981689
DZA,2003,23.72,2.19535973086144,2283.77299346126,18.211820602417
DZA,2004,17.65,4.63447508776537,2816.99384960555,18.8709297180176
DZA,2005,15.27,5.843900204,3233.13339634212,20.7098693847656
DZA,2006,12.27,7.37598495634886,3660.66104745322,21.3458003997803
DZA,2007,13.79,9.45119062555304,4167.45169937531,23.5956306457519
DZA,2008,11.33,10.18,5180.91881514686,
DZA,2009,10.16,11.23,4235.42990456612,30.5014705657959
DZA,2010,9.96,12.5,4912.78585503672,30.7344437013341
DZA,2011,9.96,14.89999962,5916.31364364343,32.3866003582095
DZA,2012,10.97,18.20000076,6033.64884689543,33.5570987119466
DZA,2013,9.82,22.5,5979.60138960585,35.4386275633738
DZA,2014,10.207,29.5,6094.69392314956,36.0427983596258
DZA,2015,11.206,38.20000076,4685.05902729002,38.2444735695552
DZA,2016,10.202,42.94549942,4424.98529027556,43.9040620880927
DZA,2017,12.0,47.69110107,4554.66753957828,49.177689984383
DZA,2018,12.112,49.0384680793271,4577.21029180491,52.8819387317527
DZA,2019,12.302,55.79069901,4468.45341883656,53.8645018203122
DZA,2020,14.08,63.47269821,3743.5419522929,53.3752192208988
DZA,2021,13.656,72.21240234,4160.55926736925,54.2222597146723
DZA,2022,12.382,74.78150177,4960.30334332888,53.3875786756
DZA,2023,11.645,76.19760132,5370.477235078,55.5320185816789
DZA,2024,11.655,77.4178009,5752.99076651465,54.4283410150344
DZA,2025,11.633,,6051.00322704182,
EAP,1960,,,90.2785018672539,
EAP,1961,,,79.558508230374,
EAP,1962,,,71.6155290537605,
EAP,1963,,,75.5131219647953,
EAP,1964,,,85.118184629145,
EAP,1965,,,96.7854396235053,
EAP,1966,,,103.042905274641,
EAP,1967,,,97.5038099685848,
EAP,1968,,,96.0395573107908,
EAP,1969,,,105.108977265853,
EAP,1970,,,113.922517317223,3.17813992500305
EAP,1971,,,119.112482493189,1.39549005031586
EAP,1972,,,132.336284588938,1.42950999736786
EAP,1973,,,162.64572508994,1.47678005695343
EAP,1974,,,180.40828103172,1.62221002578735
EAP,1975,,,198.672510294299,1.76789999008179
EAP,1976,,,198.554467967616,1.9538300037384
EAP,1977,,,225.243013756806,2.09910011291504
EAP,1978,,,215.184312618709,2.3559000492096
EAP,1979,,,245.267886708048,2.92281007766724
EAP,1980,,,278.675551801578,3.45133996009827
EAP,1981,,,292.964871355699,3.98623991012573
EAP,1982,,,302.516685584374,4.2795000076294
EAP,1983,,,311.472794392489,4.26933002471924
EAP,1984,,,332.153258401474,4.36929988861084
EAP,1985,,,357.905467448196,4.46297979354858
EAP,1986,,,351.028816056445,4.81120014190674
EAP,1987,,,340.936766529025,5.81178998947144
EAP,1988,,,371.9254393204,5.0896201133728
EAP,1989,,,395.426029999221,5.87879991531372
EAP,1990,,,416.938782261111,5.20879983901978
EAP,1991,2.41390623885303,,445.804753221262,5.82052993774414
EAP,1992,2.38330583983105,,493.060883694191,5.84430980682373
EAP,1993,2.63468153816686,,533.886061731311,5.51512002944946
EAP,1994,2.93314445248656,,634.195222952685,6.93306016921997
EAP,1995,3.01646156806726,,772.30460205545,7.28415012359619
EAP,1996,3.12119458500169,,876.038021480281,8.07845020294189
EAP,1997,3.2129923203788,,895.628860799956,9.03649044036865
EAP,1998,3.38360539136196,,809.007580492877,9.74847030639648
EAP,1999,3.47870712039455,,881.635750173618,10.5767602920532
EAP,2000,3.43334970499077,,961.301422356711,11.3488101959228
EAP,2001,3.85578728070638,,1014.52467005611,12.4969301223755
EAP,2002,4.16950098114092,,1113.99915248458,14.2745199203491
EAP,2003,4.41684389931735,,1251.27771537034,16.2081909179688
EAP,2004,4.41127089940087,,1439.93214544909,17.9389495849609
EAP,2005,4.49019174546575,8.3,1653.67971343756,19.3102798461914
EAP,2006,4.3836448453094,10.1,1976.632047491,20.6872100830078
EAP,2007,4.36462589942474,14.3,2481.38755806042,21.6776599884033
EAP,2008,4.44442036989862,19.2,3117.832791739,22.4409999847412
EAP,2009,4.42509624520043,23.7,3359.51841456412,23.7790603637695
EAP,2010,4.16370037437203,28.9,4057.8659052455,25.4730396270752
EAP,2011,4.11479448813573,32.3,4913.89455378862,26.9844398498535
EAP,2012,4.05276045051969,35.7,5434.82585097081,29.1287307739258
EAP,2013,4.05506180796151,38.2,5952.82148677207,31.580940246582
EAP,2014,4.05030843985024,40.6,6373.70120967496,38.8466682434082
EAP,2015,4.12458341898818,43.5,6589.81824245918,41.3544311523438
EAP,2016,4.04312471702124,49.6,6683.23529656879,43.1053314208984
EAP,2017,3.9216662036523,53.9,7241.98321346974,43.858829498291
EAP,2018,3.81235265554938,59.1,8046.00446277369,44.811351776123
EAP,2019,3.90432643103478,64.0,8286.45749748666,46.9729614257812
EAP,2020,4.36943697408605,72.2,8391.23898302179,50.3684883117676
EAP,2021,4.13328662810016,77.6,9974.57917918464,53.9938011169434
EAP,2022,4.23491194246921,81.6,10107.0569545516,57.4992599487305
EAP,2023,3.97712381690091,84.2,10126.4304121407,60.2147789001465
EAP,2024,3.91370991631764,86.1,10391.1526101394,61.7415199279785
EAP,2025,3.91810951483912,88.1,10843.4363994141,
EAR,1960,,,149.363606349213,
EAR,1961,,,158.513973715042,
EAR,1962,,,156.287905661078,
EAR,1963,,,168.140130186445,
EAR,1964,,,187.910557337761,
EAR,1965,,,198.815933614379,
EAR,1966,,,192.18417737185,
EAR,1967,,,197.939264400867,
EAR,1968,,,210.493511335474,
EAR,1969,,,229.480677620979,
EAR,1970,,,238.287951620002,
EAR,1971,,,250.491141867457,
EAR,1972,,,269.85562336408,
EAR,1973,,,336.890587094323,
EAR,1974,,,460.718205193532,
EAR,1975,,,481.172619945738,
EAR,1976,,,512.900982623562,4.9022798538208
EAR,1977,,,559.642790283264,5.0441198348999
EAR,1978,,,623.750067935856,5.27688980102539
EAR,1979,,,716.290551284322,5.40312004089355
EAR,1980,,,868.416856809516,5.64235019683838
EAR,1981,,,937.449852249747,6.01020002365112
EAR,1982,,,870.636944304211,6.12936019897461
EAR,1983,,,856.419128002434,6.59203004837036
EAR,1984,,,846.723023913179,7.11780023574829
EAR,1985,,,823.45312491765,7.84681987762451
EAR,1986,,,807.383863443982,7.60780000686646
EAR,1987,,,800.4001919984,8.01111030578613
EAR,1988,,,824.743794609817,8.15447044372559
EAR,1989,,,819.296075996831,8.01064014434814
EAR,1990,,,936.971161054012,8.21088027954102
EAR,1991,6.27795263088707,,971.300795968623,8.46541023254395
EAR,1992,6.34783715467962,,1032.29006470987,11.1210899353027
EAR,1993,6.52253587521998,,1090.28777962646,10.9425001144409
EAR,1994,6.75830009709217,,1122.64103842201,11.3204898834228
EAR,1995,7.03393456293223,,1150.88588898384,9.46609020233154
EAR,1996,6.88342868446174,,1221.85674920977,10.4444303512573
EAR,1997,6.76187367957394,,1278.95401047812,10.7684097290039
EAR,1998,6.86942892859097,,1209.04711676805,12.6715803146362
EAR,1999,7.06616766110044,,1255.03001584819,13.1674900054932
EAR,2000,7.07281148454185,,1346.19872596642,13.3640298843384
EAR,2001,7.1563905809364,,1311.07657774218,13.5822095870972
EAR,2002,7.39006412287729,,1251.30345037129,14.0371999740601
EAR,2003,7.29621887458035,,1368.4299919013,14.4978704452515
EAR,2004,7.18946151700737,,1563.0603884093,14.925350189209
EAR,2005,7.11332854467778,,1788.22041048826,15.2303199768066
EAR,2006,6.88954096317128,,2011.02350805054,16.0446300506592
EAR,2007,6.8238682430718,,2342.58782127684,17.3509292602539
EAR,2008,6.76572719306619,,2595.48033593556,18.9660301208496
EAR,2009,6.88223725605258,,2458.1646507679,20.0750503540039
EAR,2010,6.69836499671353,,2941.65330428569,21.7061100006104
EAR,2011,6.60736243902951,,3266.19695006658,24.1540393829346
EAR,2012,6.70184146782176,,3362.32207931577,25.700590133667
EAR,2013,6.67711092742994,,3332.30407501939,26.1639900207519
EAR,2014,6.61419058154874,,3351.66429566368,27.4999103546143
EAR,2015,6.79324404164611,,3178.86716124226,28.9729995727539
EAR,2016,6.7341480328496,,3227.64814256759,29.7700099945068
EAR,2017,6.71806478492721,,3457.91719451195,30.3353500366211
EAR,2018,6.77526130131479,,3460.86264008666,30.673189163208
EAR,2019,6.30970549335686,,3481.75530893525,31.5165290832519
EAR,2020,7.36417086549936,,3185.49787368673,32.2398986816406
EAR,2021,6.74359581980053,,3697.4103832017,33.4120712280273
EAR,2022,5.64296814018676,,4017.48956260692,34.193359375
EAR,2023,5.11313521249178,,4212.16924807645,35.5325889587402
EAR,2024,5.14374777945389,,4405.28492630999,36.2870903015137
EAR,2025,5.15217207899997,,4566.42669968306,
EAS,1960,,,151.796695561299,
EAS,1961,,,152.899750660588,
EAS,1962,,,154.486854312914,
EAS,1963,,,168.341105098481,
EAS,1964,,,188.862439628359,
EAS,1965,,,205.370646562821,
EAS,1966,,,224.084094578902,
EAS,1967,,,237.908430502169,
EAS,1968,,,256.632196202163,
EAS,1969,,,288.496322923981,
EAS,1970,,,323.952509654102,9.52993011474609
EAS,1971,,,350.777065806393,2.975909948349
EAS,1972,,,426.320315340573,3.07946991920471
EAS,1973,,,549.831069299196,3.14942002296448
EAS,1974,,,621.169683651979,3.35064005851746
EAS,1975,,,667.410426602414,3.5766499042511
EAS,1976,,,722.259093128561,3.91329002380371
EAS,1977,,,847.936611013153,4.0946798324585
EAS,1978,,,1056.4854415537,4.52276992797852
EAS,1979,,,1129.48714341481,5.07028007507324
EAS,1980,,,1203.49037319815,5.68712997436523
EAS,1981,,,1305.90826642803,6.27251005172729
EAS,1982,,,1257.88193346093,6.42841005325317
EAS,1983,,,1318.05209288055,6.39443016052246
EAS,1984,,,1388.76162451492,6.46175003051758
EAS,1985,,,1442.97353593716,6.53017997741699
EAS,1986,,,1859.67075636118,6.87367010116577
EAS,1987,,,2149.68032601228,7.8642201423645
EAS,1988,,,2543.24285142553,7.26129007339478
EAS,1989,,,2606.15885956626,8.02836990356445
EAS,1990,,,2679.40356846417,7.48769998550415
EAS,1991,2.45960141823164,,2984.56406592681,8.1414098739624
EAS,1992,2.45298512544046,,3219.10194220305,8.27670955657959
EAS,1993,2.70801641148741,,3556.03095251249,9.50734043121338
EAS,1994,2.97684115736109,,3927.62156525348,10.2500200271606
EAS,1995,3.05225354598453,,4393.56161823586,10.8400802612305
EAS,1996,3.16713936232141,,4187.95909567642,12.5520896911621
EAS,1997,3.25632597864275,,3953.64180360822,14.0118904113769
EAS,1998,3.54773877147608,,3485.79169743958,14.1969804763794
EAS,1999,3.65945976901506,,3853.87131218353,15.0512599945068
EAS,2000,3.56333033432491,,4139.47126719887,16.5568504333496
EAS,2001,3.96606605575514,,3814.30946425229,17.4698600769043
EAS,2002,4.26557821608325,,3844.08681401566,19.0702209472656
EAS,2003,4.47961803252938,,4188.46280036812,20.7942905426025
EAS,2004,4.42980737625595,,4657.50834759879,22.3188800811768
EAS,2005,4.47463469156014,14.7,4931.62605587014,23.4988803863525
EAS,2006,4.351012904116,16.6,5191.90669962482,24.681209564209
EAS,2007,4.30429852915007,20.8,5760.12938767038,25.5336608886719
EAS,2008,4.38194930101755,25.2,6593.64477271098,26.1920108795166
EAS,2009,4.47420796985744,29.5,6735.16059526359,27.3756103515625
EAS,2010,4.22455076502669,34.2,7808.0701040139,29.0185108184814
EAS,2011,4.13091004622057,37.3,8976.49484706491,30.5334892272949
EAS,2012,4.0605301268473,40.4,9534.44491469921,32.6158103942871
EAS,2013,4.05303743028521,43.2,9580.35094813005,35.0063514709473
EAS,2014,4.02541580416077,45.5,9832.43196516945,41.8916206359863
EAS,2015,4.08987694775025,48.3,9730.64405529046,44.2587699890137
EAS,2016,4.00393781457677,53.9,10011.552668647,45.9389686584473
EAS,2017,3.87456480348735,57.8,10612.7930790259,46.5590782165527
EAS,2018,3.75442452697159,62.5,11487.5096772887,47.4009819030762
EAS,2019,3.82442011949597,67.1,11677.4429355606,49.4808692932129
EAS,2020,4.29658340250273,73.9,11697.5156784805,52.6518783569336
EAS,2021,4.06219092494546,78.8,13416.9773441612,56.0834693908691
EAS,2022,4.10032254258298,82.4,13219.5863562213,59.3321418762207
EAS,2023,3.86187012642211,84.9,13251.5119797804,61.8918609619141
EAS,2024,3.80594106189668,86.6,13482.4788785045,63.3318481445312
EAS,2025,3.80602951002153,88.4,14077.2712026283,
ECA,1987,,,1174.54445885687,
ECA,1988,,,1284.38913135029,
ECA,1989,,,1438.83894568217,
ECA,1990,,,1700.96139909728,
ECA,1991,4.47175276094931,,1622.93793152318,
ECA,1992,5.26992299704434,,1549.08489003128,
ECA,1993,5.93307208181572,,1589.72540599857,
ECA,1994,7.15598913122265,,1239.77436517096,
ECA,1995,8.5598066611286,,1737.91189047557,
ECA,1996,9.94996550467078,,1830.62568184199,
ECA,1997,10.123820205318,,1941.27899199953,
ECA,1998,11.0176037980024,,1940.96560638764,
ECA,1999,11.3939211887159,,1767.13891863606,28.1236400604248
ECA,2000,10.7462183942089,,1790.79766009483,29.9919700622559
ECA,2001,10.6408534193536,,1529.6291666061,30.9964904785156
ECA,2002,10.702874375174,,1771.95605994237,32.5421905517578
ECA,2003,10.290974644155,,2249.77906607995,34.9637107849121
ECA,2004,10.1363077374344,,2883.61748103773,36.3488998413086
ECA,2005,9.62072328847468,8.9,3576.78042249065,38.0454292297363
ECA,2006,9.15632666629247,11.6,4142.51945509226,40.5656318664551
ECA,2007,8.61312246579108,16.3,5206.58156726071,41.7718391418457
ECA,2008,8.58123430648126,20.6,6191.2490187656,42.468391418457
ECA,2009,10.1856136243961,25.0,5125.28238536429,44.1857299804688
ECA,2010,9.54059516043394,30.1,6044.40742137607,46.8220100402832
ECA,2011,8.88391871872232,34.9,6817.02366099691,48.8937301635742
ECA,2012,8.60097981057876,39.4,7126.81359535263,51.655029296875
ECA,2013,8.56358395138192,43.2,7707.27955254226,54.6174812316895
ECA,2014,8.96073635337147,48.6,7334.84338588205,57.4994316101074
ECA,2015,8.9610543144391,51.9,6338.80741019255,59.4534492492676
ECA,2016,9.03756351375215,56.2,6023.54753164072,63.0641899108887
ECA,2017,8.94336027365094,60.6,6129.93083517607,66.7744674682617
ECA,2018,8.61159005290134,65.8,5947.15360517457,69.4651870727539
ECA,2019,9.11807057814077,70.3,6036.15175345642,72.0600280761719
ECA,2020,9.26814225066227,74.5,5734.46191312695,74.5084381103516
ECA,2021,8.95407922243149,79.1,6632.57221034255,77.9448471069336
ECA,2022,7.71538545377934,82.0,7264.37321853889,79.0034332275391
ECA,2023,7.17961712726961,84.6,8609.12296290637,79.1041488647461
ECA,2024,6.90688667537961,85.8,9801.70054676084,85.1110763549805
ECA,2025,6.84424613953164,87.5,11117.61379372,
ECS,1960,,,639.348631694984,
ECS,1961,,,695.598965992194,
ECS,1962,,,751.939726448177,
ECS,1963,,,812.860454397552,
ECS,1964,,,888.290830866809,
ECS,1965,,,958.220815934017,
ECS,1966,,,1026.42666346038,
ECS,1967,,,1080.27983327174,
ECS,1968,,,1127.67964126318,
ECS,1969,,,1239.64453676277,
ECS,1970,,,1382.98022223485,
ECS,1971,,,1548.86687234849,
ECS,1972,,,1841.54086042791,
ECS,1973,,,2323.92642120909,
ECS,1974,,,2606.47479484068,
ECS,1975,,,3022.55923905805,
ECS,1976,,,3119.76103499952,
ECS,1977,,,3504.40576500633,
ECS,1978,,,4266.6192284735,
ECS,1979,,,5166.99702067953,
ECS,1980,,,5800.0999923975,
ECS,1981,,,5133.20300462453,
ECS,1982,,,4919.17634865688,
ECS,1983,,,4743.13434507869,
ECS,1984,,,4531.44554449241,
ECS,1985,,,4660.79892730412,
ECS,1986,,,6317.46979190386,
ECS,1987,,,7753.65823640768,
ECS,1988,,,8578.86232197136,
ECS,1989,,,8638.08579673084,
ECS,1990,,,10503.7600887222,
ECS,1991,6.89908680494163,,10761.2097886693,
ECS,1992,7.50363987800311,,11479.8595799327,
ECS,1993,8.65755617021955,,10514.3970320345,
ECS,1994,9.65148359317699,,10968.7352169064,
ECS,1995,9.9311190228704,,12729.1087220097,
ECS,1996,10.2686228030506,,12970.5621854783,
ECS,1997,10.5181612217563,,12296.6082530758,
ECS,1998,10.6928774380072,,12507.2303020457,
ECS,1999,10.5851773676979,,12364.1142687842,43.6435012817383
ECS,2000,9.68483091902418,,11645.6378071747,45.8308486938477
ECS,2001,9.0564200675213,,11750.2018063072,48.1379318237305
ECS,2002,9.07870920871455,,12842.35970826,50.6971092224121
ECS,2003,9.11346744115473,,15575.04178024,53.2160682678223
ECS,2004,9.05651425282142,,18104.0502985006,54.428840637207
ECS,2005,8.7318165816003,34.7,19220.7137732995,56.0824089050293
ECS,2006,8.17297527475334,38.0,20762.3175860338,57.5957984924316
ECS,2007,7.24696438985174,43.6,24200.3324793455,58.696159362793
ECS,2008,7.16897078667497,48.1,26536.4846361214,59.4951515197754
ECS,2009,9.05895187341576,52.7,23278.878278705,60.6389389038086
ECS,2010,9.11732766770857,57.0,23731.6668640025,62.1960716247559
ECS,2011,8.8511592613399,60.2,26273.0443343471,63.1500511169434
ECS,2012,9.07096034933149,63.8,25199.9785660563,63.842960357666
ECS,2013,9.26791651199215,66.1,26236.2854279738,64.9021987915039
ECS,2014,8.94532051297809,68.9,26517.017870416,66.4192199707031
ECS,2015,8.55823248897774,69.9,22742.4739859372,67.4049606323242
ECS,2016,8.07810956714781,72.3,22554.6821198127,68.9127578735352
ECS,2017,7.48554226672131,74.5,23839.7319723826,70.533203125
ECS,2018,6.87656497801786,78.1,25435.6875035469,72.0409393310547
ECS,2019,6.62369460842729,80.3,25045.1218961925,73.6700897216797
ECS,2020,7.09507940679226,83.4,24187.2451763556,75.6536102294922
ECS,2021,6.90011121093882,86.3,27700.9996673888,79.1505813598633
ECS,2022,5.8460641099346,87.9,27968.286148204,81.0477066040039
ECS,2023,5.55238526456095,89.6,30015.7640895399,81.5205917358398
ECS,2024,5.37221817940181,90.9,31630.8552937604,84.8905563354492
ECS,2025,5.35931988514529,92.4,34603.480892464,
ECU,1960,,,450.776317102259,
ECU,1961,,,371.395176462235,
ECU,1962,,,312.43541024174,
ECU,1963,,,364.743594141305,
ECU,1964,,,435.763463220837,
ECU,1965,,,450.049782719552,
ECU,1966,,,444.623111980641,
ECU,1967,,,453.645285895565,
ECU,1968,,,445.227989157148,
ECU,1969,,,520.843984636492,
ECU,1970,,,465.040319805007,
ECU,1971,,,434.415880347799,
ECU,1972,,,487.972047217986,
ECU,1973,,,578.954930783286,
ECU,1974,,,953.846558260516,
ECU,1975,,,1086.17615086517,
ECU,1976,,,1241.91098461141,
ECU,1977,,,1464.94058354719,
ECU,1978,,,1541.13760425322,
ECU,1979,,,1783.29280581578,
ECU,1980,,,2189.78417657382,
ECU,1981,,,2600.57152797996,
ECU,1982,,,2314.38354547989,
ECU,1983,,,1940.23393200801,
ECU,1984,,,1863.68213493779,
ECU,1985,,,1841.77905481426,
ECU,1986,,,1604.24698102055,
ECU,1987,,,1426.01629151663,
ECU,1988,,,1303.77906073184,
ECU,1989,,,1356.28045636224,
ECU,1990,,0.0,1455.00748510871,
ECU,1991,4.371,,1587.36049996672,
ECU,1992,4.333,0.00512,1655.44613192632,
ECU,1993,4.403,0.0164,1697.88884141445,
ECU,1994,4.409,0.0348,1996.85894789444,
ECU,1995,4.408,0.0438,2108.00698245316,
ECU,1996,4.422,0.0862,2135.8479374308,
ECU,1997,4.424,0.11,2340.76600026857,
ECU,1998,4.389,0.125,2284.01572847769,
ECU,1999,4.656,0.823,1575.30234730971,
ECU,2000,4.8,1.46218853556457,1382.23421759909,
ECU,2001,4.252,2.67044367376705,1791.30359685037,
ECU,2002,4.825,4.26079691519764,2059.1585535974,
ECU,2003,5.662,4.46022834472698,2315.62215223014,
ECU,2004,5.002,4.83444263759525,2586.20914663347,
ECU,2005,3.779,5.994299889,2909.02606014388,
ECU,2006,3.55,7.199999809,3243.67010359339,
ECU,2007,3.142,10.80000019,3478.92488770671,
ECU,2008,3.917,18.8,4194.75750661981,38.1871795654297
ECU,2009,4.608,24.6,4053.36331139298,
ECU,2010,4.088,29.03,4520.30959039763,
ECU,2011,3.458,31.3668083587433,5153.6916424375,
ECU,2012,3.235,35.1351464545516,5634.08393191094,39.2524690384971
ECU,2013,3.083,40.279121941,6109.29031510341,39.7734405802353
ECU,2014,3.48,45.5903906666095,6405.79979300441,
ECU,2015,3.616,48.9404337892669,5976.1596805651,44.5371492743653
ECU,2016,4.597,54.0629247288864,5917.63771271481,
ECU,2017,3.836,55.79999924,6233.32244797718,
ECU,2018,3.53,57.5,6303.91886658338,47.3311832253279
ECU,2019,3.812,59.2,6205.05765246766,47.2627814012203
ECU,2020,6.116,70.7,5463.64515348598,56.9066311483682
ECU,2021,4.504,69.1147995,6061.32350181711,
ECU,2022,3.713,69.71811356,6515.58528418336,59.879782344866
ECU,2023,3.51,72.6943146,6718.1447938811,67.8851161961618
ECU,2024,3.453,77.17273115,6826.5294137822,
ECU,2025,3.308,,7125.27618527738,
EGY,1960,,,156.387397481519,
EGY,1961,,,162.841644181754,
EGY,1962,,,142.409576739705,
EGY,1963,,,143.928402522656,
EGY,1964,,,157.716536507206,
EGY,1965,,,161.567123566919,
EGY,1966,,,168.054342944501,
EGY,1967,,,174.103044536176,
EGY,1968,,,179.774096694265,
EGY,1969,,,192.964908828257,
EGY,1970,,,232.272492342671,
EGY,1971,,,242.971070265891,7.20742988586426
EGY,1972,,,256.482815640115,7.86926984786987
EGY,1973,,,272.182710085295,8.84185981750488
EGY,1974,,,243.061473902314,9.82719039916992
EGY,1975,,,299.217518322538,11.0719499588013
EGY,1976,,,334.609918474469,12.6753101348877
EGY,1977,,,353.403833676533,14.6191701889038
EGY,1978,,,354.674246269687,15.3559503555298
EGY,1979,,,420.85821686233,15.5342702865601
EGY,1980,,,493.053573271061,15.9957704544067
EGY,1981,,,490.308796861598,16.9282302856445
EGY,1982,,,595.918898169378,17.9349994659424
EGY,1983,,,648.013629771434,18.5469703674316
EGY,1984,,,689.807675510205,19.0925998687744
EGY,1985,,,769.755137148666,17.8572292327881
EGY,1986,,,790.201793698565,17.7684803009033
EGY,1987,,,753.722263747615,17.8846893310547
EGY,1988,,,633.839369496566,17.4128704071045
EGY,1989,,,701.037717929191,14.7737302780151
EGY,1990,,0.0,735.982935028025,13.5156497955322
EGY,1991,9.38,,622.829605007867,11.1729497909546
EGY,1992,8.92,,680.79923864551,
EGY,1993,10.92,0.000976,740.334217356418,
EGY,1994,10.93,0.00638,807.303537230487,
EGY,1995,11.04,0.0313,916.326617700876,
EGY,1996,9.0,0.0615,1008.97637629447,
EGY,1997,8.37,0.0905,1146.20172117634,
EGY,1998,8.03,0.148,1212.82259820477,
EGY,1999,7.95,0.29,1268.30949160496,28.6016693115234
EGY,2000,8.98,0.641265037504813,1366.09274372613,
EGY,2001,9.26,0.838945611477604,1295.1374184163,27.8922500610352
EGY,2002,10.01,2.71999971465421,1116.82884626213,28.9182395935059
EGY,2003,10.91,4.03788510706701,1031.27556291284,26.0245094299316
EGY,2004,10.32,11.92,991.255689145253,27.2862091064453
EGY,2005,11.049,12.75,1105.53920713903,28.4127006530762
EGY,2006,10.49,13.66,1298.97900203124,28.3695907592773
EGY,2007,8.8,16.03,1547.74170735909,28.8399200439453
EGY,2008,8.517,18.01,1896.21594269779,28.6861095428467
EGY,2009,9.087,20.0,2161.63964573927,29.2693099975586
EGY,2010,8.757,21.6,2455.08194645282,30.0727383660214
EGY,2011,11.849,25.6,2590.64384891965,25.5901820932158
EGY,2012,12.597,26.4,2996.0677072015,26.2271566255146
EGY,2013,13.154,29.4,3025.52563552448,28.3479816954113
EGY,2014,13.105,33.8946039115275,3133.39102265541,29.1134325604942
EGY,2015,13.052,37.8193834276939,3306.98159414141,32.8848991394043
EGY,2016,12.45,41.2480670885772,3270.6287768197,31.8731307983398
EGY,2017,11.767,44.9502042452857,2395.10333299491,33.1018892935221
EGY,2018,9.855,46.92433676792,2484.70315630508,36.1230010986328
EGY,2019,7.851,57.2828663990195,2962.98892023003,33.622825887244
EGY,2020,7.974,71.91420096,3511.11381026379,38.773998260498
EGY,2021,7.441,72.05599976,3827.35415374308,35.1185317783157
EGY,2022,6.546,72.19806556,4233.30783744856,36.462230682373
EGY,2023,6.753,74.01190186,3456.78965212363,37.9005584716797
EGY,2024,6.817,74.64839935,3338.47371043679,37.5781274463676
EGY,2025,6.781,,3085.80712036204,38.0398346509947
EMU,1960,,,911.827475831741,
EMU,1961,,,1006.27723889254,
EMU,1962,,,1103.19610722034,
EMU,1963,,,1203.50239782347,
EMU,1964,,,1322.00617918949,
EMU,1965,,,1432.87435147562,
EMU,1966,,,1537.69059899539,
EMU,1967,,,1622.43159092879,
EMU,1968,,,1732.47217316756,
EMU,1969,,,1922.22579267855,
EMU,1970,,,2165.44971955982,
EMU,1971,,,2440.43008766637,
EMU,1972,,,2927.4431430941,
EMU,1973,,,3775.78573661911,
EMU,1974,,,4258.0333574099,
EMU,1975,,,4912.29016828135,
EMU,1976,,,5103.59255271462,
EMU,1977,,,5783.77762562849,
EMU,1978,,,7053.25496175246,
EMU,1979,,,8510.11771731182,
EMU,1980,,,9488.25188277782,
EMU,1981,,,8219.70161906066,
EMU,1982,,,7937.54645961743,
EMU,1983,,,7720.65112981666,
EMU,1984,,,7398.89850943126,
EMU,1985,,,7586.17401320399,
EMU,1986,,,10614.2271617107,
EMU,1987,,,13104.538458078,
EMU,1988,,,14340.4227546311,
EMU,1989,,,14584.521566451,
EMU,1990,,,18258.7328576163,
EMU,1991,8.38151659365943,,18809.9990518142,
EMU,1992,9.07940377823132,,20643.6856300826,
EMU,1993,10.824111215694,,18837.4067947552,
EMU,1994,11.7623069320318,,19839.9370690858,
EMU,1995,11.4116470422155,,22873.5191280329,
EMU,1996,11.6458051517727,,23072.6626954157,
EMU,1997,11.6700563091428,,21057.8481909895,
EMU,1998,11.2281731488537,,21618.3263202496,
EMU,1999,10.5366850850791,,21480.4042154564,53.4500617980957
EMU,2000,9.62410987839098,,19563.0908791645,54.636791229248
EMU,2001,8.68043359773922,,19818.819395825,56.2347106933594
EMU,2002,8.88672719145059,,21551.1260975546,57.7058181762695
EMU,2003,9.12146121246139,,26413.8767866986,59.5358581542969
EMU,2004,9.348951357228,,30138.8874750838,61.2149200439453
EMU,2005,9.16921983218386,,31116.2703580738,62.4031982421875
EMU,2006,8.4404790481661,,32961.2886272812,63.1356391906738
EMU,2007,7.52316793797376,,37801.9316069832,63.1724586486816
EMU,2008,7.50283392231425,,41406.6598917961,63.1868896484375
EMU,2009,9.57439638727687,,37790.1201693815,63.742259979248
EMU,2010,10.1761738210052,,36841.2601014872,65.1743316650391
EMU,2011,10.2805136631252,,39878.1184039802,66.5702667236328
EMU,2012,11.4328240980269,,36851.3355744745,67.2605895996094
EMU,2013,12.0184063277941,,38455.0565897822,67.9843521118164
EMU,2014,11.6207304139349,,39333.1197168101,69.9664688110352
EMU,2015,10.8477448563899,,33928.614137702,71.4340972900391
EMU,2016,9.98608545604403,,34690.2425639991,72.2064819335938
EMU,2017,9.01311660134066,,36691.2109171985,73.6193008422852
EMU,2018,8.089323082041,,39562.0814189751,74.7783737182617
EMU,2019,7.44468187207381,,38679.6118917933,76.0138626098633
EMU,2020,7.78262585986041,,37727.4543067337,76.9254837036133
EMU,2021,7.69446992680361,,42432.2915720012,79.9525680541992
EMU,2022,6.72976967374639,,41105.3462099324,81.6640472412109
EMU,2023,6.52267389015226,,44797.6445281418,81.8938369750977
EMU,2024,6.34778064605911,,46424.2413084574,81.8938369750977
EMU,2025,6.28355946264135,,50214.0783015991,
ERI,1990,,0.0,,
ERI,1991,5.129,,,
ERI,1992,5.297,,265.240962963337,
ERI,1993,5.387,0.0,252.085777069472,
ERI,1994,5.446,0.0,277.801423620334,
ERI,1995,5.349,0.0,285.402184008331,1.73020994663239
ERI,1996,5.31,0.0,325.838705371605,1.42960000038147
ERI,1997,5.4,0.00902,318.980960831984,
ERI,1998,5.501,0.00877,341.91736400208,1.49975001811981
ERI,1999,5.604,0.0255,311.336209255125,1.95580005645752
ERI,2000,5.656,0.136711941104496,314.357396753501,2.00988006591797
ERI,2001,5.74,0.157815289303043,325.409161513593,2.69304990768433
ERI,2002,5.794,0.227090137626716,304.775756465092,2.54442000389099
ERI,2003,5.79,,348.950327077742,
ERI,2004,5.704,,426.840947887032,1.97107994556427
ERI,2005,5.721,,412.753079199423,
ERI,2006,5.707,,447.997404727201,
ERI,2007,5.719,0.409999996,480.44762365456,
ERI,2008,5.683,0.469999999,490.066956003333,
ERI,2009,5.757,0.540000021,642.92572288007,3.67761993408203
ERI,2010,5.854,0.610000014,539.699512069686,4.35516023635864
ERI,2011,5.801,0.699999988,688.68165957684,
ERI,2012,5.692,0.800000012,,
ERI,2013,5.624,0.899999976,,
ERI,2014,5.637,0.99000001,,4.12871980667114
ERI,2015,5.751,1.083699942,,3.51574993133545
ERI,2016,5.772,1.177099943,,3.20262002944946
ERI,2017,5.804,2.496099949,,
ERI,2018,5.756,5.293000221,,
ERI,2019,5.812,11.22379971,,
ERI,2020,6.375,14.34939957,,
ERI,2021,6.489,,,
ERI,2022,6.033,,,
ERI,2023,5.909,,,
ERI,2024,5.947,,,
ERI,2025,5.978,,,
ESP,1960,,,407.96302786933,
ESP,1961,,,463.19044087717,
ESP,1962,,,535.391059454488,
ESP,1963,,,627.278450964262,
ESP,1964,,,694.952086797899,
ESP,1965,,,797.377066170904,
ESP,1966,,,915.62923367863,
ESP,1967,,,996.571863525297,
ESP,1968,,,978.292373768035,
ESP,1969,,,1109.13637135526,
ESP,1970,,,1211.42343321309,
ESP,1971,,,1361.19251917206,
ESP,1972,,,1707.58800052655,
ESP,1973,,,2245.9479911066,
ESP,1974,,,2747.96036737994,
ESP,1975,,,3207.54465082024,
ESP,1976,,,3276.97023260494,
ESP,1977,,,3624.99940255962,
ESP,1978,,,4353.3273744052,
ESP,1979,,,5766.09296672485,
ESP,1980,,,6204.14321544225,
ESP,1981,,,5367.32976278411,
ESP,1982,,,5156.02303792945,
ESP,1983,,,4475.30126831295,
ESP,1984,,,4486.78173863382,
ESP,1985,,,4696.29879620729,
ESP,1986,,,6508.8506547565,
ESP,1987,,,8233.72822993027,
ESP,1988,,,9696.1928538538,
ESP,1989,,,10674.3410230107,
ESP,1990,,0.0129,13795.0159385128,
ESP,1991,15.929,0.0257,14801.3226152172,
ESP,1992,17.697,0.0768,16100.6799428032,
ESP,1993,22.156,0.128,13330.3798192211,
ESP,1994,24.209,0.28,13405.704414883,
ESP,1995,22.675,0.381,15460.9110266653,
ESP,1996,22.142,1.33,16100.6215831114,
ESP,1997,20.698,2.8,14722.3717633536,
ESP,1998,18.673,4.36,15382.3348573373,
ESP,1999,15.475,7.09,15707.9473068138,
ESP,2000,13.785,13.6249608089899,14743.2671031455,
ESP,2001,10.348,18.1487226902932,15368.2337984435,61.0042190551758
ESP,2002,11.146,20.39,17111.0685058941,63.7400817871094
ESP,2003,11.283,39.93,21522.0170990262,65.5322113037109
ESP,2004,11.09,44.01,24925.0267844576,67.4735717773438
ESP,2005,9.146,47.88,26450.9530130382,68.1358337402344
ESP,2006,8.452,50.37,28421.686527407,68.9646224975586
ESP,2007,8.232,55.11,32652.015594702,69.2297668457031
ESP,2008,11.254,59.6,35603.248328071,69.4019393920898
ESP,2009,17.857,62.4,32279.8208476151,71.4311676025391
ESP,2010,19.86,65.8,30658.7422282912,76.3829116821289
ESP,2011,21.39,67.0899993926581,31824.6219134777,80.7240905761719
ESP,2012,24.789,69.8099999420024,28456.4438151477,82.89208984375
ESP,2013,26.094,71.635,29228.846559842,85.1826324462891
ESP,2014,24.441,76.1867089778712,29707.765509467,87.9358520507812
ESP,2015,22.057,78.6896318703515,25982.4416197775,88.5305328369141
ESP,2016,19.635,80.5613329432179,26755.6061149398,89.810791015625
ESP,2017,17.224,84.6022457016524,28381.3425596906,92.070182800293
ESP,2018,15.255,86.107235525659,30602.4212881113,92.5194931030273
ESP,2019,14.104,90.718665325267,29786.5245689007,91.5387725830078
ESP,2020,15.532,93.20564892,27233.9426461608,91.59912109375
ESP,2021,14.914,93.89752157,30799.4775937775,95.3768997192383
ESP,2022,13.033,94.4855432,30319.4987196616,95.0271606445312
ESP,2023,12.179,95.44564516,33493.2225409111,93.7303466796875
ESP,2024,11.4,95.7574516,35326.7683069278,93.7689666748047
ESP,2025,10.376,,38627.2472148623,
EST,1990,,0.0,,
EST,1991,1.468,,,
EST,1992,3.681,0.0655,,
EST,1993,6.544,0.301,2685.90889287357,
EST,1994,7.561,1.16,2819.12612100926,
EST,1995,9.659,2.78,3134.38975345407,
EST,1996,9.915,3.53,3380.92630243199,
EST,1997,10.369,5.71,3682.95230146695,
EST,1998,9.51,10.8,4093.39247738765,
EST,1999,11.573,14.5,4140.93660232167,
EST,2000,13.36,28.5769538105646,4070.60902410208,
EST,2001,13.134,31.5274897673756,4502.66614992392,58.7174797058105
EST,2002,10.026,41.52,5343.18310760735,61.7471008300781
EST,2003,11.288,45.32,7205.40703313243,64.2222671508789
EST,2004,10.248,53.2,8916.0728274602,65.7773971557617
EST,2005,8.033,61.45,10414.6381183565,67.9843521118164
EST,2006,5.915,63.51,12641.4800976473,68.7950820922852
EST,2007,4.592,66.19,16745.4308011148,68.8220596313477
EST,2008,5.455,70.58,18205.9064113446,67.8356094360352
EST,2009,13.548,72.5,14712.4494217916,67.8494186401367
EST,2010,16.707,74.1,14663.7041018705,68.7101593017578
EST,2011,12.328,76.5,17555.5455239426,71.0235290527344
EST,2012,10.021,78.3899259259259,17568.2137969714,72.9364700317383
EST,2013,8.631,80.0043,19310.3874900757,75.4523162841797
EST,2014,7.352,84.2415280294352,20581.7898991695,76.2024536132812
EST,2015,6.412,88.4097035040431,17722.1557669523,74.5832824707031
EST,2016,6.882,87.2402327514547,18666.3736521706,73.0334320068359
EST,2017,5.807,88.1024568740199,20851.5223496861,72.1369781494141
EST,2018,5.412,89.3570077747426,23618.1361254581,72.0659637451172
EST,2019,4.514,90.2289281997919,24021.2501413306,72.7060317993164
EST,2020,6.956,89.05828666,23933.9939421065,72.0443572998047
EST,2021,6.178,90.97970174,27951.1659277744,73.1502075195312
EST,2022,5.571,91.52016546,28340.3826549406,71.4251937866211
EST,2023,6.378,93.18342241,30264.0064885057,67.6179275512695
EST,2024,7.6,92.23796204,31428.3547816104,65.6692276000977
EST,2025,8.313,,34417.6320815138,
ETH,1960,,,75.3396090705961,
ETH,1961,,,76.7301966411733,
ETH,1962,,,77.7901849782504,
ETH,1963,,,79.1726343703284,
ETH,1964,,,83.8368648270969,
ETH,1965,,,88.8500294110243,
ETH,1966,,,93.1549467874985,
ETH,1967,,,96.0864747436757,
ETH,1968,,,99.4743651000667,
ETH,1969,,,102.280177675035,
ETH,1970,,,109.430466337285,
ETH,1971,,,112.736674296624,0.18452000617981
ETH,1972,,,119.839997124757,0.203150004148483
ETH,1973,,,134.935511021947,0.159950003027916
ETH,1974,,,147.855722504485,0.260230004787445
ETH,1975,,,144.280537635495,
ETH,1976,,,151.95618662171,
ETH,1977,,,170.40414371556,0.261779993772507
ETH,1978,,,178.302480574913,0.400790005922318
ETH,1979,,,192.357117273999,0.479209989309311
ETH,1980,,,203.685394440965,0.524529993534088
ETH,1981,,,212.657517980298,0.493790000677109
ETH,1982,,,215.25098547162,0.482630014419556
ETH,1983,,,232.683474421159,0.495950013399124
ETH,1984,,,214.228860396002,0.474720001220703
ETH,1985,,,243.897382584019,
ETH,1986,,,245.977228769295,0.74848997592926
ETH,1987,,,254.121329421554,0.79569000005722
ETH,1988,,,253.248262470167,0.740779995918274
ETH,1989,,,256.386475306315,0.758679986000061
ETH,1990,,0.0,262.108971053707,0.787320017814636
ETH,1991,3.284,,277.565910365091,0.776000022888184
ETH,1992,3.416,,207.406400863847,
ETH,1993,3.252,,168.520401400989,
ETH,1994,3.1,,127.685923459033,0.60223001241684
ETH,1995,3.005,1.75e-05,136.523619088963,0.660380005836487
ETH,1996,3.121,0.0017,147.327458851964,0.686529994010925
ETH,1997,3.227,0.00497,143.369531498844,0.80171000957489
ETH,1998,3.481,0.00966,126.465095781244,0.837999999523163
ETH,1999,3.714,0.0125,120.734631499865,0.931810021400452
ETH,2000,3.499,0.0152637672082567,122.269202606069,1.17114996910095
ETH,2001,3.16,0.0371623810686744,118.457204255261,1.47605001926422
ETH,2002,3.054,0.0724022618698295,109.593813612988,1.68374001979828
ETH,2003,3.008,0.105811658802603,116.800491132777,2.40167999267578
ETH,2004,2.776,0.155334520794722,133.169812538096,2.72982001304627
ETH,2005,2.497,0.219659818999505,158.243458082465,2.94167995452881
ETH,2006,2.337,0.310592656856176,189.345737521418,
ETH,2007,2.337,0.37,237.146255996319,
ETH,2008,2.326,0.449999988,316.410475118075,3.53211998939514
ETH,2009,2.326,0.540000021,368.574712267445,5.09216022491455
ETH,2010,2.295,0.75,330.619412798644,6.96482992172241
ETH,2011,2.27,1.100000024,343.024942351887,7.27566003799438
ETH,2012,2.252,2.900000095,452.101031885754,7.62416982650757
ETH,2013,2.251,4.599999905,484.039833104062,
ETH,2014,2.361,7.699999809,549.986577082588,5.9192507771213
ETH,2015,2.442,13.8551755555556,597.912113218663,
ETH,2016,2.556,15.3669238595896,641.651523286233,
ETH,2017,2.665,15.62440014,696.348429076216,
ETH,2018,2.811,15.88619995,739.702022272086,
ETH,2019,2.928,15.98460007,793.473247218996,
ETH,2020,3.998,16.06959915,829.790982552951,
ETH,2021,3.935,16.6981031,893.009835441784,
ETH,2022,3.386,17.9836998,982.103161502198,
ETH,2023,3.375,20.33749962,1055.81091593061,
ETH,2024,3.357,21.94129944,1133.88279681256,
ETH,2025,3.323,,932.729352775179,
EUU,1960,,,797.717991213202,
EUU,1961,,,879.391006217658,
EUU,1962,,,963.654235980869,
EUU,1963,,,1049.5488972112,
EUU,1964,,,1154.08410846131,
EUU,1965,,,1252.49102200743,
EUU,1966,,,1345.22835971921,
EUU,1967,,,1421.38093263445,
EUU,1968,,,1514.60782587261,
EUU,1969,,,1678.55063816657,
EUU,1970,,,1887.77749633401,
EUU,1971,,,2122.17156085084,
EUU,1972,,,2542.21183155868,
EUU,1973,,,3267.80232103321,
EUU,1974,,,3677.09541892068,
EUU,1975,,,4256.76005699353,
EUU,1976,,,4435.29965349951,
EUU,1977,,,5000.51225440305,
EUU,1978,,,6062.01605047007,
EUU,1979,,,7293.96411516703,
EUU,1980,,,8122.15330988813,
EUU,1981,,,7058.62667171825,
EUU,1982,,,6788.83741038596,
EUU,1983,,,6583.82111509042,
EUU,1984,,,6329.6590505825,
EUU,1985,,,6495.44299726858,
EUU,1986,,,9047.93960391575,
EUU,1987,,,11152.9209457286,
EUU,1988,,,12205.8232641158,
EUU,1989,,,12421.7141092541,
EUU,1990,,,15480.5584700599,
EUU,1991,8.58619358196168,,15946.1002306568,
EUU,1992,9.23104957739059,,17463.5343647004,
EUU,1993,10.8519435596734,,15902.3176943965,
EUU,1994,11.5479115718761,,16816.1645936426,
EUU,1995,11.109236245509,,19456.321194454,
EUU,1996,11.1438232362614,,19740.4112006281,
EUU,1997,10.9465383712559,,18080.0132985066,
EUU,1998,10.5276376311465,,18600.0115487639,
EUU,1999,10.2140715975986,,18484.0156830483,49.1069717407227
EUU,2000,9.6992067646065,,16956.0404946054,50.9117202758789
EUU,2001,9.20662418982846,,17208.9035778997,53.326229095459
EUU,2002,9.5656358156472,,18773.5039434434,55.6869888305664
EUU,2003,9.70782702151941,,22991.2367735241,57.9621315002441
EUU,2004,9.86057517861666,,26335.8502555339,59.9736289978027
EUU,2005,9.63100586720302,,27400.009679177,61.5676918029785
EUU,2006,8.68896256105534,,29169.3897071187,62.8105583190918
EUU,2007,7.5031053820411,,33682.862816778,63.493091583252
EUU,2008,7.24163431745465,,37160.0102168184,64.5242614746094
EUU,2009,9.21120412957521,,33632.1592985196,65.613899230957
EUU,2010,9.87327234610775,,33119.5730126034,66.8966522216797
EUU,2011,9.92888294564936,,35963.3218067157,67.5122680664062
EUU,2012,10.8758482088061,,33324.7758491129,67.3753204345703
EUU,2013,11.3511730368596,,34804.7359239781,67.5626907348633
EUU,2014,10.8255885011473,,35590.1074295737,68.7397079467773
EUU,2015,10.0165353301996,,30771.6635221374,69.7687225341797
EUU,2016,9.1056944627421,,31456.903580129,70.514030456543
EUU,2017,8.13208945121752,,33394.5944932308,71.7874526977539
EUU,2018,7.24247265095853,,36076.9018014875,72.9149475097656
EUU,2019,6.67705052747452,,35374.1493923083,74.0401382446289
EUU,2020,7.05471356704802,,34694.7105012203,75.0071029663086
EUU,2021,7.02659354012655,,39206.9663368683,77.8575668334961
EUU,2022,6.16137258045926,,38066.8240398192,79.6330184936523
EUU,2023,6.02643653344515,,41566.8992410802,79.4997329711914
EUU,2024,5.92300803762815,,43313.7668203916,79.4997329711914
EUU,2025,5.92604538207809,,47089.1638419269,
FIN,1960,,,1191.85508873415,
FIN,1961,,,1341.49900625891,
FIN,1962,,,1426.6675637882,
FIN,1963,,,1538.45703402737,
FIN,1964,,,1725.60483489826,
FIN,1965,,,1902.03847177709,
FIN,1966,,,2031.52331393903,
FIN,1967,,,2055.75306771186,
FIN,1968,,,1927.29380452918,
FIN,1969,,,2201.12415237742,
FIN,1970,,,2465.86455526041,
FIN,1971,,,2716.43223544591,
FIN,1972,,,3177.9287929756,
FIN,1973,,,4173.54485169644,
FIN,1974,,,5298.08008790754,
FIN,1975,,,6256.10245136117,
FIN,1976,,,6740.29145314637,
FIN,1977,,,7069.73565139858,
FIN,1978,,,7629.49572475149,
FIN,1979,,,9333.07695567452,
FIN,1980,,,11224.9380036353,
FIN,1981,,,10925.0957161181,
FIN,1982,,,10935.3110588486,
FIN,1983,,,10493.9626636806,
FIN,1984,,,10830.2185222663,
FIN,1985,,,11394.1921044246,
FIN,1986,,,14946.9926198261,
FIN,1987,,,18565.0264426011,
FIN,1988,,,22043.7701596288,
FIN,1989,,,23969.052798644,
FIN,1990,,0.401,28366.204276071,
FIN,1991,6.503,1.4,25488.8450525604,
FIN,1992,11.595,1.89,22320.1124695857,
FIN,1993,16.201,2.57,17588.6781715509,
FIN,1994,16.426,4.92,20278.29109854,
FIN,1995,17.005,13.9,26246.2743214462,
FIN,1996,15.572,16.8,25756.6777073618,
FIN,1997,14.967,19.5,24682.29083271,
FIN,1998,13.214,25.5,25999.9861694953,
FIN,1999,11.693,32.3,26180.4128562349,
FIN,2000,11.134,37.2484617371121,24335.9225082659,
FIN,2001,10.29,43.1053633522263,24965.202996776,85.9510498046875
FIN,2002,10.423,62.43,26989.389260959,86.788932800293
FIN,2003,10.469,69.22,32920.0857192568,88.286979675293
FIN,2004,10.358,72.39,37768.1334202029,90.1379318237305
FIN,2005,9.602,74.48,39049.8703780223,91.9409408569336
FIN,2006,8.935,79.66,41214.0187765069,93.4309921264648
FIN,2007,6.854,80.78,48473.0240091455,95.0834808349609
FIN,2008,6.369,83.67,53769.4726240385,95.8668518066406
FIN,2009,8.249,82.49,47478.3495310999,92.0154724121094
FIN,2010,8.394,86.89,46506.2919016566,93.1867599487305
FIN,2011,7.781,88.70999491353,51060.3242589767,93.2884292602539
FIN,2012,7.689,89.879997974222,47551.6740841369,91.5533828735352
FIN,2013,8.193,91.5144,49691.0145200739,91.2365264892578
FIN,2014,8.663,86.5303927529377,50073.7760815871,89.9938812255859
FIN,2015,9.376,86.4221333325445,42560.3456767103,89.6573791503906
FIN,2016,8.818,87.7036499599455,43451.2562442158,89.3280029296875
FIN,2017,8.64,87.4689290730615,46085.0174739036,90.6983871459961
FIN,2018,7.361,88.8899599985585,49654.2497035329,92.3850021362305
FIN,2019,6.695,89.6073851129779,48358.1807773701,94.5891189575195
FIN,2020,7.759,92.17027106,48828.6846862799,96.4726333618164
FIN,2021,7.617,92.80806082,53099.1351400148,100.868072509766
FIN,2022,6.719,92.98879471,50440.560224974,104.944221496582
FIN,2023,7.149,93.51385075,52864.6931581216,108.130409240723
FIN,2024,8.4,93.72405196,53155.5451165897,110.304496765137
FIN,2025,9.461,,56148.580949046,
FJI,1960,,,277.431535497766,
FJI,1961,,,280.273366731046,
FJI,1962,,,285.473073001593,
FJI,1963,,,291.38357377756,
FJI,1964,,,305.532203132127,
FJI,1965,,,311.241072912198,
FJI,1966,,,309.5744090096,
FJI,1967,,,325.9865454003,
FJI,1968,,,327.357416510141,
FJI,1969,,,349.813973013608,
FJI,1970,,,413.93721652892,0.697130024433136
FJI,1971,,,457.844599860784,1.04355001449585
FJI,1972,,,575.217482137037,1.29038000106812
FJI,1973,,,761.684067364828,1.60628998279572
FJI,1974,,,984.313523932329,2.12105989456177
FJI,1975,,,1188.18424249981,2.81668996810913
FJI,1976,,,1186.16648457757,
FJI,1977,,,1203.57267969162,
FJI,1978,,,1354.81144050374,
FJI,1979,,,1626.66019023926,
FJI,1980,,,1873.31097972432,2.38316988945007
FJI,1981,,,1879.36315139259,2.46146011352539
FJI,1982,,,1773.14392517051,2.71577000617981
FJI,1983,,,1628.04901181455,
FJI,1984,,,1666.86572541062,2.50851011276245
FJI,1985,,,1576.72069091401,2.97018003463745
FJI,1986,,,1745.24126633634,2.83617997169495
FJI,1987,,,1569.46727039388,
FJI,1988,,,1463.04720165947,
FJI,1989,,,1543.2961719258,4.64109992980957
FJI,1990,,0.0,1728.94076871199,
FJI,1991,4.618,,1774.99211138118,10.7947301864624
FJI,1992,4.64,,1951.25592930351,
FJI,1993,4.694,0.00668,2070.04734110195,
FJI,1994,4.598,0.00791,2297.18005884304,
FJI,1995,4.651,0.00912,2466.74347815903,
FJI,1996,4.623,0.0644,2648.32766264,
FJI,1997,4.725,0.223,2573.72338605678,
FJI,1998,4.746,0.633,2010.49636073149,
FJI,1999,4.698,0.942,2327.95720514091,
FJI,2000,4.697,1.4968547339902,1995.72071163264,
FJI,2001,4.692,1.8579785936093,1944.997414609,
FJI,2002,4.772,6.15264970011985,2136.56794118683,
FJI,2003,4.74,6.72543473821551,2655.58079586044,14.7718696594238
FJI,2004,4.7,7.4129434854202,3097.19096651759,14.5726699829102
FJI,2005,3.886,8.45363663371359,3377.69126953493,14.4559001922607
FJI,2006,3.957,9.6000384001536,3455.10599907349,
FJI,2007,4.109,10.89780045,3762.74692789299,
FJI,2008,4.187,13.0,3899.92231512129,
FJI,2009,4.309,17.0,3164.13275408169,
FJI,2010,4.345,20.0,3449.14452883369,
FJI,2011,4.406,28.0,4139.60288609702,
FJI,2012,4.375,33.74240112,4341.40338748749,
FJI,2013,4.356,35.20000076,4572.44377544245,
FJI,2014,4.323,37.40000153,5293.35676680464,69.4327641990718
FJI,2015,4.288,42.5,5097.53106864695,68.4167953525995
FJI,2016,4.319,49.41999817,5363.79026679243,77.5601234063116
FJI,2017,4.418,53.6473999,5826.84814459328,82.343551650893
FJI,2018,4.523,58.2364006,6085.41979485376,79.1464225438552
FJI,2019,4.661,63.21789932,5842.07344577597,77.5562006170027
FJI,2020,5.054,68.62560272,4620.6457238014,83.7613654490349
FJI,2021,5.225,70.56800079,4536.73312110335,76.7030156165859
FJI,2022,5.403,72.56549835,5414.12092119088,68.7794855157684
FJI,2023,5.316,74.1160965,5926.20586394763,60.9679066767014
FJI,2024,5.361,74.7052002,6425.74151715712,75.0089752283697
FJI,2025,5.347,,6642.00449450523,
FRA,1960,,,1306.79629911648,
FRA,1961,,,1401.87190432812,
FRA,1962,,,1553.99323202639,
FRA,1963,,,1723.23648290171,
FRA,1964,,,1891.12061521027,
FRA,1965,,,2023.50184544884,
FRA,1966,,,2172.59339649824,
FRA,1967,,,2328.11785496887,
FRA,1968,,,2518.15825593491,
FRA,1969,,,2729.37124785377,
FRA,1970,,,2832.54913756906,
FRA,1971,,,3137.05929958055,
FRA,1972,,,3809.09946046394,
FRA,1973,,,4906.53555379458,
FRA,1974,,,5260.60025882755,
FRA,1975,,,6616.76722499173,
FRA,1976,,,6792.3099035538,
FRA,1977,,,7458.76424117602,
FRA,1978,,,9166.59011961391,
FRA,1979,,,11062.5731730373,
FRA,1980,,,12565.1639377144,
FRA,1981,,,10955.9002996167,
FRA,1982,,,10359.8920663549,
FRA,1983,,,9862.28449386586,
FRA,1984,,,9311.89426452129,
FRA,1985,,,9657.01938533723,
FRA,1986,,,13430.4824599685,
FRA,1987,,,16175.7090467566,
FRA,1988,,,17549.6440487161,
FRA,1989,,,17547.2645422514,
FRA,1990,,0.0528,21586.4674617483,
FRA,1991,9.134,0.14,21500.7778366233,
FRA,1992,10.203,0.279,23615.0168565483,
FRA,1993,11.32,0.591,22238.8250618434,
FRA,1994,12.593,0.9,23359.8985104774,
FRA,1995,11.834,1.64,26791.8151982369,
FRA,1996,12.367,2.58,26757.6351494145,
FRA,1997,12.566,4.26,24169.4008102822,
FRA,1998,12.074,6.32,24869.4030795939,
FRA,1999,11.981,9.13,24576.3152254528,
FRA,2000,10.218,14.3079239430677,22340.5939516217,
FRA,2001,8.61,26.3259035521688,22331.7948343036,50.4472885131836
FRA,2002,8.702,30.18,24144.5727019529,50.2516899108887
FRA,2003,8.306,36.14,29479.5222101175,52.3169784545898
FRA,2004,8.914,39.15,33644.9282220364,53.4576301574707
FRA,2005,8.882,42.87,34696.3718316971,53.8823318481445
FRA,2006,8.832,46.87,36431.5658906555,53.8754196166992
FRA,2007,8.008,66.09,41486.1907828787,52.9475402832031
FRA,2008,7.386,70.68,45464.8181385158,52.4755210876465
FRA,2009,9.122,71.58,41728.0884164132,52.7731018066406
FRA,2010,9.279,77.28,40694.8211697025,54.881721496582
FRA,2011,9.228,77.8199989926706,43929.7840873812,55.6257286071777
FRA,2012,9.841,81.44,40863.5814412333,57.9090118408203
FRA,2013,9.913,81.9198,42669.1795111893,59.8487586975098
FRA,2014,10.273,83.7510996681821,43148.0459288416,61.5104789733887
FRA,2015,10.354,78.0060377071902,36702.4323733379,62.7859306335449
FRA,2016,10.057,79.2698113207547,37024.2157133669,64.7276763916016
FRA,2017,9.409,80.5024597243607,38687.1626407164,65.8022308349609
FRA,2018,9.018,82.0431867788484,41418.1766484844,67.5435180664062
FRA,2019,8.415,83.3397440866883,40408.2848574751,67.7331314086914
FRA,2020,8.009,84.70639801,39169.8606000707,68.8709411621094
FRA,2021,7.871,86.09548575,43725.0999521245,69.9397888183594
FRA,2022,7.303,85.33331734,40988.6396406579,71.5107269287109
FRA,2023,7.335,86.83635789,44700.1384177544,70.4536437988281
FRA,2024,7.4,88.65381638,46103.0840855884,71.5346908569336
FRA,2025,7.542,,48985.7307807924,
FRO,1965,,,1594.47884066707,
FRO,1966,,,1749.16153532827,
FRO,1967,,,1780.15707646919,
FRO,1968,,,1735.53425630103,
FRO,1969,,,1849.43853817677,
FRO,1970,,,2219.37686726419,
FRO,1971,,,2563.60186171096,
FRO,1972,,,3046.4591497805,
FRO,1973,,,4067.92980683272,
FRO,1974,,,4906.27514325385,
FRO,1975,,,5605.51262112203,
FRO,1976,,,6593.6212932559,
FRO,1977,,,8387.1492388171,
FRO,1978,,,9479.43754490354,
FRO,1979,,,10549.3401533022,
FRO,1980,,,11446.2829681746,
FRO,1981,,,10458.0965252581,
FRO,1982,,,10052.9192302665,
FRO,1983,,,10893.3317148574,
FRO,1984,,,9437.29347360867,
FRO,1985,,,10048.5086349589,
FRO,1986,,,14933.5448035702,
FRO,1987,,,18982.2410674985,
FRO,1988,,,20453.0990144916,
FRO,1989,,,18180.8492751081,
FRO,1990,,0.0,20125.3725089519,
FRO,1991,,,19163.5554371421,
FRO,1992,,,19300.6621973456,
FRO,1993,,,16373.8260050275,
FRO,1994,,,16975.9297150055,
FRO,1995,,0.0,20669.2052425004,
FRO,1996,,2.32,22705.6954787426,
FRO,1997,,4.6,21158.4130199317,
FRO,1998,,11.3,24729.019906458,
FRO,1999,,22.3,24978.6210817538,
FRO,2000,,32.916392363397,23322.7593357515,
FRO,2001,,43.2469835228993,24879.7729617864,
FRO,2002,,53.2992218313613,26937.6505602847,
FRO,2003,,58.9126409695337,31269.6031997217,
FRO,2004,,66.5335994677312,35647.5440400531,
FRO,2005,,67.9026317413939,36389.081644098,
FRO,2006,,69.359445124439,41743.6812847661,
FRO,2007,,75.98,48348.7393711011,
FRO,2008,,75.57,51287.8911081663,
FRO,2009,,75.18,47060.1592550833,
FRO,2010,,75.2,47924.1364756678,
FRO,2011,,80.7321728,51620.0541648551,
FRO,2012,,85.3351892392109,50263.0024625867,
FRO,2013,,90.0,55759.364098362,
FRO,2014,,93.3,60173.3057854661,
FRO,2015,,94.2,52638.2668218454,
FRO,2016,,95.1086816720257,56876.4302363804,
FRO,2017,,97.5819589384468,59388.5365965776,
FRO,2018,,,62525.2647698273,
FRO,2019,,,63070.7228080361,
FRO,2020,,,62247.9273907098,
FRO,2021,,,69421.6981686515,
FRO,2022,,,67069.3987440509,
FRO,2023,,,72486.6910957957,
FRO,2024,,,74175.2776311377,
FSM,1970,,,337.4957740742,
FSM,1971,,,359.244640147767,
FSM,1972,,,403.046469058094,
FSM,1973,,,544.204466602069,
FSM,1974,,,701.077963162938,
FSM,1975,,,683.97674556564,
FSM,1976,,,677.970615070457,
FSM,1977,,,668.601472729072,
FSM,1978,,,737.510432416087,8.07839012145996
FSM,1979,,,803.032190156421,23.2427997589111
FSM,1980,,,829.209813066002,17.5863399505615
FSM,1981,,,958.37442664862,27.3650398254394
FSM,1982,,,973.688636446563,20.0074901580811
FSM,1983,,,993.272945205479,
FSM,1984,,,971.323735890612,
FSM,1985,,,1136.27633295061,
FSM,1986,,,1216.15763119676,
FSM,1987,,,1230.44156720509,
FSM,1988,,,1284.2827275817,
FSM,1989,,,1365.61518337828,
FSM,1990,,0.0,1459.04369201491,
FSM,1991,,,1617.45528154622,
FSM,1992,,,1699.3301910196,
FSM,1993,,,1853.06259690284,
FSM,1994,,,1856.5207426083,
FSM,1995,,,1995.19187154132,
FSM,1996,,0.278,1955.97507000271,
FSM,1997,,0.571,1840.2391263246,
FSM,1998,,1.86,1944.03332824551,
FSM,1999,,2.8,1944.83255730659,13.3604698181152
FSM,2000,,3.73486213690137,2049.34490021777,13.3582201004028
FSM,2001,,4.66052719883673,2103.74849819784,
FSM,2002,,5.57009970478472,2113.45955463859,
FSM,2003,,9.23250210039423,2145.87789998664,
FSM,2004,,11.0178673081514,2104.42796515524,
FSM,2005,,11.88140011,2216.9963738197,
FSM,2006,,12.75030041,2257.76445195026,
FSM,2007,,13.62110043,2302.51183108846,
FSM,2008,,14.49,2395.90218109716,
FSM,2009,,15.35,2565.83639782506,
FSM,2010,,20.0,2715.26873721406,
FSM,2011,,22.79999924,2859.8488365615,
FSM,2012,,25.97439957,3003.05867086848,
FSM,2013,,27.79999924,2904.1536796737,
FSM,2014,,29.64999962,2915.23672460238,
FSM,2015,,31.50110054,2869.86276169101,
FSM,2016,,33.35219955,2997.93719917488,
FSM,2017,,35.30410004,3297.37580036719,
FSM,2018,,36.61460114,3584.78377566896,
FSM,2019,,37.97370148,3581.72684572278,
FSM,2020,,39.38330078,3362.02802120524,
FSM,2021,,,3508.22314197664,
FSM,2022,,39.0279007,3703.66680343222,
FSM,2023,,39.39889908,3933.01607031874,
FSM,2024,,39.52360153,4251.69052668788,
FSM,2025,,,4414.00737137479,
GAB,1960,,,276.136169473227,
GAB,1961,,,323.4592026542,
GAB,1962,,,348.416820133128,
GAB,1963,,,290.675816546409,
GAB,1964,,,400.402956504958,
GAB,1965,,,414.554218095035,
GAB,1966,,,443.401599878142,
GAB,1967,,,482.22309050643,
GAB,1968,,,514.573983796217,
GAB,1969,,,545.410237141201,
GAB,1970,,,543.433161441757,
GAB,1971,,,627.415677576616,0.376810014247894
GAB,1972,,,693.294831412979,0.65557998418808
GAB,1973,,,1140.0416427509,0.740000009536743
GAB,1974,,,2384.18628892572,1.33373999595642
GAB,1975,,,3258.23424153589,1.95166003704071
GAB,1976,,,4441.09448586623,1.96203994750977
GAB,1977,,,4048.1467428949,2.35043001174927
GAB,1978,,,3359.57268123664,2.35891008377075
GAB,1979,,,4154.58594015093,2.27062010765076
GAB,1980,,,5718.46719052717,2.87462997436523
GAB,1981,,,5026.47646757156,
GAB,1982,,,4583.89967785445,
GAB,1983,,,4181.57191575578,4.68355989456177
GAB,1984,,,4272.88216871705,4.89379978179932
GAB,1985,,,3898.46316935487,
GAB,1986,,,3864.67453823981,
GAB,1987,,,3624.37675865476,5.63495016098022
GAB,1988,,,4118.60473032795,5.40330982208252
GAB,1989,,,4373.88491926948,5.1715898513794
GAB,1990,,0.0,6050.71468999523,5.09427976608276
GAB,1991,17.224,,5345.0965303052,
GAB,1992,17.716,,5385.68811745078,
GAB,1993,17.78,,4105.98701339331,
GAB,1994,17.804,,3828.21118114454,
GAB,1995,17.388,,4414.8755828572,
GAB,1996,17.325,0.0,4942.67870027615,
GAB,1997,17.166,0.048,4508.75340541142,
GAB,1998,17.152,0.17,3699.99513906504,
GAB,1999,17.599,0.249,3751.35318950625,6.65822982788086
GAB,2000,17.848,1.21614061828589,3982.906200928,
GAB,2001,17.827,1.34762022159633,3835.75718279727,7.45746994018555
GAB,2002,17.376,1.93953010616212,3966.48001864663,
GAB,2003,17.126,2.65958659385985,4710.74862768151,7.65526008605957
GAB,2004,17.108,2.97906980035019,5465.79193590708,
GAB,2005,16.91,4.89326474972412,6547.87613955186,
GAB,2006,17.805,5.48920080280135,6847.00985685394,
GAB,2007,18.257,5.767000198,8003.54289696049,
GAB,2008,19.212,7.5,9688.64519690633,
GAB,2009,19.76,9.5,7290.57526093114,
GAB,2010,20.39,13.0,8356.74662013345,
GAB,2011,19.895,18.0,10219.1139339454,
GAB,2012,19.661,24.0,9296.96587941088,
GAB,2013,19.736,30.53800011,9197.70106323947,
GAB,2014,19.873,38.07120132,9201.36276648105,
GAB,2015,19.943,45.78450012,7047.12654634355,
GAB,2016,20.117,48.0522995,6677.07003901644,
GAB,2017,20.307,51.60490036,6921.73373135624,
GAB,2018,20.459,55.42020035,7624.2775233771,
GAB,2019,20.371,59.51760101,7441.1786472281,
GAB,2020,21.279,63.91790009,6605.80346077904,
GAB,2021,21.223,65.76809692,8181.40914134398,
GAB,2022,20.319,67.67169952,8409.20741452279,
GAB,2023,20.161,68.19789886,7802.82433276138,
GAB,2024,20.091,68.72090149,8230.04311451151,
GAB,2025,20.154,,8263.03321595,
GBR,1960,,,1397.5948032844,
GBR,1961,,,1472.38571407868,
GBR,1962,,,1525.77585271032,
GBR,1963,,,1613.45688373392,
GBR,1964,,,1748.2881176141,
GBR,1965,,,1873.56777435421,
GBR,1966,,,1986.74715869685,
GBR,1967,,,2058.78188198056,
GBR,1968,,,1951.75859587532,
GBR,1969,,,2100.66786858672,
GBR,1970,,,2347.54431773747,
GBR,1971,,,2649.80151387223,
GBR,1972,,,3030.43251411977,
GBR,1973,,,3426.27622050378,
GBR,1974,,,3665.8627976419,
GBR,1975,,,4299.74561799284,
GBR,1976,,,4138.16778761535,
GBR,1977,,,4681.43993173038,
GBR,1978,,,5976.93816899991,
GBR,1979,,,7804.76208051155,
GBR,1980,,,10032.062080015,
GBR,1981,,,9599.30622221965,
GBR,1982,,,9146.07735701852,
GBR,1983,,,8691.51881306514,
GBR,1984,,,8179.19444064991,
GBR,1985,,,8652.21654247593,
GBR,1986,,,10611.112210096,
GBR,1987,,,13118.586534629,
GBR,1988,,,15987.1680775688,
GBR,1989,,,16239.2821960944,
GBR,1990,,0.0874,19095.4669984608,
GBR,1991,8.55,0.174,19900.7266505069,
GBR,1992,9.772,0.261,20487.1707852878,
GBR,1993,10.346,0.52,18389.0195675099,
GBR,1994,9.648,1.04,19709.2380983653,
GBR,1995,8.694,1.9,23252.6157127423,
GBR,1996,8.189,4.12,24503.3829602903,
GBR,1997,7.072,7.39,26910.1381529902,
GBR,1998,6.198,13.7,28396.3523548013,
GBR,1999,6.042,21.3,28858.0065333126,
GBR,2000,5.558,26.8217543508578,28383.8761094996,57.365119934082
GBR,2001,4.696,33.4810948744147,28013.8729635508,57.4873008728027
GBR,2002,5.037,56.48,30158.7017807858,61.1282196044922
GBR,2003,4.807,64.82,34556.7726095905,61.4559707641602
GBR,2004,4.594,65.61,40504.4118103928,59.4526710510254
GBR,2005,4.884,70.0,42240.2462987547,59.2745018005371
GBR,2006,5.472,68.82,44695.161023424,59.1907196044922
GBR,2007,5.399,75.09,50629.0799172887,58.8450889587402
GBR,2008,5.748,78.39,47652.4030691881,57.4309883117676
GBR,2009,7.683,83.56,39009.3715547821,59.101131439209
GBR,2010,7.973,85.0,39778.3220528565,59.8467292785645
GBR,2011,8.195,85.3799985496322,42295.9273835322,59.3426704406738
GBR,2012,8.279,87.4799984242111,42688.3263728372,59.1535682678223
GBR,2013,7.752,89.8441,43607.6636827371,56.7794799804688
GBR,2014,6.398,91.6133009176453,47746.9810645521,56.5240287780762
GBR,2015,5.552,92.0002998740234,45256.040227057,56.4461288452148
GBR,2016,4.909,94.7758006318882,41258.5374285695,58.083869934082
GBR,2017,4.501,90.4245504868553,40918.0520870944,59.6282081604004
GBR,2018,4.145,90.692008988783,43704.3162296687,61.1377716064453
GBR,2019,3.657,92.5166285497138,43160.6843971799,65.5119934082031
GBR,2020,4.472,94.81820132,40815.1255364787,69.4076614379883
GBR,2021,4.864,96.19650269,47695.6491523474,76.7543563842773
GBR,2022,3.768,95.46530151,47034.7795621476,79.7695083618164
GBR,2023,4.025,95.44719696,49919.6896621586,80.4146499633789
GBR,2024,4.361,95.4720993,53341.3131094262,
GBR,2025,4.746,,57601.9621201954,
GEO,1981,,,,28.7082500457764
GEO,1987,,,1543.58202459728,
GEO,1988,,,1843.90343235858,
GEO,1989,,,1853.44090838675,
GEO,1990,,0.0,1610.98027146868,
GEO,1991,2.7,,1307.82342713006,37.0881996154785
GEO,1992,5.4,,757.223548505358,
GEO,1993,5.4,,550.015542609224,
GEO,1994,8.4,,519.815578814965,
GEO,1995,7.6,0.0118,578.336923460866,46.4012413024902
GEO,1996,11.5,0.0401,689.034634153312,43.8229789733887
GEO,1997,11.5,0.0609,807.032285752352,47.1814498901367
GEO,1998,14.53,0.103,851.515542450841,
GEO,1999,13.8,0.416,673.537782887275,38.4826202392578
GEO,2000,10.82,0.484746298540492,749.908534993961,40.6597099304199
GEO,2001,11.16,0.992344436138154,801.98383707929,41.7714691162109
GEO,2002,12.59,1.58787562980332,853.526171868939,44.0944595336914
GEO,2003,11.51,2.55881648068489,1010.03151630868,45.2726097106934
GEO,2004,12.62,3.88622135350273,1305.04748557208,44.4988403320312
GEO,2005,13.81,6.079500198,1642.78359414797,49.7896995544434
GEO,2006,13.57,7.52687684487832,1996.02013272284,42.33203125
GEO,2007,13.28,8.26,2635.36650276116,41.5539588928223
GEO,2008,17.87,10.01000023,3324.7537205015,38.640739440918
GEO,2009,20.71,20.06999969,2822.68939668797,28.6668605804443
GEO,2010,20.203,26.9,3281.72930937343,32.7360912804725
GEO,2011,19.632,31.52000046,4119.66818307193,35.9205541584628
GEO,2012,19.653,36.93999863,4530.69533409431,33.6164699594408
GEO,2013,19.416,43.3,4712.00229382665,40.5870663959566
GEO,2014,17.439,49.1024547144647,4830.33486170249,46.3290537874173
GEO,2015,16.506,47.5697596438736,4086.6223465965,51.9050659422441
GEO,2016,16.604,58.4592896118725,4143.40125686315,58.1988080034057
GEO,2017,13.939,59.7055045962571,4418.75206546679,63.535040959252
GEO,2018,12.667,62.7179081974285,4804.0546040444,66.747813990461
GEO,2019,11.565,68.8467135616978,4741.2832715876,69.6463934713126
GEO,2020,11.734,72.53157487,4300.85701291207,71.8064531290391
GEO,2021,11.785,76.4427093,5083.60695484577,77.2303110681266
GEO,2022,11.621,78.71127536,6729.84659930283,79.3253367493498
GEO,2023,11.549,81.88425624,8283.66960652261,78.2652247393707
GEO,2024,11.557,83.79855689,8967.67525638987,
GEO,2025,12.097,,9691.53472415196,89.4861221313477
GHA,1960,,,174.858856531804,
GHA,1961,,,181.870010833085,
GHA,1962,,,188.421016299893,
GHA,1963,,,205.037422391885,
GHA,1964,,,224.968154393354,
GHA,1965,,,260.50559523622,
GHA,1966,,,263.334589411514,
GHA,1967,,,211.219296540365,
GHA,1968,,,196.668571830464,
GHA,1969,,,225.772621963554,
GHA,1970,,,248.159869409818,
GHA,1971,,,263.408787882235,0.74235999584198
GHA,1972,,,223.80286383233,0.766690015792847
GHA,1973,,,309.509552300391,0.821160018444061
GHA,1974,,,289.425856816508,0.929270029067993
GHA,1975,,,272.976715188503,0.961629986763
GHA,1976,,,260.998295813107,1.04252004623413
GHA,1977,,,292.28979809499,
GHA,1978,,,325.598476678233,
GHA,1979,,,346.653403777697,
GHA,1980,,,372.252026367961,
GHA,1981,,,343.799126739425,
GHA,1982,,,319.206910329791,1.35178005695343
GHA,1983,,,311.383438154949,
GHA,1984,,,329.998888863111,
GHA,1985,,,329.714604937014,
GHA,1986,,,410.711658388611,
GHA,1987,,,355.153724919203,
GHA,1988,,,355.121844932881,
GHA,1989,,,349.964941914982,
GHA,1990,,0.0,382.54246368354,
GHA,1991,3.489,,418.254121349986,0.910929977893829
GHA,1992,4.7,,396.426407640517,1.05234003067017
GHA,1993,5.231,,359.800844097528,1.25375998020172
GHA,1994,5.9,,320.50390343252,1.28396999835968
GHA,1995,6.484,0.000348,371.537243033836,
GHA,1996,7.091,0.00565,389.271267898831,
GHA,1997,7.639,0.0275,377.841935501461,
GHA,1998,8.2,0.0322,400.366799508524,
GHA,1999,10.1,0.105,403.037326127273,
GHA,2000,10.456,0.153615297625799,253.746936203344,
GHA,2001,9.615,0.200008060324831,263.542156494853,
GHA,2002,8.711,0.830284033818738,297.46164468774,
GHA,2003,7.728,1.19305791098328,358.39927142073,
GHA,2004,6.758,1.71679770389504,406.132105329565,
GHA,2005,5.816,1.83119746104616,478.611909191028,5.35099983215332
GHA,2006,4.897,2.72317597313987,906.441027564887,4.7728099822998
GHA,2007,5.104,3.85,1050.12461524926,5.92381000518799
GHA,2008,5.144,4.27,1182.65761256016,7.91365003585815
GHA,2009,5.362,5.44,1047.70430093586,8.29780006408691
GHA,2010,5.384,7.8,1263.89251760539,
GHA,2011,4.213,9.0,1507.43573198753,11.2824466895305
GHA,2012,3.126,10.6,1543.77524235764,11.4938894891938
GHA,2013,2.173,15.0,2294.79584693743,13.4205396326832
GHA,2014,4.403,19.0,1949.90832923846,15.0809451652103
GHA,2015,6.806,23.0,1722.77282833606,15.5618871637579
GHA,2016,5.256,28.0,1912.47991339951,15.606270735823
GHA,2017,3.369,37.88420105,2012.28662641265,16.2065694246062
GHA,2018,3.204,43.0,2195.32166016377,15.9045597520982
GHA,2019,3.067,22.0732,2186.65822682613,17.3607250095097
GHA,2020,3.178,62.51760101,2195.45481659987,18.6139938594155
GHA,2021,3.2,68.6,2445.18662529344,19.2005186528071
GHA,2022,2.87,69.91329956,2229.89122654479,20.44559258931
GHA,2023,2.829,70.67430115,2383.90410476221,22.0958254757285
GHA,2024,2.82,72.17569733,2419.2518672482,21.330810546875
GHA,2025,2.979,,3257.1588903576,
GIB,1990,,0.0,,
GIB,1997,,2.66,,
GIB,1998,,4.18,,
GIB,1999,,5.94,,
GIB,2000,,19.1316381248919,,
GIB,2001,,21.171109436031,,
GIB,2002,,23.670239745714,,
GIB,2003,,28.3257797920554,,
GIB,2004,,32.8860826098395,,
GIB,2005,,39.0701308849385,,
GIB,2006,,45.29864751181,,
GIB,2007,,51.61,,
GIB,2008,,58.0,,
GIB,2009,,65.07,,
GIB,2010,,65.0,,
GIB,2011,,65.0,,
GIB,2012,,65.017,,
GIB,2016,,94.4444715818151,,
GIN,1970,,,752.822503572388,
GIN,1971,,,825.289977053096,0.526459991931915
GIN,1972,,,948.497421297055,
GIN,1973,,,1143.30003514078,
GIN,1974,,,1242.5292252039,
GIN,1975,,,1311.33051362563,2.45328998565674
GIN,1976,,,1430.66435286764,3.06224989891052
GIN,1977,,,1440.15766515101,3.4679000377655
GIN,1978,,,1657.96393230706,4.73149013519287
GIN,1979,,,1789.99554924567,4.90068006515503
GIN,1980,,,1930.99184257949,
GIN,1981,,,1875.53966772396,4.14699983596802
GIN,1982,,,2272.63298724274,2.91578006744385
GIN,1983,,,2822.83932284682,2.8449399471283
GIN,1984,,,3361.5282015455,2.58398008346558
GIN,1985,,,4061.69867242443,2.17640995979309
GIN,1986,,,505.876944250303,1.74360001087189
GIN,1987,,,504.510868799406,1.29789996147156
GIN,1988,,,574.001127225182,1.10450005531311
GIN,1989,,,570.493417986787,1.13118994235992
GIN,1990,,0.0,604.304422702532,1.04196000099182
GIN,1991,4.56,,656.42373119518,0.905399978160858
GIN,1992,4.58,,692.647802662806,0.847769975662231
GIN,1993,4.561,,670.741778229959,1.17282998561859
GIN,1994,4.527,0.000138,671.576385058752,1.09438002109528
GIN,1995,4.494,0.000669,713.031460558683,1.21478998661041
GIN,1996,4.509,0.00195,726.025442583799,1.12723004817963
GIN,1997,4.477,0.0038,695.58174225826,1.16131997108459
GIN,1998,4.501,0.0062,647.379920832778,1.22133994102478
GIN,1999,4.517,0.0608,610.614842942762,
GIN,2000,4.586,0.0954249236063846,518.157066924026,
GIN,2001,4.584,0.175541868491054,483.085120214741,
GIN,2002,4.549,0.402022748744397,495.916073559269,
GIN,2003,4.628,0.450960370842751,566.48540588068,
GIN,2004,4.709,0.508819332302937,584.897740538081,2.29848003387451
GIN,2005,4.814,0.542299986,463.17768685098,3.08171010017395
GIN,2006,4.863,0.637499988,446.980554135013,5.37415981292725
GIN,2007,4.787,0.780025279059244,650.148575304743,8.27204990386963
GIN,2008,4.803,0.92,703.532825784369,9.32559967041016
GIN,2009,4.914,0.94,662.185914665575,9.34879016876221
GIN,2010,5.018,1.0,659.235326211315,10.5439796447754
GIN,2011,5.024,2.0,636.694958747648,10.6184597015381
GIN,2012,4.874,3.099999905,699.353377212197,10.0085697174072
GIN,2013,4.944,4.5,748.455020824734,10.4364004135132
GIN,2014,5.044,6.400000095,765.146999389279,10.8547201156616
GIN,2015,5.15,9.199999809,747.356966759448,
GIN,2016,4.997,13.10000038,711.996509782316,
GIN,2017,4.86,18.70000076,833.598621691121,
GIN,2018,4.835,21.8300230430563,933.273615633705,
GIN,2019,5.018,23.89049911,1031.34146480732,
GIN,2020,6.007,26.14550018,1053.66097696415,
GIN,2021,5.815,28.61330032,1244.96550477914,
GIN,2022,5.174,31.31399918,1416.59612011764,
GIN,2023,5.141,32.31560135,1555.49375806861,
GIN,2024,5.132,33.30469894,1694.95375862185,
GIN,2025,5.163,,1877.2541220972,
GMB,1966,,,94.3662144947658,
GMB,1967,,,96.9604868849254,
GMB,1968,,,83.1064852758912,
GMB,1969,,,88.662202161031,
GMB,1970,,,99.7816919772448,
GMB,1971,,,103.318322288749,
GMB,1972,,,106.524604282625,
GMB,1973,,,131.449182060787,
GMB,1974,,,162.618334686551,
GMB,1975,,,189.808393377344,
GMB,1976,,,179.313963291107,
GMB,1977,,,213.842543162023,
GMB,1978,,,257.581042237291,
GMB,1979,,,300.258528034397,
GMB,1980,,,337.692534389517,
GMB,1981,,,295.982064548083,
GMB,1982,,,282.141307055388,
GMB,1983,,,268.649299816803,
GMB,1984,,,214.794357389928,
GMB,1985,,,262.816616745779,
GMB,1986,,,207.654408714945,
GMB,1987,,,236.954802725846,
GMB,1988,,,274.874465999589,
GMB,1989,,,280.929809553919,
GMB,1990,,0.0,300.639895740381,
GMB,1991,9.778,,627.578919318827,
GMB,1992,9.888,,623.485927783598,
GMB,1993,9.917,,635.3611677282,
GMB,1994,10.044,,608.2774907808,
GMB,1995,10.153,0.00922,621.681391269646,1.44263994693756
GMB,1996,10.192,0.0355,651.784945724837,
GMB,1997,9.999,0.0513,600.224023405754,
GMB,1998,9.898,0.206,610.234711461724,
GMB,1999,9.737,0.716,575.459893151216,1.00466001033783
GMB,2000,9.722,0.921794919066406,538.054072348854,
GMB,2001,9.64,1.33679116648397,459.803068381399,
GMB,2002,10.039,1.79677988296495,376.531026962584,
GMB,2003,9.991,2.436781193062,308.719123437587,
GMB,2004,9.948,3.30800347812937,593.285346326581,1.07393002510071
GMB,2005,9.92,3.799000025,616.483657865348,
GMB,2006,10.241,5.23769115841218,614.544307904464,
GMB,2007,10.425,6.20503741852418,724.726407242432,
GMB,2008,10.065,6.880000114,859.127671411226,
GMB,2009,9.778,7.630000114,774.888030908091,
GMB,2010,9.673,9.2,801.033372714536,1.79782111896994
GMB,2011,10.276,10.87030029,710.608411468152,2.79681586845883
GMB,2012,10.346,12.44919968,692.579361628102,1.18089454395552
GMB,2013,9.454,14.0,653.862713272743,
GMB,2014,8.191,15.56000042,568.00453558864,
GMB,2015,7.226,17.59950066,619.536364296461,
GMB,2016,6.244,19.90640068,650.056501323611,
GMB,2017,5.097,22.5156002,642.522641296331,
GMB,2018,4.055,28.30900002,696.219806960615,
GMB,2019,4.481,31.11829948,738.186751987483,
GMB,2020,5.84,36.01100159,720.335143352133,
GMB,2021,6.213,41.67309952,781.890925169531,
GMB,2022,6.067,48.22539902,836.244875868476,
GMB,2023,6.479,48.72829819,883.024111978927,
GMB,2024,6.48,49.49430084,871.340287547821,13.4765901565552
GMB,2025,6.521,,919.060423427951,
GNB,1970,,,350.221594962107,
GNB,1971,,,348.277009620267,
GNB,1972,,,388.643761374553,
GNB,1973,,,391.9165756129,
GNB,1974,,,418.643114014064,
GNB,1975,,,435.217809874848,
GNB,1976,,,420.852937438178,
GNB,1977,,,402.906587803326,
GNB,1978,,,402.777525700936,
GNB,1979,,,375.845330171625,
GNB,1980,,,346.855441567554,
GNB,1981,,,477.46389637563,
GNB,1982,,,502.732266005568,
GNB,1983,,,488.993892322107,
GNB,1984,,,407.439444684912,
GNB,1985,,,416.576139998898,
GNB,1986,,,371.137575913103,
GNB,1987,,,487.551949436993,
GNB,1988,,,453.807472688208,
GNB,1989,,,578.490985831256,0.500339984893799
GNB,1990,,0.0,651.337640650994,
GNB,1991,3.009,,672.07387884966,
GNB,1992,3.083,,574.32110641811,
GNB,1993,3.143,,581.612681813953,
GNB,1994,3.173,,560.883422537973,
GNB,1995,3.126,,589.487023081945,
GNB,1996,2.994,,614.729892454585,
GNB,1997,2.951,0.0164,598.953470198484,
GNB,1998,3.349,0.0241,497.724279563733,
GNB,1999,3.269,0.118,478.733190989909,
GNB,2000,3.358,0.230103170591588,316.945495037639,
GNB,2001,2.958,0.299569144677667,327.138431972397,
GNB,2002,3.146,1.02299323436117,362.034574570354,
GNB,2003,3.169,1.35419747762901,419.78486611807,
GNB,2004,3.226,1.80814220342991,431.376557669634,
GNB,2005,3.184,1.90139997,463.073962650452,2.26420998573303
GNB,2006,3.143,2.057199955,448.513075469701,2.62031006813049
GNB,2007,3.125,2.20630002,519.069789794741,
GNB,2008,3.157,2.35488871087933,640.210331101753,
GNB,2009,3.163,2.30328059172582,583.190020139094,
GNB,2010,3.121,2.450000048,600.194298540768,
GNB,2011,3.072,2.671999931,719.539573498937,
GNB,2012,3.135,2.894000053,635.461653303881,
GNB,2013,3.173,3.099999905,654.304534409417,
GNB,2014,3.285,3.319999933,652.022501029449,
GNB,2015,3.168,6.099999905,645.066837207039,
GNB,2016,3.139,13.80000019,679.665386626818,
GNB,2017,3.089,14.80000019,783.123186602022,
GNB,2018,3.127,15.69999981,808.531613218504,
GNB,2019,2.413,17.92149925,811.210004050041,
GNB,2020,2.887,20.45730019,846.918134967613,
GNB,2021,3.016,23.3519001,926.54619187706,
GNB,2022,2.666,27.67379951,881.602654162231,
GNB,2023,2.632,28.71240044,964.431832665395,
GNB,2024,2.647,29.77739906,998.376093392688,
GNB,2025,2.673,,1123.76679992349,
GNQ,1962,,,132.911859077276,
GNQ,1963,,,154.797498528375,
GNQ,1964,,,177.826417576094,
GNQ,1965,,,217.10289545039,
GNQ,1966,,,226.694963901345,
GNQ,1967,,,231.931646165774,
GNQ,1968,,,211.743758689178,
GNQ,1969,,,208.44083966338,
GNQ,1970,,,206.766858699665,
GNQ,1971,,,205.56736961701,
GNQ,1972,,,211.424761974446,
GNQ,1973,,,268.634902338667,
GNQ,1974,,,319.236836741342,
GNQ,1975,,,362.262178278078,
GNQ,1976,,,368.831374253979,
GNQ,1977,,,375.705960625002,
GNQ,1980,,,175.451008071362,
GNQ,1981,,,121.125080282047,
GNQ,1982,,,137.468802708366,4.13537979125977
GNQ,1983,,,129.411005581021,
GNQ,1984,,,137.903678570149,
GNQ,1985,,,161.11802183767,
GNQ,1986,,,188.78702702248,
GNQ,1987,,,220.925441822509,
GNQ,1988,,,228.669232827247,
GNQ,1989,,,193.2233561169,
GNQ,1990,,0.0,236.402188376265,
GNQ,1991,6.677,,225.319378519763,1.39267003536224
GNQ,1992,6.878,,263.733547088944,
GNQ,1993,7.024,,256.683023652574,
GNQ,1994,7.123,,183.239482711964,
GNQ,1995,7.16,,248.314896208855,
GNQ,1996,7.215,,391.686868235732,
GNQ,1997,7.263,0.0415,717.041481576821,
GNQ,1998,7.332,0.0944,577.868525342745,
GNQ,1999,7.417,0.0974,930.912549299779,
GNQ,2000,7.444,0.132354665123789,1487.3165506701,1.84452998638153
GNQ,2001,7.551,0.16526042288306,1948.61145907844,
GNQ,2002,7.646,0.321197997152044,2264.21065580365,
GNQ,2003,7.701,0.520524272046806,2930.60183743733,
GNQ,2004,7.658,0.843930284607049,4901.30127408119,
GNQ,2005,7.667,1.149799943,8673.9026086535,
GNQ,2006,7.612,1.279199958,10184.8841248541,
GNQ,2007,7.592,1.557100058,12616.9532942011,
GNQ,2008,7.571,1.820000052,18210.5552970599,
GNQ,2009,7.702,2.130000114,13232.5019378102,
GNQ,2010,7.847,6.0,13720.1658723222,
GNQ,2011,7.837,11.5,17198.2136668275,
GNQ,2012,7.761,13.94320011,17308.5723924575,
GNQ,2013,7.675,16.39999962,16304.0713196418,
GNQ,2014,7.669,18.86000061,15548.6624656619,
GNQ,2015,7.778,21.31999969,9068.91003238645,
GNQ,2016,7.798,23.78000069,7453.19797948517,
GNQ,2017,7.843,26.23999977,7809.10465655488,
GNQ,2018,7.818,29.39999962,8102.47084834031,
GNQ,2019,7.917,49.13370132,6804.14923073888,
GNQ,2020,8.625,55.00130081,5764.05502912947,
GNQ,2021,8.821,58.71730042,6945.63069794539,
GNQ,2022,8.334,63.65950012,7589.29964909381,
GNQ,2023,8.218,63.51950073,6788.35271638376,
GNQ,2024,8.293,63.29930115,7003.58055684906,
GNQ,2025,8.337,,6615.25245207167,
GRC,1960,,,513.085862390915,
GRC,1961,,,582.563503591063,
GRC,1962,,,608.475515462307,
GRC,1963,,,685.559282001744,
GRC,1964,,,772.805500770312,
GRC,1965,,,886.773611071551,
GRC,1966,,,983.55754915871,
GRC,1967,,,1053.2588863313,
GRC,1968,,,1138.38219032671,
GRC,1969,,,1305.64395976862,
GRC,1970,,,1473.60394808707,
GRC,1971,,,1629.3452793287,
GRC,1972,,,1873.25412773592,
GRC,1973,,,2468.00395502023,
GRC,1974,,,2789.40577350635,
GRC,1975,,,3109.3794397892,
GRC,1976,,,3343.38819444676,
GRC,1977,,,3832.32110004611,
GRC,1978,,,4629.33937671209,
GRC,1979,,,5626.58879087082,
GRC,1980,,,5811.69069600941,
GRC,1981,,,5305.43729381339,
GRC,1982,,,5501.63700061234,
GRC,1983,,,4950.06026518761,
GRC,1984,,,4785.07463033775,
GRC,1985,,,4746.76035816355,
GRC,1986,,,5577.83258692769,
GRC,1987,,,6473.57783168117,
GRC,1988,,,7492.35204811251,
GRC,1989,,,7737.54385772032,
GRC,1990,,0.0,9466.66238502174,
GRC,1991,7.572,0.0488,10046.6663875475,
GRC,1992,8.927,0.0483,11021.012224607,
GRC,1993,10.177,0.191,10257.3085789073,
GRC,1994,9.808,0.378,10937.0223808611,
GRC,1995,10.116,0.75,12779.081491606,
GRC,1996,10.402,1.4,13432.5262183244,
GRC,1997,10.472,1.85,13015.9175046854,
GRC,1998,12.227,3.22,13022.9648774809,
GRC,1999,12.138,6.88,12742.5404388143,
GRC,2000,11.345,9.13883730776798,11638.2010697215,52.6726303100586
GRC,2001,10.764,10.9350258080278,12156.9572824221,59.9249114990234
GRC,2002,10.346,14.67,13782.195640943,66.8908386230469
GRC,2003,9.839,17.8,18020.612039764,72.9116668701172
GRC,2004,10.628,21.42,21449.2552764245,80.4148406982422
GRC,2005,10.074,24.0,22054.1315756886,90.3474731445312
GRC,2006,8.906,32.25,24416.0232970275,95.0775375366211
GRC,2007,8.351,35.88,28440.7625328955,90.5404281616211
GRC,2008,7.664,38.2,31695.8331092209,
GRC,2009,9.546,42.4,29425.4573200263,
GRC,2010,12.719,44.4,26653.0488008626,101.694053649902
GRC,2011,17.973,51.6499951676815,25504.7866510124,105.812690734863
GRC,2012,24.731,55.0699934418411,21624.346052551,110.122978210449
GRC,2013,27.686,59.8663,21573.3449762805,112.705833435059
GRC,2014,26.708,63.2073404784561,21474.7257123892,119.104209899902
GRC,2015,24.981,66.8349594911035,17980.7298238137,
GRC,2016,23.514,69.0879154723892,17919.2426377048,131.403213500977
GRC,2017,21.413,69.8929706543154,18631.9930129293,135.333923339844
GRC,2018,19.179,72.2383733920483,19873.4015238771,140.950317382812
GRC,2019,17.045,75.6712066931757,19335.3602002969,143.96272277832
GRC,2020,15.899,78.11584474,17886.733165236,143.693344116211
GRC,2021,14.656,78.49426371,20652.89659591,150.605484008789
GRC,2022,12.426,83.17066333,20884.6773436263,166.389556884766
GRC,2023,11.023,85.0102229,23343.7103964562,165.113418579102
GRC,2024,10.02,86.26968886,24626.1481858973,
GRC,2025,8.54,,26948.0070432791,
GRD,1977,,,736.927499151542,
GRD,1978,,,917.111118802723,
GRD,1979,,,1070.73371266334,1.37911999225616
GRD,1980,,,1173.07809597238,5.44568014144897
GRD,1981,,,1229.65932557403,
GRD,1982,,,1329.00617695983,7.98895978927612
GRD,1983,,,1388.16565090599,4.44463014602661
GRD,1984,,,1523.94092798531,4.6112699508667
GRD,1985,,,1745.15357435866,
GRD,1986,,,1938.10850906698,
GRD,1987,,,2204.6384515886,
GRD,1988,,,2404.25523562379,
GRD,1989,,,2696.98290193019,
GRD,1990,,0.0,2782.18396873619,
GRD,1991,,0.0,2983.91643158641,
GRD,1992,,0.0,3052.70018744163,
GRD,1993,,0.0,3026.04154231393,
GRD,1994,,0.0,3152.2020478855,
GRD,1995,,0.0,3294.26988339657,
GRD,1996,,0.298,3508.294236637,
GRD,1997,,0.991,3724.75466168304,
GRD,1998,,1.48,4206.28052894181,
GRD,1999,,2.47,4516.28332446682,
GRD,2000,,4.06390799146313,4839.82811114248,
GRD,2001,,5.12810398216998,4819.50776653843,
GRD,2002,,14.7588405454867,4984.47405931447,
GRD,2003,,18.6451821830564,5427.96377252312,
GRD,2004,,19.5706205843787,5480.26117644588,
GRD,2005,,20.4878006,6338.56011405358,
GRD,2006,,21.39599991,6344.0383771432,
GRD,2007,,22.29,6864.54816771858,
GRD,2008,,23.18000031,7448.2040563865,
GRD,2009,,24.04999924,6932.56472176781,56.8550796508789
GRD,2010,,27.0,6909.60169568597,
GRD,2011,,30.0,6947.38136096464,
GRD,2012,,32.0,7092.71985352677,
GRD,2013,,35.0,7424.80212287327,
GRD,2014,,51.6,7986.33421210788,
GRD,2015,,52.5,8694.12438005692,96.7931289672852
GRD,2016,,53.29999924,9221.23461079424,96.7951431274414
GRD,2017,,54.20000076,9751.42661155932,98.6993408203125
GRD,2018,,61.42459869,10083.021279225,99.9891967773438
GRD,2019,,64.31279755,10462.7929159533,
GRD,2020,,65.65380096,8968.55890108484,
GRD,2021,,67.02279663,9617.28902905373,
GRD,2022,,68.42030334,10469.3867012856,
GRD,2023,,69.4131012,11414.4781691181,
GRD,2024,,70.16159821,11528.9220811928,
GRD,2025,,,12106.8790105068,
GRL,1970,,,1498.27643678161,
GRL,1971,,,1874.29530190099,
GRL,1972,,,2196.71424019198,
GRL,1973,,,2860.28057640115,
GRL,1974,,,3432.70603291276,
GRL,1975,,,4257.87561148406,
GRL,1976,,,4844.65629347485,
GRL,1977,,,5713.96253360554,
GRL,1978,,,7235.5169393433,
GRL,1979,,,8480.76253105822,
GRL,1980,,,9483.10240585198,
GRL,1981,,,8544.09791016512,
GRL,1982,,,7813.65128212172,
GRL,1983,,,7988.17794662988,
GRL,1984,,,7198.7078081665,
GRL,1985,,,7760.83426370628,
GRL,1986,,,11271.3325735884,
GRL,1987,,,14554.3513669736,
GRL,1988,,,16397.9501938761,
GRL,1989,,,16813.7414501107,
GRL,1990,,0.0,18326.9295023252,
GRL,1991,,,18315.3165631906,
GRL,1992,,,18768.8275325455,
GRL,1993,,,16797.3578218828,
GRL,1994,,0.0647,18124.0998075763,
GRL,1995,,0.0539,21665.8295173116,
GRL,1996,,1.8,21422.4609853672,
GRL,1997,,7.95,19145.614890096,
GRL,1998,,14.7,20496.578783559,
GRL,1999,,21.6,20170.322763798,
GRL,2000,,31.7478112321162,19009.0774407515,
GRL,2001,,35.4641368915684,19265.5191468738,
GRL,2002,,44.154789028418,20657.9506323097,
GRL,2003,,54.5342598293605,27466.6494525504,
GRL,2004,,56.0990147610533,32030.9987915109,
GRL,2005,,57.7034045008656,32489.7277309899,
GRL,2006,,59.361687268664,35457.6297578214,
GRL,2007,,61.07,39780.9441368721,
GRL,2008,,62.82,44366.7858688175,
GRL,2009,,62.83,44918.8413832155,
GRL,2010,,63.0,44277.1993400972,
GRL,2011,,64.0,47186.8759969388,
GRL,2012,,64.8960100995989,45936.9562817724,
GRL,2013,,65.8,47535.4883792376,
GRL,2014,,66.7,50485.2244135291,
GRL,2015,,67.600443481006,44536.3549705377,
GRL,2016,,68.500873675421,48181.7453541266,
GRL,2017,,69.4824617821988,50765.7494665372,
GRL,2018,,,54545.135857765,
GRL,2019,,,53309.2035905065,
GRL,2020,,,54812.6661771023,
GRL,2021,,,58135.9939910203,
GRL,2022,,,55635.0006491223,
GRL,2023,,,58498.9707973609,
GTM,1960,,,256.813115286608,
GTM,1961,,,257.20215058952,
GTM,1962,,,265.21065183936,
GTM,1963,,,284.397504292538,
GTM,1964,,,284.197970339364,
GTM,1965,,,282.97764170403,
GTM,1966,,,287.277848723331,
GTM,1967,,,291.934180943356,
GTM,1968,,,314.666876118943,
GTM,1969,,,326.30273339901,
GTM,1970,,,352.790808761812,3.2184100151062
GTM,1971,,,358.373560380293,3.39384007453919
GTM,1972,,,369.762757413424,3.7136800289154
GTM,1973,,,440.562871690613,4.05811977386475
GTM,1974,,,528.57311003132,3.60950994491577
GTM,1975,,,594.88660866336,3.98037004470825
GTM,1976,,,697.064609693019,4.3767499923706
GTM,1977,,,856.125495292911,4.82055997848511
GTM,1978,,,925.180026499901,5.52103996276855
GTM,1979,,,1025.98223460072,
GTM,1980,,,1141.80549814991,
GTM,1981,,,1216.49639722044,5.44155979156494
GTM,1982,,,1203.96540667638,
GTM,1983,,,1219.73545354345,6.47463989257812
GTM,1984,,,1241.04242582773,6.5898699760437
GTM,1985,,,1238.47545209176,6.82184982299805
GTM,1986,,,896.063263473632,7.14701986312866
GTM,1987,,,853.903772501246,
GTM,1988,,,919.070773138882,
GTM,1989,,,958.427471156263,
GTM,1990,,0.0,847.688561830359,
GTM,1991,2.197,,1014.40279682682,
GTM,1992,2.163,,1096.45976992698,
GTM,1993,2.133,,1165.67442716224,8.24779987335205
GTM,1994,2.12,,1292.67202750483,8.60204029083252
GTM,1995,2.117,0.003,1421.06177809796,8.65814971923828
GTM,1996,2.156,0.0195,1481.05986750672,
GTM,1997,2.145,0.0955,1638.46281851789,
GTM,1998,2.145,0.467,1741.20114182856,
GTM,1999,2.113,0.593,1603.64776144934,
GTM,2000,2.143,0.712332904508925,1648.96578971559,
GTM,2001,2.251,1.7382017815873,1537.68663578252,
GTM,2002,2.254,3.39174627024502,1669.33517469705,9.50201988220215
GTM,2003,2.807,4.54885490848324,1722.54701910774,
GTM,2004,2.971,5.1,1840.91184884,
GTM,2005,3.059,5.699999809,2046.46611650758,
GTM,2006,2.96,6.5,2225.1234753878,
GTM,2007,2.847,7.300000191,2458.81573919384,17.2977504730225
GTM,2008,2.898,8.300000191,2763.05988172926,
GTM,2009,3.22,9.300000191,2611.64632773352,15.0972604751587
GTM,2010,3.497,10.5,2805.25960237322,15.752311204905
GTM,2011,3.169,12.30000019,3168.98370607705,16.4344375204985
GTM,2012,2.765,16.0,3286.61959336267,16.8753678874298
GTM,2013,3.017,19.70000076,3444.15802275864,19.5737030720879
GTM,2014,2.717,23.39999962,3689.14510410202,18.255292159465
GTM,2015,2.506,28.80590057,3893.50533299068,21.9573684260954
GTM,2016,2.583,34.50930023,4060.13784737643,
GTM,2017,2.462,37.90000153,4324.99768915601,
GTM,2018,2.283,41.5,4352.94593289707,
GTM,2019,2.193,44.401049838502,4511.99839552697,22.559501429793
GTM,2020,2.965,47.51229858,4477.61785000665,
GTM,2021,2.174,50.84164945,4912.62240414681,
GTM,2022,3.051,54.40430069,5356.92435887895,
GTM,2023,2.344,56.72669983,5754.42833909847,27.2948879201171
GTM,2024,2.613,60.22140121,6150.89465281457,
GTM,2025,2.604,,6598.18032988711,
GUM,1990,,0.0,,
GUM,1991,3.509,,,
GUM,1992,3.837,,,
GUM,1993,5.527,,,
GUM,1994,7.6,0.348,,
GUM,1995,7.9,0.66,,
GUM,1996,8.283,1.36,,
GUM,1997,9.67,2.34,,
GUM,1998,7.74,4.5,,
GUM,1999,13.95,8.5,,
GUM,2000,15.32,16.1131270423389,,
GUM,2001,13.213,25.3802275337398,,
GUM,2002,11.39,31.1922942556271,20909.9590302806,
GUM,2003,9.693,33.7166817880876,21877.3178371553,
GUM,2004,7.7,36.1617878387908,23618.8266894573,
GUM,2005,7.0,38.559877557558,25631.9776108052,
GUM,2006,7.4,43.8514430048178,25709.9351488422,
GUM,2007,8.3,46.1504736192355,26605.4324214756,
GUM,2008,8.892,48.4187021509296,28112.2316573422,
GUM,2009,9.3,50.6420283820435,29054.0581201519,
GUM,2010,8.2,54.04,29719.7967836082,
GUM,2011,13.3,57.7,29926.2052442913,
GUM,2012,12.2,61.5341593079002,31653.7506538168,
GUM,2013,11.5,65.4,32530.7593121483,
GUM,2014,7.6,69.27,33900.1486530583,
GUM,2015,6.9,73.139999947043,35165.7014644795,
GUM,2016,5.4,77.009999893206,35930.6594898711,
GUM,2017,5.418,80.5054655600831,36779.0078903909,
GUM,2018,5.45,,37195.9503070464,
GUM,2019,5.405,,39274.9431424899,
GUM,2020,6.241,,36482.9363953675,
GUM,2021,6.0,,38074.8793745801,
GUM,2022,5.383,,41833.1517132825,
GUM,2023,5.262,,,
GUM,2024,5.252,,,
GUM,2025,5.569,,,
GUY,1960,,,299.074645785091,
GUY,1961,,,319.017754796284,
GUY,1962,,,327.392579238974,
GUY,1963,,,288.820390442321,
GUY,1964,,,313.261161893769,
GUY,1965,,,335.73593687831,
GUY,1966,,,352.589675035291,
GUY,1967,,,377.732621967981,
GUY,1968,,,339.786441079035,
GUY,1969,,,361.187616176221,
GUY,1970,,,381.098754100227,
GUY,1971,,,395.769663599294,1.52155995368957
GUY,1972,,,395.474264576572,1.62589001655579
GUY,1973,,,420.533678630093,1.7729799747467
GUY,1974,,,587.968877003464,
GUY,1975,,,663.799722651899,
GUY,1976,,,604.105267775602,3.47059988975525
GUY,1977,,,592.99759837818,
GUY,1978,,,663.208586084495,
GUY,1979,,,688.827652838343,3.06388998031616
GUY,1980,,,778.958814102357,2.89735007286072
GUY,1981,,,734.567458871119,2.85572004318237
GUY,1982,,,620.564636570569,3.15843009948731
GUY,1983,,,630.672779209107,2.35476994514465
GUY,1984,,,565.33443558244,2.43039989471436
GUY,1985,,,587.818395225034,2.65282011032104
GUY,1986,,,657.014000212061,2.70142006874085
GUY,1987,,,464.052566270711,
GUY,1988,,,544.715209244099,4.35447978973389
GUY,1989,,,503.109019103922,
GUY,1990,,0.0,528.851095342994,5.64598989486694
GUY,1991,12.092,,466.039938988882,
GUY,1992,11.9,,498.156636569954,
GUY,1993,11.617,,603.084316652805,
GUY,1994,11.534,,721.437561135572,9.56210041046143
GUY,1995,11.566,,819.668541584905,8.95621013641357
GUY,1996,11.542,0.0659,927.523847211669,10.0417098999023
GUY,1997,11.565,0.132,982.804753805587,11.9156799316406
GUY,1998,11.687,0.264,939.685488169724,
GUY,1999,11.771,0.4,908.790631391797,
GUY,2000,11.917,0.6,931.796651718955,
GUY,2001,11.796,1.0,931.574723847673,
GUY,2002,11.81,1.5,950.866932470993,
GUY,2003,11.529,2.4,973.742598054188,7.17658996582031
GUY,2004,11.281,3.7,1033.31030902188,10.3284902572632
GUY,2005,11.085,5.699999809,1084.06541388904,10.8724203109741
GUY,2006,10.7,8.899999619,3135.60553528326,10.9942598342896
GUY,2007,10.84,13.80000019,3608.28685240188,11.1278600692749
GUY,2008,11.018,18.2,4008.9628671603,10.6148700714111
GUY,2009,11.307,23.9,4209.13230624565,10.0790901184082
GUY,2010,11.632,29.9,4581.76179693492,10.9517002105713
GUY,2011,11.811,30.0,4947.22170589917,11.2686901092529
GUY,2012,12.029,30.5,5444.39751913913,11.7027597427368
GUY,2013,12.296,31.0,5556.91231156932,
GUY,2014,12.637,32.0,5472.68820452237,
GUY,2015,13.009,34.0,5640.41560569466,
GUY,2016,13.263,35.65999985,5870.87823759835,
GUY,2017,13.466,42.6753006,6178.6650437298,
GUY,2018,13.627,48.59889984,6048.38697180418,
GUY,2019,13.172,55.31269836,6405.82443444562,
GUY,2020,15.308,62.95399857,6775.70939096303,
GUY,2021,14.576,71.65090179,9860.87014834386,
GUY,2022,11.907,76.56240082,17913.4928066879,
GUY,2023,11.917,79.3553009,20473.7002190617,25.1520757996244
GUY,2024,11.874,83.00080109,29675.2501582835,26.4315792489043
GUY,2025,11.962,,32413.7930757518,
HKG,1960,,,426.773807917233,
HKG,1961,,,436.754411520393,
HKG,1962,,,487.821134050813,
HKG,1963,,,565.727810358046,
HKG,1964,,,629.591525784494,
HKG,1965,,,676.805507110096,
HKG,1966,,,685.926614135084,
HKG,1967,,,723.239225616661,
HKG,1968,,,714.48296958061,
HKG,1969,,,825.523449142012,
HKG,1970,,,960.031961510704,
HKG,1971,,,1106.46971695915,
HKG,1972,,,1384.7342645141,
HKG,1973,,,1893.18124189464,
HKG,1974,,,2144.61495884823,
HKG,1975,,,2252.12694057369,
HKG,1976,,,2850.0146101832,
HKG,1977,,,3429.42027607254,
HKG,1978,,,3923.9713784987,
HKG,1979,,,4569.4838495588,
HKG,1980,,,5700.43210891578,
HKG,1981,,,5991.28488804536,
HKG,1982,,,6133.7668997328,
HKG,1983,,,5595.26055343754,
HKG,1984,,,6208.22615937199,
HKG,1985,,,6542.97352840976,
HKG,1986,,,7434.99925513073,
HKG,1987,,,9071.39076473445,
HKG,1988,,,10609.7456394545,
HKG,1989,,,12097.7487914553,
HKG,1990,,0.0,13485.6314525052,
HKG,1991,1.8,0.121,15465.9245305858,
HKG,1992,1.96,0.85,17976.4688629053,
HKG,1993,1.96,1.33,20395.5621886121,
HKG,1994,1.9,2.78,22502.5302426236,
HKG,1995,3.22,3.22,23497.3920767477,
HKG,1996,2.83,4.75,24818.3021600084,
HKG,1997,2.22,10.5,27330.0933613355,
HKG,1998,4.58,14.5,25808.8609899709,
HKG,1999,6.25,21.2,25091.6665997966,
HKG,2000,4.92,27.8277606812581,25756.7728723704,
HKG,2001,5.09,38.6714032309569,25230.3780910304,
HKG,2002,7.28,43.0823830278909,24665.8362318216,
HKG,2003,7.86,52.2000433497404,23977.1734120477,32.2168502807617
HKG,2004,6.74,56.3998803935333,24928.1003722551,32.296459197998
HKG,2005,5.58,56.9,26649.637724155,32.9854888916016
HKG,2006,4.77,60.8,28224.0951563146,33.7220993041992
HKG,2007,4.01,64.8,30593.9511738646,42.6142997741699
HKG,2008,3.56,66.7,31515.5292103443,55.8018608093262
HKG,2009,5.26,69.4,30697.5383861641,56.5805511474609
HKG,2010,4.329,72.0,32550.136489179,59.0325529542921
HKG,2011,3.422,72.19999695,35142.4879344543,60.2208370436331
HKG,2012,3.285,72.9,36730.796195815,60.9527896995708
HKG,2013,3.4,74.2,38403.7777145477,68.0858986854034
HKG,2014,3.296,79.8662704309064,40315.3739510191,69.6881506285714
HKG,2015,3.314,84.9483529634062,42432.1619740441,68.7008718656545
HKG,2016,3.392,87.47941467087,43734.1980702999,70.3316379391101
HKG,2017,3.124,89.4159446487565,46160.429791493,72.9228515909643
HKG,2018,2.805,90.5073953294283,48537.5668888343,78.2463196011546
HKG,2019,2.917,91.7434003891587,48359.0011950597,83.8542119335773
HKG,2020,5.808,92.41313602,46109.2299946609,89.9479038224414
HKG,2021,5.174,93.08715788,49770.5642374739,97.3813269493844
HKG,2022,4.318,95.61357052,48825.0272275805,100.776315789474
HKG,2023,2.949,95.97781908,50525.1119312663,105.461738484398
HKG,2024,2.988,95.75536971,54274.7547767073,120.08978583196
HKG,2025,2.799,,56983.0663059906,
HND,1960,,,230.667390861566,
HND,1961,,,237.266657929647,
HND,1962,,,244.01209130438,
HND,1963,,,246.561283063044,
HND,1964,,,255.903509094727,
HND,1965,,,273.877577290856,
HND,1966,,,282.88534468771,
HND,1967,,,298.155994803561,
HND,1968,,,314.474382938748,
HND,1969,,,316.220454040742,
HND,1970,,,328.787242589654,
HND,1971,,,338.123400136033,
HND,1972,,,352.711426613473,
HND,1973,,,374.668702396507,
HND,1974,,,400.988955544745,3.42278003692627
HND,1975,,,416.521307238993,3.80190992355347
HND,1976,,,482.416373927479,4.80838012695312
HND,1977,,,559.250644740346,6.10381984710693
HND,1978,,,682.834193371888,6.87114000320435
HND,1979,,,768.717733232899,
HND,1980,,,854.374079228412,7.26313018798828
HND,1981,,,911.505037511277,8.42591953277588
HND,1982,,,914.30883859664,8.93836975097656
HND,1983,,,941.732746077043,9.038649559021
HND,1984,,,959.534269081039,9.15005970001221
HND,1985,,,1001.1467980095,9.12495994567871
HND,1986,,,1057.81228119586,
HND,1987,,,1097.85859892373,8.83265972137451
HND,1988,,,1039.29410284648,9.84447956085205
HND,1989,,,903.767650161806,9.7524299621582
HND,1990,,0.0,749.818113552631,9.24248027801514
HND,1991,4.58,,722.000657931123,9.16545009613037
HND,1992,3.06,,782.111518709432,9.41639041900635
HND,1993,3.098,,772.74224772986,9.12376022338867
HND,1994,3.138,,735.886147157389,9.96479988098145
HND,1995,3.24,0.0368,814.049075569071,9.81441974639893
HND,1996,4.37,0.0437,812.817047602244,10.3873300552368
HND,1997,3.32,0.171,917.272651200904,11.0547504425049
HND,1998,4.02,0.301,988.655986927253,12.7151498794556
HND,1999,3.85,0.574,999.004383328908,12.4082698822022
HND,2000,3.883,1.20385599891878,1092.56400746252,12.8694696426392
HND,2001,4.0,1.41528193123711,1132.1648753329,
HND,2002,4.02,2.5974025974026,1132.49965345317,
HND,2003,5.3,4.8,1156.08162681357,15.888970375061
HND,2004,5.99,5.6,1215.13995412761,15.9416399002075
HND,2005,4.909,6.5,1304.70039153826,
HND,2006,3.574,7.800000191,1425.84780051892,
HND,2007,3.211,9.399999619,1577.73789197407,
HND,2008,3.156,9.6,1732.49062702803,17.5304298400879
HND,2009,3.292,9.800000191,1781.15703614674,
HND,2010,4.119,11.09,1893.32722662035,19.2757550175649
HND,2011,4.474,15.9,2073.66121088074,
HND,2012,3.755,18.12,2126.03474686503,18.9442917508647
HND,2013,5.646,17.8,2081.12843527945,19.4476759264062
HND,2014,7.078,23.0,2179.88171977271,19.7241865242748
HND,2015,6.147,27.1395454833776,2271.20265980349,20.3152639116671
HND,2016,6.727,29.5282180796457,2307.34468351082,21.0025442228384
HND,2017,5.528,31.7357924661485,2413.0076562942,24.5585599156436
HND,2018,5.648,36.0400608231468,2464.64241531918,26.3838242053705
HND,2019,5.698,39.3883521850111,2502.32744328073,25.3231382609304
HND,2020,10.982,45.24829865,2307.61494319511,
HND,2021,8.506,51.95159912,2735.14751503977,
HND,2022,8.774,56.88069916,3003.28996826399,
HND,2023,6.07,58.0685997,3227.45762509776,
HND,2024,4.91,58.62269974,3415.96027916712,23.3177890777588
HND,2025,4.92,,3598.21450440452,
HPC,1960,,,133.966706552334,
HPC,1961,,,134.982100905992,
HPC,1962,,,143.210707106404,
HPC,1963,,,164.108821020145,
HPC,1964,,,148.883973198222,
HPC,1965,,,164.193309394188,
HPC,1966,,,173.528494549855,
HPC,1967,,,166.584461806847,
HPC,1968,,,174.716839762085,
HPC,1969,,,187.113862042076,
HPC,1970,,,175.837293005171,2.00177001953125
HPC,1971,,,184.580649440083,1.94863998889923
HPC,1972,,,199.762645646964,2.0635199546814
HPC,1973,,,237.978702842718,2.04482007026672
HPC,1974,,,272.641449401477,2.09611010551453
HPC,1975,,,298.682535585457,2.1660099029541
HPC,1976,,,311.688860281571,2.22235989570618
HPC,1977,,,351.678973087542,2.2613000869751
HPC,1978,,,398.008725991835,2.36312007904053
HPC,1979,,,424.966715814003,2.39974999427795
HPC,1980,,,459.423485564514,2.45870995521545
HPC,1981,,,451.785607360932,2.48164010047913
HPC,1982,,,445.298953574144,2.53328990936279
HPC,1983,,,429.683284769009,2.52833008766174
HPC,1984,,,425.917203059698,2.48872995376587
HPC,1985,,,435.291720245938,2.50383996963501
HPC,1986,,,389.838399668656,2.5425500869751
HPC,1987,,,404.225947860705,2.51004004478455
HPC,1988,,,413.776472009513,2.53682994842529
HPC,1989,,,409.711860406765,2.53938007354736
HPC,1990,,,457.829149694357,2.55408000946045
HPC,1991,5.1214478571728,,485.05623017393,2.61220002174377
HPC,1992,5.23141741602695,,358.038553004339,2.63121008872986
HPC,1993,5.22675203435376,,360.050431569187,2.67179989814758
HPC,1994,5.16826884648105,,298.852695048567,2.69591999053955
HPC,1995,4.98419036566327,,337.839583299933,2.70195007324219
HPC,1996,4.95292940806701,,359.139742470642,2.75222992897034
HPC,1997,4.88719727776726,,365.61257140559,2.84836006164551
HPC,1998,4.95315415735027,,367.888388003025,2.91209006309509
HPC,1999,5.09795696108793,,359.326174564028,2.97796988487244
HPC,2000,5.14154508627694,,377.738635531548,3.24032998085022
HPC,2001,5.07110613621308,,355.439130988616,3.52948999404907
HPC,2002,5.03903619896395,,374.815740144912,3.82609009742737
HPC,2003,4.99178021799851,,413.081573267984,4.06547021865845
HPC,2004,4.85136488879186,,462.69284908131,4.40012979507446
HPC,2005,4.68922289072775,,520.051978903637,4.72972011566162
HPC,2006,4.59642816898817,,593.589508638215,5.0988597869873
HPC,2007,4.54506136589078,,688.798854303596,5.42055988311768
HPC,2008,4.5262370792047,,797.853979826874,5.94095993041992
HPC,2009,4.57407582008614,,765.227759350497,6.50473022460938
HPC,2010,4.78571428120254,,812.484497775064,7.1113600730896
HPC,2011,4.74535045997051,,873.650099679893,7.36318016052246
HPC,2012,4.56094900790948,,881.63617561985,7.75029993057251
HPC,2013,4.27857896799128,,961.217621514844,8.12090969085693
HPC,2014,4.29007836108981,,987.602359884364,8.39015007019043
HPC,2015,4.42098675547524,,917.924140878178,8.46887016296387
HPC,2016,4.36188759881032,,895.291971418288,8.36925029754639
HPC,2017,4.36920088303381,,944.105800649501,8.52756977081299
HPC,2018,4.33410256985773,,986.447970381036,8.68200016021729
HPC,2019,4.32898652284681,,984.553372875279,8.76803016662598
HPC,2020,5.02089641432522,,963.808519118256,8.93181037902832
HPC,2021,4.93715177073133,,1062.58689269634,9.09300994873047
HPC,2022,4.43373072825994,,1123.26894975331,
HPC,2023,4.19910039388827,,1157.85200500349,
HPC,2024,4.1513349312603,,1220.84577070029,
HPC,2025,4.14304356025997,,1331.89997509038,
HRV,1990,,0.0,5369.10978590681,
HRV,1991,11.14,,4000.91677428625,
HRV,1992,10.974,,2321.15204123035,
HRV,1993,10.779,0.0972,2447.50319141761,
HRV,1994,10.364,0.268,3237.92646315285,
HRV,1995,10.007,0.514,4929.02083885825,
HRV,1996,9.68,0.859,5299.74887884048,
HRV,1997,9.71,1.73,5330.9148941072,
HRV,1998,11.392,3.27,5712.49829262763,
HRV,1999,13.559,4.41,5269.01488637462,
HRV,2000,16.064,6.64488254374396,4953.57515008131,
HRV,2001,15.822,11.5585731811648,5364.88188501029,36.3740501403809
HRV,2002,15.053,17.76,6219.56093667781,39.1618309020996
HRV,2003,13.924,22.75,8189.99059314699,42.3809814453125
HRV,2004,13.664,30.91,9718.92771524605,44.0762214660645
HRV,2005,12.598,33.13999939,10443.4484003498,47.2947196960449
HRV,2006,11.13,37.97999954,11501.2327422844,48.5975112915039
HRV,2007,9.909,41.44,13755.8149054063,50.530590057373
HRV,2008,8.53,44.24,15888.1184388903,52.3514518737793
HRV,2009,9.202,50.58,14474.52513863,51.9583015441895
HRV,2010,11.62,56.55,13729.7472872883,57.0685997009277
HRV,2011,13.678,57.7899789891444,14691.591757962,59.3388595581055
HRV,2012,16.046,61.9399731527956,13507.6349882758,62.0256614685059
HRV,2013,17.231,66.7476,14135.0903485872,66.7111129760742
HRV,2014,17.209,68.5678992528467,14186.7712230471,68.6392517089844
HRV,2015,16.15,69.8450359238281,12283.8750299177,68.4413986206055
HRV,2016,13.015,72.6972696701463,12820.1872746645,69.5889511108398
HRV,2017,11.078,67.0961920368478,13901.6498657787,71.3775863647461
HRV,2018,8.322,75.2946259897258,15460.4560798984,72.8625411987305
HRV,2019,6.551,79.0797836757554,15563.7354996625,74.0501174926758
HRV,2020,7.389,78.32090004,14807.5559227544,74.738037109375
HRV,2021,7.483,81.25396608,17788.7601163765,78.0067901611328
HRV,2022,6.811,82.07155532,18465.531473659,80.7626724243164
HRV,2023,6.121,83.24117599,22183.4982258492,81.1775207519531
HRV,2024,5.0,83.63240029,24049.9441746337,
HRV,2025,5.002,,27103.9116109268,
HTI,1960,,,70.8024454423715,
HTI,1961,,,68.99056510131,
HTI,1962,,,70.4464617057034,
HTI,1963,,,72.3983493523801,
HTI,1964,,,78.4520158485608,
HTI,1965,,,83.6332514169638,
HTI,1966,,,85.7493738145357,
HTI,1967,,,84.217267674485,
HTI,1968,,,82.4057717596557,
HTI,1969,,,86.1269803448153,
HTI,1970,,,71.4543990624631,
HTI,1971,,,76.8116150679491,
HTI,1972,,,77.2765182599349,
HTI,1973,,,95.1341802581181,
HTI,1974,,,113.039260601755,
HTI,1975,,,133.631792050575,
HTI,1976,,,169.091888071558,0.626240015029907
HTI,1977,,,178.696912675895,0.603910028934479
HTI,1978,,,180.321253919424,0.773100018501282
HTI,1979,,,196.20196855612,0.800840020179749
HTI,1980,,,246.46927157982,0.804639995098114
HTI,1981,,,258.468043101302,0.861400008201599
HTI,1982,,,252.607250558051,
HTI,1983,,,272.823694996686,0.939790010452271
HTI,1984,,,299.247186216373,1.09305000305176
HTI,1985,,,324.575156092964,
HTI,1986,,,366.997344256492,1.05140995979309
HTI,1987,,,317.635520687503,
HTI,1988,,,397.365336276412,
HTI,1989,,,407.498708064211,
HTI,1990,,0.0,451.720249689216,
HTI,1991,7.329,,496.545987433864,
HTI,1992,7.387,,316.276513134354,
HTI,1993,7.534,,258.066372258817,
HTI,1994,7.858,,292.134224374091,
HTI,1995,7.51,,372.006104665125,
HTI,1996,7.304,0.00748,377.229465025972,
HTI,1997,7.003,,425.111085879256,
HTI,1998,7.165,0.024,465.363306259051,
HTI,1999,7.2,0.0707,509.578585275375,
HTI,2000,8.443,0.231270714628821,820.600046761464,
HTI,2001,9.728,0.340832326173809,748.821159844528,
HTI,2002,11.008,0.893432988337908,720.969568042522,
HTI,2003,12.151,1.64735834557778,578.995291079709,
HTI,2004,13.415,5.401261907622,683.185298155273,
HTI,2005,14.559,6.376200199,775.845704056916,
HTI,2006,15.866,6.796000004,828.805700289589,
HTI,2007,16.8,7.199999809,984.566983448521,
HTI,2008,16.204,7.599999905,1094.66058421644,
HTI,2009,15.398,8.100000381,1196.8528706018,
HTI,2010,15.244,8.369999886,1209.72733503094,
HTI,2011,14.506,9.0,1312.03953552013,
HTI,2012,14.1,9.800000191,1361.39396587374,
HTI,2013,13.704,10.60000038,1457.83221179626,
HTI,2014,13.808,11.39999962,1460.18898613914,
HTI,2015,13.785,14.19999981,1411.12684746796,
HTI,2016,13.902,22.79999924,1318.40268167953,
HTI,2017,13.932,27.20000076,1395.23945184461,
HTI,2018,13.934,32.4736271300557,1496.38048970156,
HTI,2019,14.095,35.76409912,1352.17204191532,
HTI,2020,15.573,39.38809967,1290.32538667383,
HTI,2021,15.296,43.37919998,1824.6798742577,
HTI,2022,14.54,47.77470016,1748.40890116803,
HTI,2023,14.459,47.99269867,1681.84407667059,
HTI,2024,14.609,47.8614006,2060.35591768638,
HTI,2025,14.944,,2694.18969101404,
HUN,1968,,,476.434350138292,
HUN,1969,,,527.231617602682,
HUN,1970,,,559.197091346639,
HUN,1971,,,606.852738581394,
HUN,1972,,,709.652502602719,
HUN,1973,,,875.981999921224,
HUN,1974,,,955.874207823024,
HUN,1975,,,1083.47473343284,
HUN,1976,,,1248.79851313891,
HUN,1977,,,1388.39509904029,
HUN,1978,,,1617.87853402771,
HUN,1979,,,1864.67188851588,
HUN,1980,,,2158.22181355246,
HUN,1981,,,2213.05267699322,
HUN,1982,,,2255.06405686887,
HUN,1983,,,2049.71617921793,
HUN,1984,,,1991.23894795513,
HUN,1985,,,2020.02286569062,
HUN,1986,,,2330.84188308476,
HUN,1987,,,2565.9739107384,
HUN,1988,,,2812.23754602897,
HUN,1989,,,2902.43508126549,
HUN,1990,,0.0,3323.53967237633,
HUN,1991,8.5,0.00338,3361.22268037924,
HUN,1992,9.942,0.0484,3747.32966394956,
HUN,1993,12.098,0.193,3886.66608419616,
HUN,1994,10.847,0.484,4187.0311799663,
HUN,1995,10.168,0.677,4509.41740910077,
HUN,1996,10.022,0.969,4542.0120380978,
HUN,1997,8.991,1.94,4606.0569733295,
HUN,1998,8.925,3.89,4751.7732430202,
HUN,1999,6.929,5.86,4801.95949584162,
HUN,2000,6.563,6.99967635062916,4629.91760812548,
HUN,2001,5.671,14.5285543028277,5280.94887987063,42.3478889465332
HUN,2002,5.608,16.67,6658.04494326809,47.357421875
HUN,2003,5.79,21.63,8410.09248198479,54.6346397399902
HUN,2004,5.832,27.74,10291.2694721409,61.5071411132812
HUN,2005,7.189,38.97,11212.2046968994,64.9774017333984
HUN,2006,7.494,47.06,11478.4891640501,66.3986663818359
HUN,2007,7.406,53.3,13934.605460375,66.2652969360352
HUN,2008,7.817,61.0,15762.6322515113,63.9738388061523
HUN,2009,10.03,62.0,13051.1831777184,61.9771690368652
HUN,2010,11.172,65.0,13189.8433874768,60.7487602233887
HUN,2011,11.029,68.0199878861296,14211.460557822,59.9984893798828
HUN,2012,11.003,70.579998153838,12950.1594488143,60.6758003234863
HUN,2013,10.177,72.6439,13739.4620151401,57.5212211608887
HUN,2014,7.725,75.6531974544103,14352.501883174,53.4245910644531
HUN,2015,6.813,72.8347370323805,12782.9412577973,50.9797401428223
HUN,2016,5.115,79.2594121273057,13215.8605277789,50.7361488342285
HUN,2017,4.156,76.7505471201922,14736.1668157258,51.3840599060059
HUN,2018,3.667,76.0743606365063,16605.0570511887,52.5629386901855
HUN,2019,3.411,80.3716936050482,17012.8598553199,54.2122917175293
HUN,2020,4.248,84.77115202,16386.9308821258,56.6071815490723
HUN,2021,4.021,88.64083466,19030.628130329,58.6536102294922
HUN,2022,3.583,89.14282688,18428.028825614,60.2746810913086
HUN,2023,4.096,91.4500713,22208.6509820466,56.5924415588379
HUN,2024,4.5,93.77898628,23305.4482514359,60.5168685913086
HUN,2025,4.521,,25907.4743259406,
IBD,1960,,,161.748943873011,
IBD,1961,,,161.855676270183,
IBD,1962,,,160.980506039824,
IBD,1963,,,173.489255061673,
IBD,1964,,,192.149068090934,
IBD,1965,,,205.898219023485,
IBD,1966,,,207.834649788943,
IBD,1967,,,208.907878487767,
IBD,1968,,,216.355742640155,
IBD,1969,,,236.007665606016,
IBD,1970,,,251.050475278576,10.3687496185303
IBD,1971,,,267.423501050215,5.28875017166138
IBD,1972,,,294.871805358005,7.76310014724731
IBD,1973,,,374.160026012392,6.22402000427246
IBD,1974,,,463.676979463642,8.269700050354
IBD,1975,,,490.774676105766,8.35641002655029
IBD,1976,,,522.497363421526,6.61143016815185
IBD,1977,,,581.100597841974,6.92325019836426
IBD,1978,,,630.671323719161,7.16031980514526
IBD,1979,,,723.356206283053,7.48780012130737
IBD,1980,,,843.159134442134,7.88591003417969
IBD,1981,,,889.046214731184,8.25599002838135
IBD,1982,,,859.460989228226,8.17922973632812
IBD,1983,,,832.951095722323,8.2416296005249
IBD,1984,,,846.292077467512,10.0322198867798
IBD,1985,,,862.944689311166,10.2196702957153
IBD,1986,,,879.140839428233,8.6370096206665
IBD,1987,,,889.10854643521,9.33368015289307
IBD,1988,,,932.994545666515,8.78166961669922
IBD,1989,,,954.464067296265,9.29485034942627
IBD,1990,,,1053.45072478615,9.07730960845947
IBD,1991,4.94818008732479,,1005.73004680055,9.4219799041748
IBD,1992,5.00864134602565,,1034.41259415271,10.9922199249268
IBD,1993,5.23619365659646,,1084.94374892749,10.7540302276611
IBD,1994,5.61775478445955,,1179.81975453589,11.6766595840454
IBD,1995,5.93858823293218,,1337.83553415736,12.2933597564697
IBD,1996,6.03438037229408,,1440.00849018033,11.8981704711914
IBD,1997,6.14475484858296,,1506.90776939703,14.2854900360107
IBD,1998,6.37504928029892,,1428.92524053517,14.5565900802612
IBD,1999,6.62456222247388,,1374.62300047243,15.4099798202515
IBD,2000,6.5378671665525,,1477.69267353361,16.2139205932617
IBD,2001,6.68806846107529,,1481.39214433174,17.2033996582031
IBD,2002,6.90119517399481,,1487.72265916078,18.6798000335693
IBD,2003,6.97665523180592,,1652.80727671574,20.156099319458
IBD,2004,6.81767500872433,,1947.23507651148,21.3158397674561
IBD,2005,6.7433312220245,8.7,2300.5584330495,22.308780670166
IBD,2006,6.51847415278713,10.5,2700.5584752855,24.1985492706299
IBD,2007,6.33250535472639,13.7,3321.08172264245,24.9976596832275
IBD,2008,6.30181703865489,17.1,3945.34608241117,26.4676303863525
IBD,2009,6.61644359608536,20.7,3790.75249729841,27.5671901702881
IBD,2010,6.38041154792517,25.0,4561.8882339923,29.3168201446533
IBD,2011,6.26592646975982,28.5,5343.53397444837,31.60080909729
IBD,2012,6.18009390756913,31.5,5618.13811823482,33.3618087768555
IBD,2013,6.18706162531591,34.0,5846.25966334365,34.6321601867676
IBD,2014,6.16790791106399,36.4,5950.16216217417,38.5710983276367
IBD,2015,6.30417535482962,39.1,5546.81934137697,40.3413391113281
IBD,2016,6.41617806380602,43.2,5535.21577803788,41.3350410461426
IBD,2017,6.39131744182123,46.6,6053.47287028012,42.1075210571289
IBD,2018,6.28190637378299,50.3,6392.20731313147,42.8337593078613
IBD,2019,6.06655916125813,56.3,6474.8042775296,43.9086608886719
IBD,2020,6.95128407575739,65.4,6189.46595997499,45.7753410339355
IBD,2021,6.31312953704222,70.3,7312.40590533832,48.078239440918
IBD,2022,5.56994264084484,74.4,7679.78639337735,50.1821708679199
IBD,2023,5.11483631019168,77.3,7892.13359236419,52.1241912841797
IBD,2024,5.02160062447022,79.9,8186.57476056638,52.829891204834
IBD,2025,4.97728646218035,82.7,8599.35834895508,
IBT,1960,,,153.658770810606,
IBT,1961,,,154.367928654215,
IBT,1962,,,154.760358502002,
IBT,1963,,,166.776501468963,
IBT,1964,,,180.928622051344,
IBT,1965,,,194.342999141353,
IBT,1966,,,197.328213739843,
IBT,1967,,,197.80838585386,
IBT,1968,,,204.723933311041,
IBT,1969,,,223.354172954701,
IBT,1970,,,238.185751843073,9.23927974700928
IBT,1971,,,250.851417465398,4.88203001022339
IBT,1972,,,274.410454453283,7.0049901008606
IBT,1973,,,342.873848755811,5.67695999145508
IBT,1974,,,426.399311708127,7.41722011566162
IBT,1975,,,456.033410452092,7.47087001800537
IBT,1976,,,482.392960154396,5.96917009353638
IBT,1977,,,532.974911440672,6.24139022827148
IBT,1978,,,579.285108154482,6.43860006332397
IBT,1979,,,661.566325026004,6.7324800491333
IBT,1980,,,770.291763967715,7.04888010025024
IBT,1981,,,844.790702346523,7.36645984649658
IBT,1982,,,810.928183080302,7.34491014480591
IBT,1983,,,768.748521968735,7.42835998535156
IBT,1984,,,769.527853950415,8.94071960449219
IBT,1985,,,782.660340827467,9.1207799911499
IBT,1986,,,782.786069382439,7.79210996627808
IBT,1987,,,790.653323081828,8.35669040679932
IBT,1988,,,827.030176671926,7.88896989822388
IBT,1989,,,841.799632361908,8.29928016662598
IBT,1990,,,927.838550786246,8.12067031860352
IBT,1991,4.80295800663217,,893.277467173485,8.38817024230957
IBT,1992,4.86120657901686,,902.964360597351,9.62351036071777
IBT,1993,5.06310746460889,,943.632238221337,9.40445041656494
IBT,1994,5.37943678872026,,1018.02309960695,10.0930099487305
IBT,1995,5.63094435698265,,1156.83287913201,10.5301303863525
IBT,1996,5.71148576928971,,1248.05283536482,10.1860198974609
IBT,1997,5.7948041343638,,1301.14093691898,12.0109100341797
IBT,1998,5.99453525255224,,1239.94882005864,12.1943702697754
IBT,1999,6.21177940907711,,1162.82107447661,12.8300504684448
IBT,2000,6.13816528121627,,1251.89644845646,13.4703903198242
IBT,2001,6.25511128517531,,1248.9779659314,14.3240900039673
IBT,2002,6.42004833349401,,1256.74155740893,15.4760999679565
IBT,2003,6.47146966831216,,1392.51743382731,16.6210899353027
IBT,2004,6.31917928815113,,1633.26981850024,17.5342903137207
IBT,2005,6.23544419009254,7.2,1919.85540188438,18.3835792541504
IBT,2006,6.01942694309996,8.7,2247.88945009061,19.8638801574707
IBT,2007,5.86213546063134,11.3,2742.89733889853,20.5265102386475
IBT,2008,5.84641495837857,14.0,3246.16083645656,21.6924991607666
IBT,2009,6.10349138905202,16.9,3109.97518704155,22.640739440918
IBT,2010,5.89357507981921,20.3,3717.27572230721,23.9923896789551
IBT,2011,5.80496166155309,23.2,4326.07595088347,25.6595001220703
IBT,2012,5.80125250741964,25.7,4533.14634719975,26.9026508331299
IBT,2013,5.76329271095437,27.8,4717.03916410479,27.7377204895019
IBT,2014,5.72458407935885,30.1,4804.51316862211,30.4351806640625
IBT,2015,5.89281637093057,32.8,4477.24409653758,31.5849208831787
IBT,2016,5.9532852798488,36.4,4450.00988856601,32.1406402587891
IBT,2017,5.97437329582885,39.5,4833.02970118676,32.534610748291
IBT,2018,5.91052378397874,42.9,5085.0801851085,32.9231109619141
IBT,2019,5.76754375212112,47.8,5168.03480575859,33.7504501342773
IBT,2020,6.61408029513375,55.1,4923.39708871472,34.881721496582
IBT,2021,6.14426628538333,59.3,5754.17990139813,36.371711730957
IBT,2022,5.38688118322023,63.0,6024.32591287554,37.5708808898926
IBT,2023,4.95229978677743,65.5,6126.38809068241,38.8012886047363
IBT,2024,4.87492589830662,67.7,6304.3969997243,39.3488082885742
IBT,2025,4.84350017425836,70.3,6613.2094697403,
IDA,1960,,,109.787913812862,
IDA,1961,,,113.150098774185,
IDA,1962,,,118.683655877752,
IDA,1963,,,127.891101453532,
IDA,1964,,,123.244146013201,
IDA,1965,,,134.456067409978,
IDA,1966,,,141.452516179299,
IDA,1967,,,139.674952354661,
IDA,1968,,,144.117215216153,
IDA,1969,,,157.512077018646,
IDA,1970,,,170.564837608184,2.44357991218567
IDA,1971,,,168.378278580986,2.43548011779785
IDA,1972,,,175.628141067543,2.48449993133545
IDA,1973,,,198.587898945866,2.46309995651245
IDA,1974,,,253.641197543831,2.50323009490967
IDA,1975,,,290.739107044365,2.49408006668091
IDA,1976,,,296.023875558597,2.49532008171081
IDA,1977,,,314.174300610757,2.6366400718689
IDA,1978,,,345.884958973913,2.70449995994568
IDA,1979,,,385.480697608168,2.97728991508484
IDA,1980,,,447.321785050284,3.05164003372192
IDA,1981,,,617.156818381701,3.18377995491028
IDA,1982,,,572.142509086273,3.35531997680664
IDA,1983,,,480.669795619203,3.49552011489868
IDA,1984,,,439.906129191806,3.58394002914429
IDA,1985,,,441.756024157099,3.65946006774902
IDA,1986,,,389.741864955306,3.67985010147095
IDA,1987,,,392.115702784662,3.71360993385315
IDA,1988,,,402.529844183473,3.72187995910644
IDA,1989,,,393.778570156872,3.73446989059448
IDA,1990,,,432.75805991946,3.81779003143311
IDA,1991,4.10695219284381,,455.440848252384,3.82239007949829
IDA,1992,4.1634419391715,,395.285753593956,3.76781988143921
IDA,1993,4.25598155506278,,404.338000670561,3.83015990257263
IDA,1994,4.28332395491799,,407.473154884272,3.83544993400574
IDA,1995,4.23083213718091,,482.466076552497,3.87375998497009
IDA,1996,4.26268902692163,,542.179389989098,3.98690009117127
IDA,1997,4.24281908464435,,553.28408384609,4.09068012237549
IDA,1998,4.32588898871647,,562.035768974593,4.22511005401611
IDA,1999,4.41683561103049,,409.120311050721,4.38017988204956
IDA,2000,4.41879573758311,,458.450137815774,4.6884298324585
IDA,2001,4.41300801781456,,442.155782696439,5.11937999725342
IDA,2002,4.39538296144678,,465.592286036378,5.33851003646851
IDA,2003,4.36679845445489,,512.591796853946,5.5499701499939
IDA,2004,4.26095308105496,,585.169295585171,5.78554010391235
IDA,2005,4.15643920973113,2.2,664.968624835506,6.2495698928833
IDA,2006,4.0014311767834,2.8,775.720250575223,6.58255004882812
IDA,2007,3.98489680875933,3.7,888.098620952193,6.94739007949829
IDA,2008,4.05687082523928,4.2,1033.53201301258,7.35834980010986
IDA,2009,4.1230776222485,4.9,983.967184072154,8.02299976348877
IDA,2010,4.04830534732675,5.9,1114.11982511932,8.64418029785156
IDA,2011,4.08445007343374,6.8,1229.70549062646,9.07277011871338
IDA,2012,4.40051440115524,7.9,1268.90303240531,9.49693965911865
IDA,2013,4.22340373585698,9.4,1352.92860920219,9.83683967590332
IDA,2014,4.1251730610122,11.6,1426.50032692763,10.1054496765137
IDA,2015,4.42667989026364,14.2,1357.9051932623,10.3262100219727
IDA,2016,4.32363603508757,16.9,1321.74768141485,10.4179496765137
IDA,2017,4.52920643847786,19.2,1357.47789528252,10.5911903381348
IDA,2018,4.64268643897519,22.0,1411.20738303305,10.8586797714233
IDA,2019,4.76341458315545,24.2,1546.57261928545,11.6913900375366
IDA,2020,5.52030439819486,27.0,1467.74475406134,11.8063497543335
IDA,2021,5.59743166548829,29.8,1569.43031809587,12.1378402709961
IDA,2022,4.80930057278539,32.8,1651.01916315494,12.0069704055786
IDA,2023,4.4365457830767,34.5,1536.73358897841,12.314169883728
IDA,2024,4.41260437296088,36.4,1487.2803211344,12.7190599441528
IDA,2025,4.42940600465558,38.9,1608.08422318374,
IDB,1960,,,99.630086640168,
IDB,1961,,,104.274532558611,
IDB,1962,,,108.527202243478,
IDB,1963,,,112.550598209092,
IDB,1964,,,120.301169372577,
IDB,1965,,,126.606835909544,
IDB,1966,,,134.372492786507,
IDB,1967,,,132.035396916859,
IDB,1968,,,136.60097571423,
IDB,1969,,,151.273009043362,
IDB,1970,,,198.686299060025,3.23656988143921
IDB,1971,,,181.605754029018,3.20851993560791
IDB,1972,,,198.632670859861,3.06652998924255
IDB,1973,,,209.703032954816,3.02904009819031
IDB,1974,,,289.637202081357,2.98615002632141
IDB,1975,,,325.432942756318,2.92918992042542
IDB,1976,,,380.02709800709,2.94630002975464
IDB,1977,,,396.757447467945,2.97478008270264
IDB,1978,,,424.361812850224,3.03010988235474
IDB,1979,,,501.251164783132,3.14118003845215
IDB,1980,,,612.367671988237,3.1712601184845
IDB,1981,,,1078.43779172704,3.33769011497498
IDB,1982,,,953.542282534373,3.47352004051208
IDB,1983,,,708.403751993462,3.53146004676819
IDB,1984,,,595.172664448521,3.62104988098144
IDB,1985,,,579.675398817695,3.77296996116638
IDB,1986,,,519.243541042603,3.78659009933472
IDB,1987,,,518.767841753053,3.86467003822327
IDB,1988,,,524.159879819327,4.12769985198975
IDB,1989,,,493.693837000496,4.194739818573
IDB,1990,,,529.418516423727,4.26107978820801
IDB,1991,3.23945543564595,,549.405337140446,4.17679977416992
IDB,1992,3.31106342065644,,519.434174296556,4.06719017028809
IDB,1993,3.53024916447056,,535.686222828689,4.05819988250732
IDB,1994,3.65543950397293,,568.239663876701,4.1597900390625
IDB,1995,3.69403538353833,,774.076600795021,4.23231983184815
IDB,1996,3.79689239249563,,925.698418754674,4.34964990615845
IDB,1997,3.77455453239581,,943.89510994302,4.45048999786377
IDB,1998,3.89184762940828,,964.268672872189,4.50826978683472
IDB,1999,3.91434730814139,,530.021605991589,4.54576015472412
IDB,2000,3.82333592364451,,619.821306061985,4.86374998092651
IDB,2001,3.72882194919706,,602.892871771324,5.16861009597778
IDB,2002,3.53946096491474,,644.972024028045,5.49699020385742
IDB,2003,3.42217572676054,,712.277506392089,5.80453014373779
IDB,2004,3.27695586964826,,837.139763788514,6.13330984115601
IDB,2005,3.2286448044491,4.4,957.944483664019,6.62731981277466
IDB,2006,3.13594252329219,5.4,1148.89181901573,6.67625999450684
IDB,2007,3.01249783655869,6.1,1296.2173611862,6.89648008346558
IDB,2008,3.04378002820466,6.8,1479.93269655131,6.84502983093262
IDB,2009,3.09853098089253,7.7,1350.16810895914,7.30359983444214
IDB,2010,3.14320402026914,9.1,1546.66486887393,7.6446099281311
IDB,2011,3.19533203358853,10.3,1719.51377446132,8.02414035797119
IDB,2012,4.08486021677751,11.8,1858.79619423645,8.63274955749512
IDB,2013,3.70433029886193,13.9,1985.51999918718,9.06772041320801
IDB,2014,3.3801313878636,16.1,2113.88702279641,9.27478981018066
IDB,2015,4.00215322009935,19.0,1967.8941145813,9.33965969085693
IDB,2016,3.73137542358032,20.6,1810.82104602308,9.36579990386963
IDB,2017,4.34851254345894,22.3,1808.86674135882,9.59840965270996
IDB,2018,4.76275439835545,24.1,1873.7385939606,9.50831985473633
IDB,2019,5.0804070213856,26.9,2210.55539131628,10.7665796279907
IDB,2020,5.79415278844651,28.7,2014.81189013082,11.1854295730591
IDB,2021,5.813781237265,32.4,2148.31628647273,11.750789642334
IDB,2022,4.7445653467311,36.5,2241.22931753571,10.9789304733276
IDB,2023,4.36958257524396,38.3,1922.68195677238,11.2455501556397
IDB,2024,4.43949809013088,41.2,1658.96290902751,12.5017795562744
IDB,2025,4.42715825954522,44.2,1841.20446420685,
IDN,1967,,,53.2051866988581,
IDN,1968,,,64.6547730642556,
IDN,1969,,,74.0988114128793,
IDN,1970,,,79.118823484002,2.7995400428772
IDN,1971,,,78.5428393869752,
IDN,1972,,,90.1147549138956,2.72563004493713
IDN,1973,,,129.886231088685,2.65714001655579
IDN,1974,,,200.710984454591,2.55682992935181
IDN,1975,,,231.060120618497,2.55683994293213
IDN,1976,,,275.713167824796,2.59382009506226
IDN,1977,,,330.670214101079,2.29890990257263
IDN,1978,,,362.483779779007,2.43842005729675
IDN,1979,,,353.424175826329,2.3416600227356
IDN,1980,,,486.620172021155,3.36890006065369
IDN,1981,,,560.830336032961,3.84965991973877
IDN,1982,,,577.745632722784,3.86715006828308
IDN,1983,,,507.682945653414,4.07499980926514
IDN,1984,,,519.774063103241,5.33014011383057
IDN,1985,,,511.400883618027,6.09567022323608
IDN,1986,,,469.834241253429,6.33362007141113
IDN,1987,,,437.60655039936,7.50644016265869
IDN,1988,,,476.662483405818,6.79020977020264
IDN,1989,,,524.143027322576,7.84708976745605
IDN,1990,,0.0,578.420121135382,8.29506015777588
IDN,1991,2.617,,624.387495384411,8.55126953125
IDN,1992,2.734,,673.67103954742,9.37843990325928
IDN,1993,2.782,,817.395116417856,9.33967018127441
IDN,1994,4.366,0.00106,899.793982949817,10.4964103698731
IDN,1995,4.611,0.0261,1011.22614205568,11.301739692688
IDN,1996,4.861,0.0566,1118.92133024129,11.5222902297974
IDN,1997,4.684,0.195,1044.60674832472,13.3638401031494
IDN,1998,5.459,0.255,454.877800792123,13.3347997665405
IDN,1999,6.358,0.444,657.268934667018,14.6863803863525
IDN,2000,6.077,0.925563864466858,763.711124950924,14.810640335083
IDN,2001,6.082,2.01861385948459,732.307093405708,14.1229801177978
IDN,2002,6.604,2.13413573295808,881.002913569131,14.6824598312378
IDN,2003,6.657,2.38701977959476,1043.2105838671,15.7722797393799
IDN,2004,7.303,2.60028587633414,1126.84004447173,16.1766300201416
IDN,2005,7.945,3.60202476259646,1238.21447629488,16.6967105865479
IDN,2006,7.551,4.76481313366657,1558.31562847163,16.767240524292
IDN,2007,8.06,5.78627472934199,1823.21976255073,17.5765991210938
IDN,2008,7.208,7.917500019,2124.55483920618,20.5209503173828
IDN,2009,6.106,6.92,2218.48541852977,22.6933307647705
IDN,2010,5.614,10.92,3065.68348377765,23.4159086398462
IDN,2011,5.153,12.28,3579.46442466152,25.027444191823
IDN,2012,4.468,14.52,3632.27254030331,29.0425391195214
IDN,2013,4.336,14.94,3566.60284506078,29.894529174265
IDN,2014,4.049,17.1431598350566,3441.06808464008,29.9904910473273
IDN,2015,4.514,22.062742603379,3288.22269725538,32.4590200433758
IDN,2016,4.301,25.447353701827,3521.46943457574,34.8307173410877
IDN,2017,3.783,32.335806250688,3798.88326174526,35.967012362631
IDN,2018,4.387,39.9046386385762,3860.95353090726,36.1494878042588
IDN,2019,3.59,47.6906489788375,4106.94856160358,37.3230862728703
IDN,2020,4.255,53.72649449,3853.70288774146,38.1650601406923
IDN,2021,3.827,62.10447842,4287.17313995098,40.6293239880732
IDN,2022,3.462,66.48461277,4730.83484836107,42.3260385456152
IDN,2023,3.308,69.20836554,4876.2992959843,44.8813034886441
IDN,2024,3.301,72.78075544,4925.43644992666,
IDN,2025,3.237,,5059.62596411213,
IDX,1960,,,118.855034932979,
IDX,1961,,,121.579634598404,
IDX,1962,,,128.005933916882,
IDX,1963,,,140.445032044762,
IDX,1964,,,128.569169093208,
IDX,1965,,,142.913170244646,
IDX,1966,,,149.667665450542,
IDX,1967,,,148.153251695021,
IDX,1968,,,152.652438556096,
IDX,1969,,,165.707926746714,
IDX,1970,,,159.488529922422,2.06711006164551
IDX,1971,,,165.050576760796,2.06837010383606
IDX,1972,,,167.230362879486,2.20144009590149
IDX,1973,,,196.95650435364,2.18725991249085
IDX,1974,,,239.903711265147,2.26337003707886
IDX,1975,,,278.359863454777,2.27554988861084
IDX,1976,,,257.297938296456,2.26793003082275
IDX,1977,,,276.230970322983,2.46202993392944
IDX,1978,,,310.496030310799,2.53603005409241
IDX,1979,,,330.297837782829,2.88459992408752
IDX,1980,,,365.327888218087,2.98077988624573
IDX,1981,,,373.409963363689,3.10199999809265
IDX,1982,,,369.743481038436,3.28224992752075
IDX,1983,,,361.493281789514,3.45823001861572
IDX,1984,,,360.113993407762,3.54152989387512
IDX,1985,,,371.128029491811,3.57655000686646
IDX,1986,,,322.594473666495,3.60064005851746
IDX,1987,,,326.122328598705,3.61267995834351
IDX,1988,,,339.246461355546,3.49155998229981
IDX,1989,,,342.887489750185,3.47477006912231
IDX,1990,,,384.274460421494,3.56413006782532
IDX,1991,4.5538366153913,,408.36749317152,3.61227989196777
IDX,1992,4.6045389592349,,330.839597372872,3.58607006072998
IDX,1993,4.63100459582108,,336.008982483225,3.69358992576599
IDX,1994,4.60835780229788,,322.939159286334,3.66381001472473
IDX,1995,4.50786196999695,,326.466238897902,3.68244004249573
IDX,1996,4.50463277928782,,335.77328583852,3.81008005142212
IDX,1997,4.48812474892138,,342.673098732758,3.93319988250732
IDX,1998,4.55306281554256,,344.631431908226,4.10483980178833
IDX,1999,4.68079961939734,,345.941493745268,4.31957006454468
IDX,2000,4.73287488547404,,373.051251961926,4.62181997299194
IDX,2001,4.77529106040507,,356.699060688205,5.11661005020142
IDX,2002,4.84933668416053,,369.922434331718,5.27756977081299
IDX,2003,4.86883782766902,,405.965046031424,5.43798017501831
IDX,2004,4.7859524360758,,449.904326574615,5.62271022796631
IDX,2005,4.6516678563648,1.0,507.282797445149,6.06575012207031
IDX,2006,4.46410290906953,1.5,574.088143326774,6.55491018295288
IDX,2007,4.50752544150733,2.3,667.193009421069,6.99860000610352
IDX,2008,4.60439548603495,2.8,791.399137322918,7.64674997329712
IDX,2009,4.6806678937123,3.4,784.649862360077,8.40328025817871
IDX,2010,4.54322123586762,4.2,877.931098861538,9.14879989624023
IDX,2011,4.57016379793951,5.0,961.703390548921,9.50562000274658
IDX,2012,4.57527350048646,5.8,945.920267718204,9.869460105896
IDX,2013,4.51023719758888,6.9,1006.28967463937,10.199330329895
IDX,2014,4.53885193995517,9.0,1049.90073249233,10.5037803649902
IDX,2015,4.66516707695412,11.6,1024.03892548547,10.8185300827026
IDX,2016,4.65649793185176,14.9,1054.71572764683,10.9488000869751
IDX,2017,4.63010594547981,17.5,1111.6681922431,11.0960502624512
IDX,2018,4.57603095021492,20.9,1159.99786764696,11.5536499023438
IDX,2019,4.58715903592676,22.8,1187.14057928369,12.1506395339966
IDX,2020,5.36883540058505,26.0,1172.52623503626,12.1009197235107
IDX,2021,5.4758211874645,28.4,1257.78054041357,12.3128900527954
IDX,2022,4.84575036237372,30.7,1333.98547158611,12.5317802429199
IDX,2023,4.47548995238531,32.5,1330.08005697828,12.8625402450562
IDX,2024,4.3967369419449,33.9,1395.67575971244,12.8071804046631
IDX,2025,4.43073240687791,36.1,1484.11159862857,
IMN,1984,,,3892.81857107699,
IMN,1985,,,3980.23093051439,
IMN,1986,,,5507.18003873984,
IMN,1987,,,7012.1421130624,
IMN,1988,,,8768.79053218172,
IMN,1989,,,9110.77499886082,
IMN,1990,,,11049.8949396235,
IMN,1991,,,11768.1058977186,
IMN,1992,,,12150.8545456352,
IMN,1993,,,10818.5139663414,
IMN,1994,,,11708.2857474351,
IMN,1995,,,12896.5252829716,
IMN,1996,,,13979.8454930411,
IMN,1997,,,16160.7112518361,
IMN,1998,,,18753.1202301034,
IMN,1999,,,21042.1461816648,
IMN,2000,,,21161.3963073772,
IMN,2001,,,21819.7123825606,
IMN,2002,,,24471.0798814847,
IMN,2003,,,28861.6178062918,
IMN,2004,,,35564.6023910146,
IMN,2005,,,38135.8597885858,
IMN,2006,,,42627.5089352891,
IMN,2007,,,55040.2437046236,
IMN,2008,,,72276.7741329461,
IMN,2009,,,66156.105656847,
IMN,2010,,,70587.3140283741,
IMN,2011,,,77808.8579649376,
IMN,2012,,,79329.2034347434,
IMN,2013,,,83207.6588430451,
IMN,2014,,,91885.4528718026,
IMN,2015,,,84753.5187422732,
IMN,2016,,,82025.9454509241,
IMN,2017,,,83481.3038489014,
IMN,2018,,,89393.8244248812,
IMN,2019,,,87127.5517977404,
IMN,2020,,,79513.5330346598,
IMN,2021,,,94299.969348965,
IMN,2022,,,88328.548125887,
IMN,2023,,,90015.2074234398,
IND,1960,,,84.9328084793106,
IND,1961,,,87.8538613470205,
IND,1962,,,92.1999583629516,
IND,1963,,,103.435021262932,
IND,1964,,,117.856430772855,
IND,1965,,,121.50831902883,
IND,1966,,,91.0276950517841,
IND,1967,,,97.9951481214155,
IND,1968,,,101.556802521195,
IND,1969,,,109.477664384288,
IND,1970,,,114.35532002008,
IND,1971,,,120.680595539912,4.91587018966675
IND,1972,,,125.270705961882,
IND,1973,,,146.568492582405,5.05735015869141
IND,1974,,,166.699661755332,
IND,1975,,,161.086694022079,
IND,1976,,,164.119999587322,5.04934978485107
IND,1977,,,189.585568552477,4.86920976638794
IND,1978,,,209.389063573463,4.99063014984131
IND,1979,,,227.958179873426,4.95719003677368
IND,1980,,,271.080945953678,4.9510498046875
IND,1981,,,274.964330768528,5.23958015441895
IND,1982,,,278.65038258267,4.93534994125366
IND,1983,,,295.999773299382,5.5486102104187
IND,1984,,,281.049867840717,5.85371017456055
IND,1985,,,300.928258576378,5.83142995834351
IND,1986,,,314.897116402542,5.99415016174316
IND,1987,,,344.941028293075,6.32631015777588
IND,1988,,,358.484539641693,5.52787017822266
IND,1989,,,349.915155021864,5.74145984649658
IND,1990,,0.0,371.085936203765,5.93025016784668
IND,1991,7.641,,305.574055928592,6.00928020477295
IND,1992,7.649,0.000111,319.182472626315,
IND,1993,7.662,0.000218,302.884806246174,
IND,1994,7.593,0.00107,347.73421473994,
IND,1995,7.57,0.0262,375.17600537305,5.47798013687134
IND,1996,7.537,0.0463,401.046754673579,6.19850015640259
IND,1997,7.574,0.0708,416.228116203753,6.47068023681641
IND,1998,7.596,0.139,413.630864056851,
IND,1999,7.583,0.273,441.927991436397,
IND,2000,7.589,0.527532449930946,442.750218937263,9.93826007843018
IND,2001,7.611,0.660146377009928,450.357900514128,10.0273504257202
IND,2002,7.681,1.53787558175083,469.149928973927,10.5586500167847
IND,2003,7.633,1.68648997063625,544.143133545002,11.0576400756836
IND,2004,7.598,1.97613649190559,624.258826510066,11.3926801681519
IND,2005,7.551,2.388099909,710.488080408949,11.1277303695679
IND,2006,7.553,2.80549986534254,801.668353659022,11.9628095626831
IND,2007,7.562,3.95,1021.88707706826,13.6564798355103
IND,2008,7.629,4.38,992.519584923828,15.6485204696655
IND,2009,7.636,5.12,1094.94974598436,16.6775093078613
IND,2010,7.631,7.5,1347.51939071367,18.6971831309683
IND,2011,7.609,10.07,1445.46127486037,23.8253684220097
IND,2012,7.645,11.10000038,1429.32199520032,24.9402082606779
IND,2013,7.678,12.30000019,1432.84397512195,24.390638443123
IND,2014,7.656,13.5,1553.88396075118,25.991324706788
IND,2015,7.629,14.89999962,1583.99815907985,27.2845677075978
IND,2016,7.611,16.5,1707.50892912243,27.3043573857643
IND,2017,7.626,18.20000076,1950.10468280866,27.9090519049334
IND,2018,7.652,20.0813000379384,1966.25455171679,28.5316865291946
IND,2019,6.51,29.52350044,2041.42863698585,29.0233593907143
IND,2020,7.859,43.40544313,1907.04251637669,29.8196397708424
IND,2021,6.38,49.2580986,2239.61384367482,31.5741765984501
IND,2022,4.822,55.9,2279.98145719369,32.6703053423023
IND,2023,4.172,60.25230026,2434.44826340989,34.2394344991225
IND,2024,4.173,64.9434967,2591.9916607122,34.4184659748952
IND,2025,4.219,70.0,2702.47987141553,34.4465039692543
IRL,1960,,,706.551022345168,
IRL,1961,,,761.851359570018,
IRL,1962,,,821.344113076887,
IRL,1963,,,878.156576476286,
IRL,1964,,,994.607331611746,
IRL,1965,,,1055.03624701098,
IRL,1966,,,1107.31823034754,
IRL,1967,,,1187.18321236576,
IRL,1968,,,1158.85549787929,
IRL,1969,,,1330.78329549951,
IRL,1970,,,1486.51452734638,
IRL,1971,,,1703.93218277317,
IRL,1972,,,2080.46514718169,
IRL,1973,,,2424.26904706558,
IRL,1974,,,2516.92768605196,
IRL,1975,,,2973.40012301715,
IRL,1976,,,2919.58308695615,
IRL,1977,,,3427.0734359204,
IRL,1978,,,4399.98680535092,
IRL,1979,,,5429.96200087479,
IRL,1980,,,6372.43777545453,
IRL,1981,,,5986.1541089392,
IRL,1982,,,6160.63829313723,
IRL,1983,,,5915.24177164341,
IRL,1984,,,5692.02738597285,
IRL,1985,,,6011.7355464232,
IRL,1986,,,8112.17136316453,
IRL,1987,,,9581.91308572415,
IRL,1988,,,10715.8702780539,
IRL,1989,,,11175.816603647,
IRL,1990,,0.0,14031.3025675469,
IRL,1991,15.771,0.0568,14087.2074393708,
IRL,1992,15.021,0.17,15714.3847487231,
IRL,1993,15.571,0.281,14657.0615549805,
IRL,1994,14.544,0.558,15902.9296755168,
IRL,1995,11.97,1.11,19158.4564773907,
IRL,1996,11.692,2.2,20835.8977130847,
IRL,1997,10.191,4.09,22551.1139134126,
IRL,1998,7.699,8.1,24294.8547674007,
IRL,1999,5.804,10.9,26338.1077543817,
IRL,2000,4.318,17.8504672405807,26334.5672050501,
IRL,2001,3.684,23.1388121904053,28282.409882073,50.6748008728027
IRL,2002,4.216,25.85,32705.4345565698,53.5348014831543
IRL,2003,4.478,34.31,41203.5295847568,55.8461685180664
IRL,2004,4.491,36.99,47754.2023194244,58.9219093322754
IRL,2005,4.237,41.61,50933.0216095589,58.8693199157715
IRL,2006,4.355,54.82,54329.1618599624,58.4411811828613
IRL,2007,4.98,61.158324551,61396.417461176,58.3019905090332
IRL,2008,6.774,65.34,61353.1065629523,54.0174713134766
IRL,2009,12.609,67.38,52133.0906162544,56.503978729248
IRL,2010,14.534,69.85,48623.9666422487,63.1264381408691
IRL,2011,15.354,74.8899729670944,52613.8540355689,67.7985916137695
IRL,2012,15.451,76.919992540097,49335.8408099555,68.1972503662109
IRL,2013,13.735,78.2477,52537.6108648692,71.6995468139648
IRL,2014,11.858,83.4917223351728,57214.5379785709,73.813232421875
IRL,2015,9.908,83.4947916666667,64250.1385181257,77.2321472167969
IRL,2016,8.374,83.5,64129.5571542383,77.5571365356445
IRL,2017,6.713,84.1140070623844,72161.4047531385,77.5191116333008
IRL,2018,5.741,87.0001401148942,80804.1123164826,76.7604675292969
IRL,2019,4.95,87.0000552425146,81827.6688873996,74.444580078125
IRL,2020,5.623,91.99989097,86514.0706108754,74.1961975097656
IRL,2021,6.357,93.50610352,103783.446284479,78.4613265991211
IRL,2022,4.465,95.03690338,105190.685952731,77.5933380126953
IRL,2023,4.243,96.8660965,106818.917130804,
IRL,2024,4.3,97.18769836,112894.953240805,
IRL,2025,4.632,,131592.462547877,
IRN,1960,,,195.57752721271,
IRN,1961,,,200.081529294917,
IRN,1962,,,205.786809656996,
IRN,1963,,,209.559376274106,
IRN,1964,,,221.731727810865,
IRN,1965,,,247.526675505342,
IRN,1966,,,262.877683796365,
IRN,1967,,,283.733705768331,
IRN,1968,,,314.285456656503,
IRN,1969,,,344.60168745738,
IRN,1970,,,376.606879152564,
IRN,1971,,,457.283638013187,2.80574011802673
IRN,1972,,,554.748034126016,3.3008599281311
IRN,1973,,,850.560177143749,3.76117992401123
IRN,1974,,,1408.96571902093,3.85500001907349
IRN,1975,,,1531.70617122603,4.06623983383179
IRN,1976,,,1953.51969678549,4.3756799697876
IRN,1977,,,2243.05559538309,4.27519989013672
IRN,1978,,,2100.77015324703,4.31859016418457
IRN,1979,,,2352.42655152643,
IRN,1980,,,2368.39285730478,
IRN,1981,,,2393.44985576145,
IRN,1982,,,2844.87611384065,
IRN,1983,,,3397.06140021273,
IRN,1984,,,3395.33697556582,
IRN,1985,,,3634.03209560745,
IRN,1986,,,4064.34667297515,
IRN,1987,,,2513.15111564745,
IRN,1988,,,2234.46235141335,
IRN,1989,,,2124.97214820344,
IRN,1990,,0.0,2137.94222739877,
IRN,1991,11.1,,2194.43906803657,
IRN,1992,10.653,,1957.48507794252,
IRN,1993,10.573,,1038.10985682067,
IRN,1994,10.458,0.000408,1167.76272513795,
IRN,1995,9.904,0.00418,1550.0095955025,17.3369598388672
IRN,1996,9.1,0.0158,1914.78121294313,18.9632396697998
IRN,1997,9.68,0.0468,1790.06617575598,
IRN,1998,10.358,0.0998,1709.19334096046,
IRN,1999,11.176,0.379,1739.59462001458,18.7925605773926
IRN,2000,11.698,0.934190019959829,1650.01385833785,18.780179977417
IRN,2001,12.362,1.48422133163363,1881.02266635283,19.4918804168701
IRN,2002,12.8,4.62617511492205,1891.25756091033,18.2758693695068
IRN,2003,11.529,6.93372195304053,2208.99636552406,19.4057903289795
IRN,2004,10.3,7.49,2672.4226651404,21.3706798553467
IRN,2005,11.813,8.100000381,3132.0508192007,22.6841907501221
IRN,2006,11.519,8.760000229,3618.91601364428,25.3070392608643
IRN,2007,10.772,9.470000267,4687.99166260718,29.8213806152344
IRN,2008,10.63,12.02,5377.4115072957,36.1939392089844
IRN,2009,12.113,13.80000019,5415.52280553446,36.4833183288574
IRN,2010,13.679,15.9,6291.19443655454,42.5482215881348
IRN,2011,12.491,19.0,8025.68743364356,48.0596084594727
IRN,2012,12.275,22.73,8114.08099831877,53.9002494812012
IRN,2013,10.595,29.95,6222.74194840326,56.4632682800293
IRN,2014,10.68,39.353614505223,5672.06372896319,64.4999084472656
IRN,2015,11.166,45.3349761533285,4952.73355532178,70.6858520507812
IRN,2016,12.618,53.2267716709857,5710.59947089104,67.9112319946289
IRN,2017,12.232,64.0439736249513,6000.93346404409,66.351448059082
IRN,2018,12.195,70.2005650008363,4783.01067340237,60.8611488342285
IRN,2019,10.74,72.4509047672065,3997.4935449585,58.1169509887695
IRN,2020,9.687,75.56986637,3202.50003502169,55.6366691589355
IRN,2021,9.282,78.5957366,4605.14881318992,54.3051986694336
IRN,2022,9.085,81.71649933,4721.20437099984,58.6838607788086
IRN,2023,8.129,83.71050262,5049.29931642754,
IRN,2024,8.146,85.3404007,5190.16959024821,
IRN,2025,8.301,,3924.38017821898,
IRQ,1960,,,218.917802531101,
IRQ,1961,,,232.392612190864,
IRQ,1962,,,240.653442461626,
IRQ,1963,,,235.513623763733,
IRQ,1964,,,269.423092996101,
IRQ,1965,,,284.77757098584,
IRQ,1966,,,298.205666763491,
IRQ,1967,,,290.643664484678,
IRQ,1968,,,318.832552563525,
IRQ,1969,,,319.860143218706,
IRQ,1970,,,337.042912609442,
IRQ,1971,,,383.550287036941,4.89180994033813
IRQ,1972,,,394.41834302923,5.3445200920105
IRQ,1973,,,475.586335675674,5.83083009719849
IRQ,1974,,,1031.25081332691,6.55295991897583
IRQ,1975,,,1165.88163945653,7.71450996398926
IRQ,1976,,,1488.54335200482,8.7109899520874
IRQ,1977,,,1608.79545129648,9.56842041015625
IRQ,1978,,,1863.21761229727,9.72103023529053
IRQ,1979,,,2871.32952195974,9.44149017333984
IRQ,1980,,,3867.64500744262,10.2119998931885
IRQ,1981,,,2700.41204790874,9.6548900604248
IRQ,1982,,,2941.9748125381,9.48904037475586
IRQ,1983,,,2743.35449218755,9.21844959259033
IRQ,1984,,,3065.7178266236,8.76387977600098
IRQ,1985,,,3087.66394151806,9.38533973693848
IRQ,1986,,,2940.40623181091,10.750129699707
IRQ,1987,,,3436.4763126353,10.4136295318603
IRQ,1988,,,3707.20841763297,10.8700103759766
IRQ,1989,,,3791.17027583399,12.0530796051025
IRQ,1990,,0.0,10261.4157706888,
IRQ,1991,8.639,,22.9521327615352,
IRQ,1992,8.346,,30.2539012636825,
IRQ,1993,8.36,,53.7437842348819,
IRQ,1994,8.221,,198.182101881974,
IRQ,1995,8.431,,619.135530927038,
IRQ,1996,8.516,,485.258492784825,
IRQ,1997,8.269,,936.341170908421,
IRQ,1998,8.064,,900.937142559106,
IRQ,1999,7.979,,1560.36466710272,11.6204996109009
IRQ,2000,8.038,,1980.18916038782,12.0502004623413
IRQ,2001,8.249,0.1,1435.695683789,
IRQ,2002,8.619,0.5,1266.15961275094,12.6159200668335
IRQ,2003,8.959,0.6,817.887862499622,
IRQ,2004,8.715,0.9,1328.37157628292,15.5104904174805
IRQ,2005,8.57,0.899999976,1762.39360423421,15.5580997467041
IRQ,2006,8.411,0.95234424383919,2276.55435744086,
IRQ,2007,8.646,0.93,3128.99010329066,
IRQ,2008,8.466,1.0,4542.96609046032,
IRQ,2009,8.415,1.06,3714.71205987194,
IRQ,2010,8.267,2.5,4461.75196161555,
IRQ,2011,8.193,5.0,5775.54229080293,
IRQ,2012,7.965,7.099999905,6477.59618450955,
IRQ,2013,9.222,9.199999809,6650.35282247395,
IRQ,2014,10.59,11.6453267304545,6249.39226978969,
IRQ,2015,10.865,15.21440029,4440.14189252367,
IRQ,2016,10.82,19.87719917,4334.42096404188,
IRQ,2017,13.02,25.96920013,4759.2846435467,
IRQ,2018,13.458,33.92810059,5646.68932074742,
IRQ,2019,14.096,44.3263465511579,5671.8568632942,
IRQ,2020,15.766,53.67779922,4295.18945121228,
IRQ,2021,16.173,65.00219727,4868.49431080783,
IRQ,2022,15.41,78.71560926,6520.73154560584,
IRQ,2023,15.239,81.80889893,5965.31835077761,
IRQ,2024,15.293,81.47450256,6073.61032342708,
IRQ,2025,15.485,,5409.67899716967,
ISL,1960,,,1486.46439009414,
ISL,1961,,,1489.76679890669,
ISL,1962,,,1641.15155373051,
ISL,1963,,,1924.23982220827,
ISL,1964,,,2414.00707361378,
ISL,1965,,,2861.10787055081,
ISL,1966,,,3378.14472198321,
ISL,1967,,,3283.55115538008,
ISL,1968,,,2473.42372591393,
ISL,1969,,,2142.21248048432,
ISL,1970,,,2666.41186614479,
ISL,1971,,,3365.77524019906,9.82775974273682
ISL,1972,,,4155.18509800672,10.9682102203369
ISL,1973,,,5627.40706667636,12.286600112915
ISL,1974,,,7286.65658517311,12.8396196365356
ISL,1975,,,6679.78429144579,13.8596000671387
ISL,1976,,,7848.3489698757,14.9509201049805
ISL,1977,,,10305.3113349502,15.2935400009155
ISL,1978,,,11629.5158682259,15.7122201919556
ISL,1979,,,13082.4948327554,
ISL,1980,,,15339.9112964156,19.5560607910156
ISL,1981,,,15666.3769807272,20.2757091522217
ISL,1982,,,14191.030215493,21.3530902862549
ISL,1983,,,12079.7974639769,23.0351905822754
ISL,1984,,,12377.5860216394,23.4099903106689
ISL,1985,,,12793.2725790514,20.8871307373047
ISL,1986,,,16979.5217287811,21.4026794433594
ISL,1987,,,23238.0398336304,21.397970199585
ISL,1988,,,25306.6926061001,21.3212394714356
ISL,1989,,,23218.5398304599,22.7128295898438
ISL,1990,,0.0,26272.2452156659,25.3219699859619
ISL,1991,2.548,0.505,27739.8886025504,25.3714694976807
ISL,1992,4.305,1.54,28072.4041083276,30.0962295532227
ISL,1993,5.257,2.67,24404.0275812365,27.5019397735596
ISL,1994,5.326,6.79,24858.2031335605,33.6896896362305
ISL,1995,5.196,11.2,27564.569102386,35.5167617797852
ISL,1996,3.6,14.8,28583.5208959793,35.7354316711426
ISL,1997,3.72,27.5,28461.7664095122,37.4768981933594
ISL,1998,3.069,36.3,31519.1647473126,39.2137908935547
ISL,1999,2.178,41.3,32834.4215745364,41.3102912902832
ISL,2000,1.936,44.470533824288,32503.578963236,45.9174499511719
ISL,2001,1.874,49.3929953676426,29208.1981853568,46.9373588562012
ISL,2002,2.988,79.12,32749.379004627,52.6091117858887
ISL,2003,3.997,83.14,39944.2104095591,60.0269813537598
ISL,2004,4.031,83.88,47809.6073050042,66.5821762084961
ISL,2005,2.547,87.0,57783.7745608117,69.8324279785156
ISL,2006,2.83,89.51,58172.1426656622,72.9682083129883
ISL,2007,2.251,90.6,70483.0117228535,73.1370162963867
ISL,2008,2.946,91.0,57489.3399795216,73.5754699707031
ISL,2009,7.22,93.0,41483.7843682814,72.4675521850586
ISL,2010,7.564,93.39,43776.4677400475,78.5030899047852
ISL,2011,7.028,94.8196868008949,48254.953927254,79.9194183349609
ISL,2012,6.0,96.2097995545657,46594.9869146614,79.5824813842773
ISL,2013,5.376,96.5468,50173.3360061057,78.3723907470703
ISL,2014,4.897,98.1580233097118,55140.364935793,80.3950881958008
ISL,2015,3.979,98.19999695,53505.6964079339,75.6419982910156
ISL,2016,2.978,98.23999786,62854.0906407932,74.7006301879883
ISL,2017,2.742,98.2552011867973,72976.3729990975,71.3372497558594
ISL,2018,2.704,99.0109539916991,75633.8651351915,69.3402328491211
ISL,2019,3.507,99.5049411693787,69296.3144361601,70.6093521118164
ISL,2020,5.478,99.5327519,60127.9393575616,74.5906066894531
ISL,2021,6.029,99.68701957,70425.4064277273,86.5232086181641
ISL,2022,3.789,97.58339691,76376.9599334915,84.985237121582
ISL,2023,3.518,97.94860077,82201.2908518078,76.5200729370117
ISL,2024,3.6,98.209198,85863.1479330343,
ISL,2025,3.625,,98323.4849517418,
ISR,1960,,,1451.5903109258,
ISR,1961,,,1696.24617989795,
ISR,1962,,,1292.77087568172,
ISR,1963,,,1485.40019127208,
ISR,1964,,,1624.99451704719,
ISR,1965,,,1688.02690245959,
ISR,1966,,,1787.90326815958,
ISR,1967,,,1733.86080664945,
ISR,1968,,,1946.15038618968,
ISR,1969,,,2187.68382229652,
ISR,1970,,,2488.95164576854,
ISR,1971,,,2296.57604294835,
ISR,1972,,,2927.84825258392,
ISR,1973,,,3628.80694978589,
ISR,1974,,,5082.02840502237,
ISR,1975,,,4669.11904204137,
ISR,1976,,,4513.58700484185,
ISR,1977,,,5050.05464734453,
ISR,1978,,,4794.13643482063,
ISR,1979,,,5968.24843914695,
ISR,1980,,,6544.50362739779,
ISR,1981,,,6791.05685880676,
ISR,1982,,,7253.09649399706,
ISR,1983,,,7955.07704171781,
ISR,1984,,,7363.95669425997,
ISR,1985,,,6824.45042270889,
ISR,1986,,,8330.3190555308,
ISR,1987,,,9847.32839673896,
ISR,1988,,,11845.6681707365,
ISR,1989,,,11600.5127462448,
ISR,1990,,0.111,13300.0985026479,
ISR,1991,13.387,0.215,14337.2280625182,
ISR,1992,14.08,0.311,15500.4201495689,
ISR,1993,12.741,0.399,15169.4731267116,
ISR,1994,9.934,0.577,16796.463811535,
ISR,1995,8.782,0.93,19013.94330229,
ISR,1996,8.455,2.17,20212.9229756617,
ISR,1997,9.751,4.4,20457.3857209047,
ISR,1998,10.749,10.3,20175.625397054,
ISR,1999,11.183,13.4,19808.8555169876,
ISR,2000,11.102,20.8737899981674,21690.237340061,
ISR,2001,11.812,17.3786238639049,20948.7745727671,51.1147117614746
ISR,2002,12.888,17.7645990630493,19058.7462869465,55.8358116149902
ISR,2003,13.505,19.5933936579649,19624.0321412582,55.2073287963867
ISR,2004,13.029,22.7704855254035,20550.0694706176,54.5026702880859
ISR,2005,11.342,25.19400024,21261.7474251846,55.645191192627
ISR,2006,10.707,27.8810997,22499.7541717986,54.7331390380859
ISR,2007,9.379,48.1280621948445,25688.901610248,57.3098487854004
ISR,2008,7.704,59.39,30231.0191013609,56.7789001464844
ISR,2009,9.534,63.12,28469.6817348489,59.5300903320312
ISR,2010,8.48,67.5,31398.9266927022,62.1285705566406
ISR,2011,7.139,68.8738779907441,34476.7252065949,62.7604484558105
ISR,2012,6.762,70.8,33268.7066672115,64.2354736328125
ISR,2013,6.137,70.250311945,36980.622214228,62.6519393920898
ISR,2014,5.789,75.0177531628076,38265.3651949373,62.6224403381348
ISR,2015,5.176,77.3520896572253,36138.13561386,61.6271781921387
ISR,2016,4.723,79.6531241815281,37571.2561196275,61.4426498413086
ISR,2017,4.14,81.5811835871611,41013.2575323519,60.3434600830078
ISR,2018,3.917,83.7331569615326,42269.3770257585,58.6109886169434
ISR,2019,3.731,86.7878776180583,44091.8678022544,57.4564514160156
ISR,2020,4.169,90.12734091,44590.8237253282,57.633861541748
ISR,2021,4.812,90.29689758,52258.4693499398,60.2585487365723
ISR,2022,3.695,91.85079615,54947.2091250715,58.9500617980957
ISR,2023,3.371,87.03842615,52126.4489280033,57.143440246582
ISR,2024,3.595,88.18242225,54216.5218142787,56.2561111450195
ISR,2025,3.489,,60336.8477964194,
ITA,1960,,,836.905850281885,
ITA,1961,,,923.08778375214,
ITA,1962,,,1030.15800343763,
ITA,1963,,,1171.3869628098,
ITA,1964,,,1271.80119301518,
ITA,1965,,,1357.0106162201,
ITA,1966,,,1458.94713889011,
ITA,1967,,,1595.48578129215,
ITA,1968,,,1718.49646427147,
ITA,1969,,,1886.45002730465,
ITA,1970,,,2111.71986404332,
ITA,1971,,,2310.92376058816,
ITA,1972,,,2677.29372999774,
ITA,1973,,,3212.63949627574,
ITA,1974,,,3629.49182319594,
ITA,1975,,,4116.45964933054,
ITA,1976,,,4042.39482463789,
ITA,1977,,,4614.21004931651,
ITA,1978,,,5623.42917622719,
ITA,1979,,,7006.39699054556,
ITA,1980,,,8476.41045000836,
ITA,1981,,,7640.40241250516,
ITA,1982,,,7573.93967597775,
ITA,1983,,,7850.62789042275,
ITA,1984,,,7757.55374836822,
ITA,1985,,,8009.10347642127,
ITA,1986,,,11341.0939892903,
ITA,1987,,,14267.5368168757,
ITA,1988,,,15780.9495122174,
ITA,1989,,,16424.4301587005,
ITA,1990,,0.0175,20873.7834092719,
ITA,1991,10.097,0.0351,22007.1350964074,
ITA,1992,9.321,0.0701,23297.0460325456,
ITA,1993,10.212,0.122,18781.9529427137,
ITA,1994,11.086,0.192,19382.2002150155,
ITA,1995,11.661,0.524,20712.1798690324,
ITA,1996,11.864,1.02,23122.9337219116,
ITA,1997,11.985,2.28,21883.9872666651,
ITA,1998,12.117,4.56,22365.1837644545,
ITA,1999,11.681,14.4,22049.9990620261,
ITA,2000,10.834,23.1108742441037,20190.0035636084,
ITA,2001,9.599,27.2221169788811,20570.4385917862,53.4531898498535
ITA,2002,9.211,28.04,22451.3964379368,56.3153915405273
ITA,2003,8.869,29.04,27577.5700319855,60.0055885314941
ITA,2004,7.866,33.24,31348.1901841445,63.3327293395996
ITA,2005,7.73,35.0,32062.723833669,65.3270263671875
ITA,2006,6.777,37.99,33537.1286994269,67.2835083007812
ITA,2007,6.076,40.79,37826.1754554823,68.8725967407227
ITA,2008,6.723,44.53,40828.5795580937,67.5799865722656
ITA,2009,7.749,48.83,37099.6133958219,66.9516296386719
ITA,2010,8.363,53.68,35856.8625485539,65.3790435791016
ITA,2011,8.359,54.3899983018814,38432.3742820019,64.2492523193359
ITA,2012,10.655,55.829997993283,34854.3949441965,62.3447418212891
ITA,2013,12.149,58.4593,35701.6746002376,60.8925285339355
ITA,2014,12.683,55.6384602242293,36028.3494022349,60.8831481933594
ITA,2015,11.896,58.1417349568747,30639.8829751432,60.941291809082
ITA,2016,11.688,61.3242527666303,31391.5692898108,61.3571014404297
ITA,2017,11.211,63.0773469984291,32844.115660604,62.69580078125
ITA,2018,10.538,74.3871829234822,35062.3364176949,64.4753265380859
ITA,2019,9.884,67.8507102874836,33812.788724868,65.6895065307617
ITA,2020,9.192,70.48342785,32091.4866621366,68.7231063842773
ITA,2021,9.497,74.8623274,36852.5425414951,71.2745208740234
ITA,2022,8.069,85.06074504,35653.9042103495,73.8962097167969
ITA,2023,7.627,87.0278292,39279.699782164,75.9496536254883
ITA,2024,6.5,89.2207202,40429.6224047352,
ITA,2025,6.391,,43308.6403060733,
JAM,1960,,,423.674098184095,
JAM,1961,,,447.057273660594,
JAM,1962,,,458.313997796567,
JAM,1963,,,480.336499711715,
JAM,1964,,,514.416511313452,
JAM,1965,,,549.493560414107,
JAM,1966,,,612.210363692586,
JAM,1967,,,633.259680574944,
JAM,1968,,,591.045817173244,
JAM,1969,,,642.133421058915,
JAM,1970,,,747.909399172491,
JAM,1971,,,808.866506083755,4.93427991867065
JAM,1972,,,970.802906405502,5.2836799621582
JAM,1973,,,971.802513228502,5.63438987731934
JAM,1974,,,1192.98569350958,5.44794988632202
JAM,1975,,,1416.77546764568,
JAM,1976,,,1449.977882067,
JAM,1977,,,1569.42127051131,6.88651990890503
JAM,1978,,,1262.40327239465,
JAM,1979,,,1144.17562986584,
JAM,1980,,,1248.74484727418,
JAM,1981,,,1370.41277901541,6.52338981628418
JAM,1982,,,1494.40208283218,
JAM,1983,,,1619.4784563122,
JAM,1984,,,1048.13405395534,
JAM,1985,,,916.872292838674,
JAM,1986,,,1191.34976782142,
JAM,1987,,,1410.84598702428,5.0242600440979
JAM,1988,,,1632.01481656159,
JAM,1989,,,1864.98497550062,5.17812013626099
JAM,1990,,0.0,1929.59891905857,
JAM,1991,6.233,,1710.30058243722,6.82577991485596
JAM,1992,6.383,,1458.10146892635,6.77873992919922
JAM,1993,6.235,,2220.51518327186,
JAM,1994,6.335,0.0368,2202.85831038471,
JAM,1995,6.325,0.109,2630.84935382822,
JAM,1996,6.611,0.591,2928.89692611996,
JAM,1997,6.693,0.798,3296.91634805083,
JAM,1998,6.846,1.98,3419.49352868739,
JAM,1999,6.813,2.36,3431.56813468335,8.55788993835449
JAM,2000,6.752,3.11577802729967,3453.09252800226,13.8694095611572
JAM,2001,6.641,3.8630203874764,3503.55026688858,16.0548496246338
JAM,2002,6.616,6.1,3680.64551727724,16.8487892150879
JAM,2003,6.534,7.8,3549.70758394618,18.8019199371338
JAM,2004,6.539,10.0,3807.56293124552,18.9983196258545
JAM,2005,6.577,12.80000019,4184.43974867497,17.27659034729
JAM,2006,6.605,16.39999962,4417.00127135363,17.2686595916748
JAM,2007,6.607,21.10000038,4716.48612542727,
JAM,2008,6.666,23.6,5029.80095281745,22.3192901611328
JAM,2009,7.314,24.3,4428.38153333557,22.2321395874023
JAM,2010,7.63,27.67,4809.977380312,25.3770890609495
JAM,2011,8.034,37.438613414848,5232.63644918132,24.7684625492773
JAM,2012,8.695,33.79,5340.83333232158,27.0686781072538
JAM,2013,9.698,37.1,5124.21301411137,25.6212147817614
JAM,2014,9.046,40.4027351046672,4975.11325459872,
JAM,2015,8.825,42.2212211907441,5339.30718256806,26.2334142821948
JAM,2016,8.634,44.3668563671334,5302.29553353854,
JAM,2017,7.399,55.0720670507751,5605.43541173019,
JAM,2018,5.47,68.2145170876072,5976.90362644337,
JAM,2019,4.987,70.8410169743356,6030.68896415921,
JAM,2020,6.501,76.38400269,5299.04530804283,
JAM,2021,5.188,82.36071561,5625.67806271236,
JAM,2022,4.083,85.84329987,6626.47502388538,
JAM,2023,3.022,89.47304282,7542.39855849054,
JAM,2024,3.151,90.10870361,7753.8119527678,
JAM,2025,3.286,,8002.92104076242,
JOR,1965,,,545.513861689675,
JOR,1966,,,558.402981092455,
JOR,1967,,,496.922746235673,
JOR,1968,,,408.842352820548,
JOR,1969,,,474.427887073594,
JOR,1970,,,408.596257509347,
JOR,1971,,,412.218818849468,3.32487010955811
JOR,1972,,,459.874244108895,3.58576011657715
JOR,1973,,,530.783996638002,4.38414001464844
JOR,1974,,,651.095948462669,5.18059015274048
JOR,1975,,,717.7640972871,5.62445020675659
JOR,1976,,,872.506019353732,6.86828994750977
JOR,1977,,,1038.52230070493,9.09902000427246
JOR,1978,,,1248.90326044987,9.13053035736084
JOR,1979,,,1518.82451343828,10.3291902542114
JOR,1980,,,1750.09801076564,14.5134801864624
JOR,1981,,,1885.14842198943,16.7240905761719
JOR,1982,,,1928.87589643338,19.5601997375488
JOR,1983,,,1939.33654498872,20.2012100219727
JOR,1984,,,1871.09074979987,21.8304004669189
JOR,1985,,,1797.02877146361,19.7732696533203
JOR,1986,,,2200.10278230881,18.717399597168
JOR,1987,,,2216.87045179385,20.0179805755615
JOR,1988,,,1965.98031813995,17.7075805664062
JOR,1989,,,1260.2518650001,19.7054004669189
JOR,1990,,0.0,1148.59005469899,19.6618995666504
JOR,1991,21.439,,1109.65564611997,19.5192108154297
JOR,1992,19.947,,1286.6347360596,19.4466094970703
JOR,1993,19.7,,1289.4145431007,19.5052795410156
JOR,1994,16.894,,1367.18721776691,18.2145004272461
JOR,1995,14.6,0.0232,1415.71151592128,18.0741004943848
JOR,1996,13.7,0.0449,1410.17424189419,20.2109298706055
JOR,1997,13.74,0.599,1435.87593846863,23.0235805511475
JOR,1998,13.841,1.31,1532.11380395602,
JOR,1999,13.763,2.53,1544.58750592979,
JOR,2000,13.7,2.62327542156362,1570.61002940477,28.7968101501465
JOR,2001,14.7,4.70571958094159,1632.29454010563,
JOR,2002,15.3,6.02553241191204,1706.26744384401,32.2784004211426
JOR,2003,14.5,8.46600501623938,1775.67625581432,36.0558204650879
JOR,2004,14.626,11.6587413706379,1940.08641342805,40.467830657959
JOR,2005,14.8,12.93290043,2087.87079273635,39.7074890136719
JOR,2006,14.0,13.86709976,2342.63459574933,37.8664016723633
JOR,2007,13.1,20.0,2506.20599484139,38.7338409423828
JOR,2008,12.7,23.0,3669.83012701745,41.3684692382812
JOR,2009,12.9,26.0,3845.34388086274,42.0630187988281
JOR,2010,12.5,27.2,4139.04283161368,37.7581337455828
JOR,2011,12.9,34.9,4363.42800211536,37.4216386327285
JOR,2012,12.2,37.0,4593.83609729005,43.9161464129347
JOR,2013,12.6,41.4,4739.02253641778,
JOR,2014,11.9,46.2,4610.60460269382,
JOR,2015,13.075,54.22000122,4441.61896013754,36.6284278762539
JOR,2016,15.275,56.15000153,4366.06999647268,34.0612635636995
JOR,2017,18.12,64.5,4449.34618076611,28.6210570991622
JOR,2018,18.257,65.2,4533.97658437205,31.5562985544301
JOR,2019,16.801,70.08470154,4557.79334729121,30.1108403894558
JOR,2020,19.213,78.4178009,4411.48321838396,30.2879665605319
JOR,2021,19.837,85.999997,4581.71967230365,30.451314266821
JOR,2022,18.2,90.4999984,4754.41362207378,32.5119829829151
JOR,2023,16.62,92.53443944,4906.23543006639,33.0567036969523
JOR,2024,16.693,95.62244985,5073.92103605892,35.9184001120427
JOR,2025,16.535,,5347.77731384797,
JPN,1960,,,519.415170624485,
JPN,1961,,,621.68620494448,
JPN,1962,,,698.981262831415,
JPN,1963,,,791.924737477456,
JPN,1964,,,921.88053754104,
JPN,1965,,,1014.65899631996,
JPN,1966,,,1167.69027982801,
JPN,1967,,,1354.29188416199,
JPN,1968,,,1585.98057427556,
JPN,1969,,,1840.94789376713,
JPN,1970,,,2144.98615266911,
JPN,1971,,,2370.27536037237,
JPN,1972,,,3095.27540388466,
JPN,1973,,,4146.53123298424,
JPN,1974,,,4541.99349265674,
JPN,1975,,,4876.47163169944,
JPN,1976,,,5422.25981204974,
JPN,1977,,,6609.09338399173,
JPN,1978,,,9201.91586719521,
JPN,1979,,,9497.01423554433,
JPN,1980,,,9872.35315959728,
JPN,1981,,,10805.9900652449,
JPN,1982,,,9985.92408278337,
JPN,1983,,,10876.3275267125,
JPN,1984,,,11443.4617086944,
JPN,1985,,,12058.1469373485,
JPN,1986,,,17819.3400779496,
JPN,1987,,,21586.9260294922,
JPN,1988,,,26036.864097278,
JPN,1989,,,25798.0054757546,
JPN,1990,,0.0203,26344.7273187725,
JPN,1991,2.059,0.0404,30048.1401766828,
JPN,1992,2.158,0.0967,32666.5024513195,
JPN,1993,2.539,0.401,37110.6114371751,
JPN,1994,2.89,0.8,40774.4450809919,
JPN,1995,3.15,1.59,44947.4763611465,
JPN,1996,3.383,4.37,39929.7185750327,
JPN,1997,3.374,9.16,36331.0311480645,
JPN,1998,4.078,13.4,32835.1192750829,
JPN,1999,4.677,21.4,37028.7168989208,
JPN,2000,4.748,29.9907403589142,39752.937397755,
JPN,2001,5.02,38.5320608612719,34910.166403687,
JPN,2002,5.386,46.5942011179917,33315.9165174962,
JPN,2003,5.251,48.4352658899653,35808.6816792388,
JPN,2004,4.734,62.3939296327259,38677.5708064787,
JPN,2005,4.446,66.9210661042901,38158.6758263963,
JPN,2006,4.192,68.6852703213795,36354.4271646349,
JPN,2007,3.888,74.3,36129.9535132925,
JPN,2008,4.002,75.4,40294.2081309702,
JPN,2009,5.068,78.0,41678.1783063195,
JPN,2010,5.102,78.21,45378.1378109399,
JPN,2011,4.55,79.0541135244739,49122.077634247,
JPN,2012,4.358,79.4964,49626.6830327571,
JPN,2013,4.038,88.219428911,41369.1948479498,62.6422691345215
JPN,2014,3.589,89.1068330166075,39172.8471161948,62.8334884643555
JPN,2015,3.385,91.0580283929962,35664.6446110613,62.4498481750488
JPN,2016,3.132,93.1827212821617,40214.9688631562,62.4975395202637
JPN,2017,2.822,91.7265472366635,39679.8635262948,63.287540435791
JPN,2018,2.467,88.7463508901772,40645.478086519,62.6058502197266
JPN,2019,2.351,92.7303978145525,41424.8655601543,62.4008407592773
JPN,2020,2.809,90.21945812,41098.9739004553,62.2987403869629
JPN,2021,2.808,82.91407928,41580.739040705,62.0412483215332
JPN,2022,2.614,84.92343147,35548.2645222433,63.3752288818359
JPN,2023,2.6,85.00990295,35215.003535366,64.4907608032227
JPN,2024,2.5,85.54153081,33797.1014287876,
JPN,2025,2.451,,35951.0449549304,
KAZ,1981,,,,32.9432106018066
KAZ,1986,,,,37.1260986328125
KAZ,1988,,,,38.471118927002
KAZ,1989,,,,38.1324081420898
KAZ,1990,,0.0,1570.00883112591,37.2998504638672
KAZ,1991,0.9,,1442.42455540825,36.3714981079102
KAZ,1992,1.0,,1437.59848100913,35.2556304931641
KAZ,1993,1.11,,1355.13493859139,
KAZ,1994,7.54,0.000521,1246.83633018218,32.8665618896484
KAZ,1995,10.98,0.0113,1217.79138769863,33.1454582214355
KAZ,1996,12.96,0.0318,1281.39152895397,29.1463108062744
KAZ,1997,13.01,0.0646,1381.63593295187,
KAZ,1998,13.13,0.131,1414.59289652597,
KAZ,1999,13.46,0.464,1091.54727722159,24.0278301239014
KAZ,2000,12.75,0.668594402621264,1180.0444563226,30.799259185791
KAZ,2001,10.43,1.00612421099739,1422.27331810957,
KAZ,2002,9.33,1.67477099516366,1573.55219932325,
KAZ,2003,8.78,2.00041475265872,1958.02050246511,
KAZ,2004,8.4,2.6503946570164,2722.47407755402,
KAZ,2005,8.13,2.961699963,3577.35804001782,
KAZ,2006,7.79,3.268399954,5030.13494711519,54.5240592956543
KAZ,2007,7.26,4.02,6449.43931096532,
KAZ,2008,6.63,11.0,8123.54705891736,
KAZ,2009,6.55,18.2,6938.01175663001,
KAZ,2010,5.77,31.6,8793.07589980782,46.7229330476587
KAZ,2011,5.39,50.6,11287.1464926039,50.4275094921369
KAZ,2012,5.29,61.9066274652008,12018.7966527993,52.1525037230692
KAZ,2013,5.2,63.30422443,13478.459627612,45.8669276379862
KAZ,2014,5.06,66.0,12427.7094576939,51.0877733655657
KAZ,2015,4.93,70.82993359566,10196.1226255982,48.3464575023644
KAZ,2016,4.96,74.5877264735738,7475.56688689424,46.0492258820674
KAZ,2017,4.9,76.4267482325439,8943.08416791984,49.9712092283595
KAZ,2018,4.85,78.9039190578816,9472.48527327758,51.9662639587064
KAZ,2019,4.8,81.8776204746284,9457.12614657136,57.3421123781351
KAZ,2020,4.89,85.94259898,8781.50797787648,62.2921373672319
KAZ,2021,5.568,90.9239507,9983.60103576902,59.3849415869809
KAZ,2022,4.86,92.29685266,11255.3396437881,57.2459264222925
KAZ,2023,4.835,92.87846096,12879.4275257974,54.6563982045582
KAZ,2024,4.833,93.39167254,14154.6324958076,53.4564204414133
KAZ,2025,4.771,,14692.1331757237,52.8612860406142
KEN,1960,,,102.824417465582,
KEN,1961,,,99.2716957068382,
KEN,1962,,,104.600455936259,
KEN,1963,,,107.393655978243,
KEN,1964,,,111.300544823892,
KEN,1965,,,106.865601340262,
KEN,1966,,,119.833476389359,
KEN,1967,,,121.90214207834,
KEN,1968,,,128.654646882243,
KEN,1969,,,133.310793093247,
KEN,1970,,,141.039390962597,0.823819994926453
KEN,1971,,,150.852979093178,0.886759996414185
KEN,1972,,,172.642044778441,0.84662002325058
KEN,1973,,,198.578083872556,0.97664999961853
KEN,1974,,,227.233442066411,1.09474003314972
KEN,1975,,,241.224426147057,
KEN,1976,,,248.935108198575,0.813139975070953
KEN,1977,,,311.48625291648,0.750349998474121
KEN,1978,,,355.141982232607,0.767669975757599
KEN,1979,,,403.242079834358,0.861909985542297
KEN,1980,,,453.558973444809,0.90378999710083
KEN,1981,,,412.883704225392,0.883949995040894
KEN,1982,,,373.794835688888,
KEN,1983,,,335.037151735189,1.10283005237579
KEN,1984,,,334.40283575753,1.14204001426697
KEN,1985,,,319.503611010714,1.18039000034332
KEN,1986,,,363.745117772717,
KEN,1987,,,386.630929992512,1.33835005760193
KEN,1988,,,391.238771204282,
KEN,1989,,,374.489193682103,1.38805997371674
KEN,1990,,0.0,374.458992895562,
KEN,1991,2.78,,344.722642127742,
KEN,1992,2.894,,336.68139978696,
KEN,1993,2.979,,228.998032843434,
KEN,1994,2.955,,276.447871981244,
KEN,1995,2.848,0.000727,340.064842175429,
KEN,1996,2.773,0.00884,440.527078880876,
KEN,1997,2.818,0.0344,466.723814611399,
KEN,1998,2.843,0.0503,487.883239905452,
KEN,1999,2.884,0.114,433.721235701305,
KEN,2000,2.884,0.318059713612037,414.626365130846,2.81501007080078
KEN,2001,2.876,0.619782266151425,410.700452474814,2.88299989700317
KEN,2002,2.916,1.20777388492125,402.936385605382,2.87671995162964
KEN,2003,2.869,2.94190286101524,442.898457253405,
KEN,2004,2.844,3.0235280420962,463.662781300121,2.96267008781433
KEN,2005,2.739,3.101900101,523.456312433863,3.00099992752075
KEN,2006,2.673,3.599999905,699.80237063381,
KEN,2007,2.642,4.400000095,840.201439476765,
KEN,2008,2.751,5.199999809,915.54435473604,
KEN,2009,2.816,6.1,1047.9678324485,3.99230003356934
KEN,2010,2.793,7.2,1091.51873101194,
KEN,2011,2.699,8.800000191,1096.14499807675,
KEN,2012,2.678,10.5,1285.00536171512,
KEN,2013,2.762,13.0,1370.87885214659,
KEN,2014,2.767,16.5,1482.81566253497,
KEN,2015,2.762,16.5878548475992,1489.11959777284,9.25319496188721
KEN,2016,2.757,16.6,1554.12610314423,11.6347883294504
KEN,2017,3.542,17.82710075,1667.48447230835,11.8049232142021
KEN,2018,4.284,19.5,1836.45275528993,
KEN,2019,5.014,22.6687733618171,1960.40808854893,10.4975595474243
KEN,2020,5.613,24.7227993,1927.66459027849,
KEN,2021,5.693,26.96290016,2061.35622089594,
KEN,2022,5.565,29.40589905,2109.56288513137,
KEN,2023,5.409,32.07040024,1942.58802756191,8.67676730066979
KEN,2024,5.487,34.97622513,2133.46193404026,10.4185962462804
KEN,2025,5.449,,2362.86091198611,
KGZ,1986,,,,27.0533695220947
KGZ,1988,,,,27.5675601959229
KGZ,1989,,,,27.1174907684326
KGZ,1990,,0.0,605.798144966488,26.2876701354981
KGZ,1991,1.0,,569.548584035047,24.8964099884033
KGZ,1992,1.1,,512.766741120388,23.9627304077148
KGZ,1993,1.258,,448.554190878232,22.0965995788574
KGZ,1994,1.41,,372.481759948941,21.5608692169189
KGZ,1995,1.539,,364.250365258345,20.6899299621582
KGZ,1996,1.647,,394.856879614212,21.9203300476074
KGZ,1997,1.739,,376.427930059811,23.8372802734375
KGZ,1998,1.861,0.0728,345.137046084246,27.4004993438721
KGZ,1999,2.001,0.205,258.048055936976,28.0213508605957
KGZ,2000,2.143,1.04140114469361,279.621738464365,33.69287109375
KGZ,2001,2.273,3.00294132719239,308.41129550148,39.2672080993652
KGZ,2002,2.416,2.99926518003089,321.726775366804,42.2281188964844
KGZ,2003,2.548,3.90876626828521,380.505828812441,39.491138458252
KGZ,2004,2.68,5.09038530732863,433.233873286,39.1110000610352
KGZ,2005,2.816,10.53380013,476.548193640077,40.615779876709
KGZ,2006,2.962,12.30690002,543.113512472219,41.6426811218262
KGZ,2007,3.094,14.03,721.771577544361,41.4537391662598
KGZ,2008,3.207,15.69999981,966.388569370494,45.5842208862305
KGZ,2009,3.343,16.0,870.198894546917,43.4328689575195
KGZ,2010,3.503,16.29999924,876.954476440354,42.2182042645436
KGZ,2011,3.644,17.5,1117.40174350185,42.4374714139813
KGZ,2012,3.786,19.79999924,1168.62244675446,45.2330629115781
KGZ,2013,3.881,23.0,1269.66303464348,48.5727890390198
KGZ,2014,4.02,28.29999924,1264.52668823891,46.360320327803
KGZ,2015,4.138,30.24699974,1105.65193844261,46.5495890237956
KGZ,2016,4.294,40.52619934,1103.27489428412,44.5886036787376
KGZ,2017,4.425,50.80530167,1221.39046807082,41.5760302696793
KGZ,2018,4.559,62.8,1283.5203037417,39.5679556504749
KGZ,2019,5.45,64.1,1421.99927504102,40.8257000638543
KGZ,2020,5.945,72.0,1229.51766602907,45.3327840830343
KGZ,2021,5.149,77.11769867,1349.99730650542,51.6239256637785
KGZ,2022,4.767,84.1937027,1739.72018344174,54.2184527097527
KGZ,2023,3.498,91.04440308,2138.22210211478,53.588822099772
KGZ,2024,3.491,92.0286026,2514.81066933171,53.1743590503791
KGZ,2025,3.526,,3080.96893823359,53.8761747562613
KHM,1971,,,,1.49796998500824
KHM,1972,,,,1.66655004024506
KHM,1973,,,,1.55952000617981
KHM,1975,,,113.825789208758,
KHM,1976,,,128.827777341533,
KHM,1977,,,126.357117453489,
KHM,1978,,,147.101573366096,
KHM,1979,,,142.221617062037,
KHM,1980,,,143.154317973128,0.115690000355244
KHM,1981,,,154.253841174151,0.0988700017333031
KHM,1982,,,159.206634020357,0.0956400036811829
KHM,1983,,,166.65319934361,0.118060000240803
KHM,1984,,,174.705837134358,0.200210005044937
KHM,1985,,,182.446852317187,0.281379997730255
KHM,1986,,,185.759997798349,0.30715999007225
KHM,1987,,,158.124375446975,
KHM,1988,,,244.109577464605,
KHM,1989,,,191.297492431658,0.649360001087189
KHM,1990,,0.0,190.181470036159,0.685980021953583
KHM,1991,0.768,,267.336306726982,0.82029002904892
KHM,1992,0.748,,307.094922385136,1.07730996608734
KHM,1993,0.733,,294.059372727558,1.30534994602203
KHM,1994,0.996,,302.1307854832,1.51787996292114
KHM,1995,0.973,,343.485224671585,1.53399002552032
KHM,1996,0.963,,324.655870983004,1.79530000686646
KHM,1997,0.638,0.00584,297.59041960803,1.22730004787445
KHM,1998,0.712,0.0163,258.780953189377,
KHM,1999,0.727,0.032,286.753596443196,
KHM,2000,0.745,0.047022640068885,296.426687526334,1.86557996273041
KHM,2001,0.778,0.0769560555527296,327.500984314444,1.97913002967834
KHM,2002,0.862,0.226983237666204,350.147276634294,2.33661007881165
KHM,2003,0.909,0.260570197574002,386.691123931778,3.01460003852844
KHM,2004,1.004,0.300436644360101,444.199067529081,3.07344007492065
KHM,2005,1.061,0.317321781089656,525.797325120926,3.77035999298096
KHM,2006,1.16,0.468400002,612.252648550727,6.20005989074707
KHM,2007,1.257,0.49,731.692295125426,7.67417001724243
KHM,2008,0.825,0.51,866.283999789749,8.92994976043701
KHM,2009,0.579,0.53,875.748936193569,10.6747398376465
KHM,2010,0.771,1.26,952.274616324008,12.1998596191406
KHM,2011,0.577,3.099999905,1088.98152823081,11.4902860215331
KHM,2012,0.505,4.94,1192.80263041673,
KHM,2013,0.438,6.0,1305.6600972686,
KHM,2014,0.692,14.0,1431.56396469993,
KHM,2015,0.393,6.43319107021405,1547.32010444393,13.615484963166
KHM,2016,0.716,32.3984517141849,1675.19555711109,
KHM,2017,0.141,32.9002785437986,1826.35391688754,12.5181529981862
KHM,2018,0.129,65.0,2036.67377566578,13.2671737077763
KHM,2019,0.119,52.305878224498,2225.87705485686,12.9409846754696
KHM,2020,0.172,56.37590027,2081.73914242939,13.8767573747135
KHM,2021,0.396,60.76269913,2167.40324198499,13.5005634857238
KHM,2022,0.245,65.49079895,2325.03050040841,14.6069513022825
KHM,2023,0.256,68.92549896,2429.74853452838,17.4362364390629
KHM,2024,0.254,68.47530365,2627.87969756224,21.4437426836662
KHM,2025,0.263,,2872.42926639909,
KIR,1970,,,201.023774667798,
KIR,1971,,,210.668594146279,
KIR,1972,,,256.187000109277,
KIR,1973,,,421.626997094822,
KIR,1974,,,1131.29075149996,
KIR,1975,,,730.441792552945,
KIR,1976,,,548.075641711172,
KIR,1977,,,519.943894734849,
KIR,1978,,,610.783852582543,
KIR,1979,,,572.794606018137,
KIR,1980,,,542.253599617514,
KIR,1981,,,567.722497103141,
KIR,1982,,,518.62249584629,
KIR,1983,,,483.107821082637,
KIR,1984,,,527.291455228898,
KIR,1985,,,392.905065394709,
KIR,1986,,,381.918758641144,
KIR,1987,,,423.822473332128,
KIR,1988,,,535.915134580045,
KIR,1989,,,514.652948165033,
KIR,1990,,0.0,488.067527876014,
KIR,1991,,,540.125861123481,
KIR,1992,,,791.99610105394,
KIR,1993,,,747.75302075115,
KIR,1994,,,837.971706204,
KIR,1995,,,844.429605862723,
KIR,1996,,,985.885941426854,
KIR,1997,,,953.162998384941,
KIR,1998,,0.617,874.484349123221,
KIR,1999,,1.21,887.496019475758,
KIR,2000,,1.78522547397736,845.367240231973,
KIR,2001,,2.33745894837722,718.833787096781,
KIR,2002,,2.5,810.10870037444,
KIR,2003,,3.0,1020.50033851394,
KIR,2004,,3.5,1083.2688987175,
KIR,2005,,4.0,1161.78341739977,
KIR,2006,,4.5,1123.19258990684,
KIR,2007,,6.0,1352.57814048911,
KIR,2008,,7.0,1410.62246914058,
KIR,2009,,8.97,1316.62753853678,
KIR,2010,,9.07,1522.10068744154,
KIR,2011,,10.0,1771.12926848792,
KIR,2012,,10.74680042,1843.55336349889,
KIR,2013,,11.5,1772.08718317132,
KIR,2014,,12.25,1736.70535682101,
KIR,2015,,14.89999962,1639.85274740652,
KIR,2016,,19.41939926,1742.66799324117,
KIR,2017,,25.30960083,1854.3326920967,
KIR,2018,,32.9864006,1915.56002581991,
KIR,2019,,41.79299927,1750.24040333237,
KIR,2020,,52.95090103,1751.87199542272,
KIR,2021,,67.08760071,2223.54147866465,
KIR,2022,,84.99849701,2078.7648751855,
KIR,2023,,88.0,2200.68918614289,
KIR,2024,,89.44029999,2550.98377226188,4.96087980270386
KIR,2025,,,2558.66636011102,
KNA,1960,,,221.584586097067,
KNA,1961,,,225.599127572162,
KNA,1962,,,230.286541058342,
KNA,1963,,,240.139616588017,
KNA,1964,,,256.40471515277,
KNA,1965,,,265.823194079933,
KNA,1966,,,289.973108735753,
KNA,1967,,,344.457118650064,
KNA,1968,,,309.027410307969,
KNA,1969,,,346.592027290022,
KNA,1970,,,365.421692149038,
KNA,1971,,,443.938525320189,
KNA,1972,,,521.083031260752,
KNA,1973,,,551.413363188761,
KNA,1974,,,720.537205812844,
KNA,1975,,,765.12533365911,
KNA,1976,,,692.139328790191,
KNA,1977,,,1026.25343180719,
KNA,1978,,,1143.84000123408,
KNA,1979,,,1367.339965625,1.24751996994019
KNA,1980,,,1597.6489908812,0.79491001367569
KNA,1981,,,1894.44210241437,
KNA,1982,,,2022.52944188428,
KNA,1983,,,2052.11116535348,
KNA,1984,,,2341.40772929271,1.36846005916596
KNA,1985,,,2650.9864691075,1.2441999912262
KNA,1986,,,3140.11209537184,4.66447019577026
KNA,1987,,,3573.284031831,6.14176988601685
KNA,1988,,,4205.65468298165,4.72363996505737
KNA,1989,,,4723.45351878204,
KNA,1990,,0.0,5373.44824048425,
KNA,1991,,,5464.61025672087,
KNA,1992,,,5947.1211356266,6.1207799911499
KNA,1993,,,6395.31437746849,10.4815101623535
KNA,1994,,,7065.28291984056,
KNA,1995,,,7406.44486096454,
KNA,1996,,1.95,7788.42839854571,
KNA,1997,,2.26,8626.72257471312,
KNA,1998,,3.34,8710.78984057184,
KNA,1999,,4.4,9116.28627997718,
KNA,2000,,5.86281024037522,9319.65545093525,
KNA,2001,,7.71472655580319,10022.5919235637,
KNA,2002,,21.152381758186,10453.6587064313,
KNA,2003,,22.9697842928439,10175.6295449989,
KNA,2004,,24.7376775443732,10944.6183741768,
KNA,2005,,34.0,11783.7867154145,
KNA,2006,,38.5,13837.8495311219,
KNA,2007,,43.5,14757.9579751035,
KNA,2008,,49.20000076,16604.9448615905,19.8842601776123
KNA,2009,,55.70000076,16503.4119292794,
KNA,2010,,63.0,16622.9457908577,
KNA,2011,,63.20000076,17832.4572919975,
KNA,2012,,64.0,17532.0559008608,
KNA,2013,,64.59999847,18580.1301949935,
KNA,2014,,65.38179779,20219.3954237956,90.9599990844727
KNA,2015,,66.17310333,20328.8003530109,93.92236328125
KNA,2016,,66.97389984,21387.5415511103,
KNA,2017,,67.78440094,22464.9899633959,
KNA,2018,,68.60479736,22901.3816403197,
KNA,2019,,69.43499756,23595.4923231291,
KNA,2020,,70.27529907,18859.0190361046,
KNA,2021,,74.37159729,18361.1449697886,
KNA,2022,,75.76229858,21011.5744209816,
KNA,2023,,76.58950043,22576.9248439166,
KNA,2024,,76.88400269,23960.6534357084,
KNA,2025,,,25223.0257622185,
KOR,1960,,,158.844150776359,
KOR,1961,,,94.2045938667769,
KOR,1962,,,106.623915747203,
KOR,1963,,,147.00790480127,
KOR,1964,,,124.24136735879,
KOR,1965,,,109.429276511316,
KOR,1966,,,134.431383763277,
KOR,1967,,,162.459907730169,
KOR,1968,,,199.982134957643,
KOR,1969,,,245.494385222026,
KOR,1970,,,281.785631415674,
KOR,1971,,,304.271118680953,
KOR,1972,,,328.021411521648,
KOR,1973,,,412.499262547237,
KOR,1974,,,572.488691764846,
KOR,1975,,,627.142244323246,
KOR,1976,,,847.205737881176,
KOR,1977,,,1072.85188247153,
KOR,1978,,,1428.88714989064,
KOR,1979,,,1813.9142168105,
KOR,1980,,,1745.57662116658,
KOR,1981,,,1918.41779613494,
KOR,1982,,,2032.25817758667,
KOR,1983,,,2245.56009425258,
KOR,1984,,,2468.68667303898,
KOR,1985,,,2542.88419005153,
KOR,1986,,,2910.82908054352,
KOR,1987,,,3657.71773432329,
KOR,1988,,,4888.68509195605,
KOR,1989,,,5989.2109474999,
KOR,1990,,0.0233,6812.9019416767,
KOR,1991,2.407,0.0461,7872.65052449111,
KOR,1992,2.513,0.0984,8387.16308258471,
KOR,1993,2.878,0.25,9179.96872485152,
KOR,1994,2.476,0.311,10733.9888860657,
KOR,1995,2.063,0.82,13001.7205867019,
KOR,1996,2.048,1.62,13864.9376534518,
KOR,1997,2.608,3.6,12821.6893313675,
KOR,1998,6.963,6.78,8583.43557499234,
KOR,1999,6.342,23.6,11062.5019301357,
KOR,2000,4.063,44.7,12710.2995795579,74.6898574829102
KOR,2001,3.699,56.6,11981.4828218758,77.3433532714844
KOR,2002,3.046,59.4,13642.9424537101,80.7160491943359
KOR,2003,3.348,65.5,15211.5483770422,84.4563903808594
KOR,2004,3.42,72.7,17121.6301633201,89.8009033203125
KOR,2005,3.482,73.5,20167.0474902506,95.3700103759766
KOR,2006,3.254,78.1,22609.7059431449,99.9493103027344
KOR,2007,3.013,78.8,25078.4853957105,102.949272155762
KOR,2008,2.959,81.0,22252.3125108061,103.136177062988
KOR,2009,3.363,81.6,19937.3029137734,102.658447265625
KOR,2010,3.324,83.7,24071.2620526362,101.673286437988
KOR,2011,2.992,83.7591201534472,26175.2398553363,100.819679260254
KOR,2012,2.812,84.07,26600.5477433903,98.286979675293
KOR,2013,3.067,84.77,28449.3591104972,96.3375015258789
KOR,2014,3.082,87.5568264944747,30667.0912467447,94.4421691894531
KOR,2015,3.546,89.8962557995106,30171.7906545222,93.9676513671875
KOR,2016,3.65,92.8430256796075,30832.0628072516,93.6577224731445
KOR,2017,3.653,95.0694218761004,33296.9845439195,93.7230224609375
KOR,2018,3.824,96.0228595797887,35363.9508228687,93.3281784057617
KOR,2019,3.746,96.157579184239,33826.9443301597,93.9989166259766
KOR,2020,3.931,96.50506052,33645.7719545073,96.8767700195312
KOR,2021,3.639,97.57132698,37518.4635305697,100.359878540039
KOR,2022,2.857,97.16855335,34822.4048404971,102.813056945801
KOR,2023,2.675,97.41597478,35674.095995632,106.709167480469
KOR,2024,2.784,97.89563777,36238.639908315,111.853302001953
KOR,2025,2.683,,36226.9663637512,
KWT,1962,,,4748.39284354226,
KWT,1963,,,4444.5230858112,
KWT,1964,,,4378.78429775998,
KWT,1965,,,4023.99037772478,
KWT,1966,,,4176.11038180964,
KWT,1967,,,3887.34562038245,
KWT,1968,,,3871.94559219275,
KWT,1969,,,3694.96497750415,
KWT,1970,,,3551.58710706336,
KWT,1971,,,4485.60842678202,3.45755004882812
KWT,1972,,,4835.69104574325,4.32760000228882
KWT,1973,,,5532.43234039128,4.90720987319946
KWT,1974,,,12526.6031710726,5.67803001403809
KWT,1975,,,10881.7216440289,5.75841999053955
KWT,1976,,,11141.1981409668,7.33261013031006
KWT,1977,,,11237.7967179507,8.20639038085938
KWT,1978,,,11567.0653748784,9.4450798034668
KWT,1979,,,17385.8942886966,8.26846981048584
KWT,1980,,,19031.9051902,8.41646957397461
KWT,1981,,,15825.191918191,8.93430995941162
KWT,1982,,,12978.8949980867,9.93743991851807
KWT,1983,,,11965.3390511088,10.9734497070312
KWT,1984,,,11918.6168925905,11.4284896850586
KWT,1985,,,11321.663553949,13.0559797286987
KWT,1986,,,9076.70885221848,13.8445196151733
KWT,1987,,,10895.6500280404,14.5566596984863
KWT,1988,,,9692.34754600725,15.2921104431152
KWT,1989,,,10964.6929080372,15.4398097991943
KWT,1990,,0.0,10937.5415268808,12.6500101089478
KWT,1991,0.884,,8147.10807329839,
KWT,1992,0.878,,12146.19505586,16.0930099487305
KWT,1993,0.8,0.0911,14317.7209419057,15.5384998321533
KWT,1994,0.7,0.147,14929.7441110335,17.9414691925049
KWT,1995,0.694,0.203,16168.165602374,22.5260505676269
KWT,1996,0.7,0.856,18201.0958607918,23.0858898162842
KWT,1997,0.7,2.17,16977.3895620399,21.0989608764648
KWT,1998,0.7,3.05,14066.9509572183,
KWT,1999,0.7,4.76,15853.6264423466,19.7340202331543
KWT,2000,0.8,6.73139576837536,19296.3471698729,
KWT,2001,0.8,8.55179243431475,17374.2318664227,18.3207397460938
KWT,2002,1.1,10.2489679289296,18512.7523035862,19.2795295715332
KWT,2003,1.3,22.4029383804612,22690.655175144,19.5890598297119
KWT,2004,1.7,22.9271120360078,27552.2827399787,19.9746398925781
KWT,2005,1.455,25.92609978,36122.6142741227,
KWT,2006,1.3,28.79120064,42946.6374104066,
KWT,2007,1.5,34.79999924,45709.4132876371,
KWT,2008,1.75,42.0,55585.1889344442,
KWT,2009,1.64,50.79999924,37907.1001320042,
KWT,2010,1.82,61.40000153,39212.252220155,
KWT,2011,2.051,65.7690706867398,49169.6063813095,
KWT,2012,2.227,70.44999695,52155.2225833921,
KWT,2013,2.465,75.45999908,49651.0439275077,
KWT,2014,2.9,78.69999695,44368.7813457751,55.893130577116
KWT,2015,2.2,82.0,29882.2126495698,58.9434554973822
KWT,2016,2.16,85.59999847,27323.6890735517,59.2213394214596
KWT,2017,2.23,97.9999893344615,29047.6536135703,54.9159622359267
KWT,2018,2.202,99.5988495907557,32067.9623756889,52.1066893601774
KWT,2019,2.213,99.5426764518489,31707.8737443551,50.4400595299189
KWT,2020,3.489,99.10587017,25236.0755848941,53.731878917367
KWT,2021,2.97,99.7,34018.6342592913,51.8967176944636
KWT,2022,2.133,99.74729919,39981.7691035833,
KWT,2023,2.08,99.74731125,34091.9714813002,
KWT,2024,2.151,99.74729919,32855.7209688827,
KWT,2025,2.181,100.0,32312.3119953634,
LAC,1960,,,346.536269017856,
LAC,1961,,,371.073435975522,
LAC,1962,,,375.205542721483,
LAC,1963,,,400.543110187606,
LAC,1964,,,433.457006414054,
LAC,1965,,,455.05384098511,
LAC,1966,,,487.232783994426,
LAC,1967,,,483.778541601199,
LAC,1968,,,507.406750341654,
LAC,1969,,,550.121043604474,
LAC,1970,,,584.490263726572,
LAC,1971,,,631.895250915575,
LAC,1972,,,698.240016948192,
LAC,1973,,,906.079748538235,
LAC,1974,,,1175.51650604504,
LAC,1975,,,1235.05171380781,
LAC,1976,,,1317.61428921495,
LAC,1977,,,1402.34054899762,
LAC,1978,,,1645.83201941826,
LAC,1979,,,1784.0652353296,
LAC,1980,,,2109.80426472087,
LAC,1981,,,2365.71669078025,
LAC,1982,,,2152.99185369304,
LAC,1983,,,1842.82063942281,
LAC,1984,,,1900.58758928767,
LAC,1985,,,1838.96310656191,
LAC,1986,,,1819.20564778169,
LAC,1987,,,1906.99426944263,
LAC,1988,,,2053.80828007333,
LAC,1989,,,2228.26093610375,
LAC,1990,,,2423.82986300179,
LAC,1991,6.1915169401315,,2561.22013789974,
LAC,1992,6.21454819166058,,2735.86952757135,
LAC,1993,5.96815199708885,,3211.20878581133,
LAC,1994,6.58753832638945,,3703.52210509094,
LAC,1995,7.93017657774393,,3913.74945087913,
LAC,1996,8.24140904744954,,4173.97747745976,
LAC,1997,8.10277013017074,,4501.26562956772,
LAC,1998,8.49516318168235,,4475.19866588809,
LAC,1999,9.38389731336932,,3943.31466505042,21.455680847168
LAC,2000,9.43023989036824,,4315.31686378392,22.7809104919434
LAC,2001,8.98514907364224,,4163.09141082413,24.0530796051025
LAC,2002,9.33585929151463,,3657.85196421423,25.7361106872559
LAC,2003,9.20720625106016,,3662.99926133031,27.2607803344727
LAC,2004,8.70252011336982,,4155.65949507287,28.7352905273438
LAC,2005,8.18339925036928,16.2,4984.72783651475,29.9256992340088
LAC,2006,7.55497236157597,20.4,5770.60290833363,36.9377784729004
LAC,2007,7.18560904807712,23.3,6758.18967480352,33.6932716369629
LAC,2008,6.7530751478709,25.9,7812.5897626227,36.2729682922363
LAC,2009,7.67986013495104,30.3,7221.64357521268,37.243049621582
LAC,2010,7.13684615492128,34.0,8899.0906686542,38.6875381469727
LAC,2011,6.63768103519111,38.7,10025.1749134261,40.2218818664551
LAC,2012,6.35784018295865,42.1,9967.79376326951,41.3904914855957
LAC,2013,6.33724541486795,45.1,9901.44144000481,42.4139709472656
LAC,2014,6.11295170625168,47.7,9758.39172353217,44.145320892334
LAC,2015,6.6503628849075,53.3,8087.33242325425,45.495979309082
LAC,2016,7.76472151764398,56.4,7751.59336930245,47.6427688598633
LAC,2017,8.06804526490034,59.2,8568.05689042807,49.1490287780762
LAC,2018,7.9491088470884,62.6,8231.91428708974,49.9449081420898
LAC,2019,8.0031866353429,67.9,8006.02224102566,51.0327110290527
LAC,2020,10.1125058323335,73.3,6651.15822114273,52.8043212890625
LAC,2021,9.08714668261223,75.3,7694.61136917625,54.614860534668
LAC,2022,6.83824311969363,76.6,8838.67169511547,56.1285705566406
LAC,2023,6.06496995571875,79.7,9891.4632795533,58.5862693786621
LAC,2024,5.7278348014991,81.4,10065.5029056612,56.6634292602539
LAC,2025,5.28646121885159,83.6,10407.4817975955,
LAO,1971,,,,0.1752700060606
LAO,1972,,,,0.182760000228882
LAO,1973,,,,0.150979995727539
LAO,1974,,,,0.326150000095367
LAO,1975,,,,0.303110003471375
LAO,1980,,,,0.37024000287056
LAO,1981,,,,0.439110010862351
LAO,1982,,,,0.876380026340485
LAO,1983,,,,1.15067005157471
LAO,1984,,,483.017781668524,1.36029994487762
LAO,1985,,,632.801098281291,1.42267000675201
LAO,1986,,,461.911552367003,1.43428003787994
LAO,1987,,,274.729585339944,
LAO,1988,,,147.070942942331,1.33229994773865
LAO,1989,,,170.377296803511,
LAO,1990,,0.0,200.7349054896,1.11591994762421
LAO,1991,2.497,,231.806227548139,
LAO,1992,2.71,,247.345286150532,
LAO,1993,2.732,,283.400573286349,1.31793999671936
LAO,1994,2.634,,320.968128951646,1.30735003948212
LAO,1995,2.6,,357.758162193406,1.63365995883942
LAO,1996,2.45,,371.341879197673,2.36982989311218
LAO,1997,2.354,,339.09319241187,2.52199006080627
LAO,1998,2.293,0.00966,243.923962451418,2.00583004951477
LAO,1999,2.154,0.0378,272.325307005412,2.30977010726929
LAO,2000,2.045,0.111044032290124,318.749852236965,2.64691996574402
LAO,2001,1.881,0.181664460654566,320.316005439568,3.04713988304138
LAO,2002,1.775,0.267899241309349,313.350817148131,4.05916023254395
LAO,2003,1.639,0.333912466428616,355.097216151461,4.79725980758667
LAO,2004,1.498,0.361434490258043,409.296298284117,5.579430103302
LAO,2005,1.35,0.850399971,466.061506997741,7.60128021240234
LAO,2006,1.199,1.16989994,579.391947440719,8.78625965118408
LAO,2007,1.068,1.64,697.323013673925,11.2626600265503
LAO,2008,0.944,3.55,885.747376088762,13.0783004760742
LAO,2009,0.835,6.0,935.03237283283,16.2123508453369
LAO,2010,0.708,7.0,1125.91610151261,16.6638298034668
LAO,2011,0.96,9.0,1361.54704394913,17.4954696423161
LAO,2012,1.208,10.74769974,1563.5650771337,17.330766926856
LAO,2013,1.469,12.5,1812.51774424651,18.9224448772621
LAO,2014,1.733,14.26000023,1981.03910900473,18.4954952643985
LAO,2015,2.006,18.20000076,2121.01339097363,18.1574846273063
LAO,2016,2.634,21.87000084,2303.22156035363,17.0880719461771
LAO,2017,3.268,25.51040077,2432.43059478511,15.4112577339384
LAO,2018,2.897,36.27130127,2545.1075420815,14.4969749098337
LAO,2019,2.531,47.03229904,2589.32081035237,13.7404020217342
LAO,2020,2.349,54.0,2583.77730696131,12.561911777868
LAO,2021,2.08,62.0,2526.05105018529,12.4396649191011
LAO,2022,1.209,64.54000092,2046.40440255621,13.677811550152
LAO,2023,1.186,64.39800262,2066.94979776957,14.8841695785522
LAO,2024,1.174,65.59269714,2123.97909415109,
LAO,2025,1.187,,2324.76353098791,
LBN,1971,,,,18.5855503082275
LBN,1972,,,,18.0013103485107
LBN,1975,,,,20.4375495910644
LBN,1979,,,,25.9975395202637
LBN,1980,,,,27.4139003753662
LBN,1981,,,,24.8079891204834
LBN,1982,,,,21.5360107421875
LBN,1983,,,,22.147310256958
LBN,1985,,,,20.8954391479492
LBN,1986,,,,23.3470592498779
LBN,1987,,,,24.2220802307129
LBN,1988,,,959.153901867443,
LBN,1989,,,771.001121245521,
LBN,1990,,0.0,789.526338484738,
LBN,1991,8.594,,1278.42125745633,
LBN,1992,8.225,,1559.38100628446,23.675479888916
LBN,1993,8.226,,2078.63864215562,
LBN,1994,8.321,,2467.76942720577,
LBN,1995,8.421,0.0716,2958.74263957462,
LBN,1996,8.413,0.14,3393.05090749359,21.6194705963135
LBN,1997,8.62,1.24,3834.0590787531,
LBN,1998,8.571,2.72,4124.85527892575,
LBN,1999,8.787,5.38,4086.93872789633,28.0918598175049
LBN,2000,8.641,7.95274373635276,3986.83513941026,28.1094799041748
LBN,2001,8.499,6.78321977527715,4009.55929751102,31.8084697723389
LBN,2002,8.248,7.0,4290.85283803266,33.2399406433105
LBN,2003,8.061,8.0,4437.71588507526,33.0007705688477
LBN,2004,7.85,9.0,4600.68371412993,34.8977317810059
LBN,2005,8.249,10.14000034,4602.19804637945,36.9155197143555
LBN,2006,8.679,15.0,4635.2514117486,38.105541229248
LBN,2007,8.98,18.74,5125.25809960149,40.4916915893555
LBN,2008,7.666,22.53,5912.04532820842,41.7746200561523
LBN,2009,6.355,30.13999939,7090.85493856621,41.8963890075684
LBN,2010,6.768,43.68000031,7625.81051551165,42.1777031083244
LBN,2011,7.352,52.0,7834.96257108993,45.5351218323996
LBN,2012,7.952,61.24980164,8406.98405608118,44.9326117621184
LBN,2013,8.477,70.5,8162.37929361396,48.3089213263461
LBN,2014,8.84,73.0,7577.6413302369,42.9353408813477
LBN,2015,9.312,74.0,7714.1099998804,39.2905242294107
LBN,2016,9.794,76.11000061,8089.012088155,42.5074771456909
LBN,2017,10.258,78.18080139,8608.21084982387,44.1878772500135
LBN,2018,10.755,80.90000153,9174.53666204759,47.2296269060678
LBN,2019,11.301,81.48120117,8905.88005497437,50.1483937104215
LBN,2020,13.252,82.0664978,5561.19166950397,51.5677337643942
LBN,2021,12.715,82.65599823,4045.37391066234,56.8657861418168
LBN,2022,11.105,81.46479797,3654.35845534878,58.1761149059991
LBN,2023,10.985,81.7059021,3477.72489842684,54.4012561547071
LBN,2024,,80.63400269,4473.27134441128,
LBR,1960,,,167.171498224694,
LBR,1961,,,157.504686495101,
LBR,1962,,,160.280325035358,
LBR,1963,,,163.131266223133,
LBR,1964,,,173.926490274043,
LBR,1965,,,177.562432424897,
LBR,1966,,,184.583689159405,
LBR,1967,,,192.150746999304,
LBR,1968,,,198.647104834485,
LBR,1969,,,214.717911590964,
LBR,1970,,,220.293848130057,0.89860999584198
LBR,1971,,,227.078201448463,0.949819982051849
LBR,1972,,,238.610979665126,1.06754004955292
LBR,1973,,,244.361727924182,1.2668000459671
LBR,1974,,,299.413660673331,
LBR,1975,,,345.648935641772,1.66963005065918
LBR,1976,,,347.498456664298,
LBR,1977,,,381.089104930355,
LBR,1978,,,394.468078319392,1.69556999206543
LBR,1979,,,434.69976445937,2.30364990234375
LBR,1980,,,443.027171656595,
LBR,1981,,,426.054939761947,
LBR,1982,,,422.446142509338,
LBR,1983,,,390.759726697144,
LBR,1984,,,390.407957992226,
LBR,1985,,,379.951475961811,
LBR,1986,,,364.288669189794,
LBR,1987,,,409.215940071402,2.43640995025635
LBR,1988,,,424.325719336919,
LBR,1989,,,312.289255390892,
LBR,1990,,0.0,172.867610123278,
LBR,1991,2.735,,177.867006590279,
LBR,1992,2.724,,107.842801384441,
LBR,1993,2.706,,74.4272028642409,
LBR,1994,2.652,,61.490431307467,
LBR,1995,2.588,,62.1438140627579,
LBR,1996,2.397,,71.4065248720036,
LBR,1997,2.195,0.00449,122.627993745516,
LBR,1998,2.061,0.0041,134.675393352518,
LBR,1999,2.006,0.0113,156.573166945696,7.76494979858398
LBR,2000,2.018,0.0177027057169472,298.485340578945,18.5271492004394
LBR,2001,2.104,0.033812227177592,300.463828598983,
LBR,2002,2.222,0.0327133071190699,299.536445539621,
LBR,2003,2.42,0.0318689345450327,239.779556677091,
LBR,2004,2.424,0.0310111848040233,284.140223992458,
LBR,2005,2.413,0.551400006,287.487333441381,
LBR,2006,2.28,0.529999971,320.55808618515,
LBR,2007,2.232,0.551400006,374.211308104278,
LBR,2008,2.221,0.529999971,451.713856283285,
LBR,2009,2.241,2.0,448.386367025545,
LBR,2010,2.266,2.3,492.252808033724,9.00753004752703
LBR,2011,2.211,2.5,568.087865520004,
LBR,2012,2.146,2.599999905,638.368751462083,10.838520055325
LBR,2013,2.08,3.200000048,710.744570927863,
LBR,2014,2.079,5.409999847,706.714490064507,
LBR,2015,2.557,10.0,692.590082351257,
LBR,2016,3.081,15.69999981,714.613063145659,
LBR,2017,3.067,16.29999924,699.269095727404,
LBR,2018,3.058,17.27770042,692.203127129794,
LBR,2019,3.071,19.89579964,658.164180770507,
LBR,2020,4.102,22.91069984,616.787867006715,
LBR,2021,3.844,26.38229942,667.96610514319,
LBR,2022,2.956,30.38010025,744.617175237387,
LBR,2023,2.905,31.22410011,799.194470229642,
LBR,2024,2.914,32.23360062,851.497723870206,
LBR,2025,2.884,,915.328972645548,
LBY,1960,,,269.038073094669,
LBY,1961,,,285.341580882777,
LBY,1962,,,382.084505727445,
LBY,1963,,,527.861939504427,
LBY,1964,,,764.898389420845,
LBY,1965,,,1000.53474079103,
LBY,1966,,,1250.60018821673,
LBY,1967,,,1436.61803256942,
LBY,1968,,,1971.86632548697,
LBY,1969,,,2174.95045716041,
LBY,1970,,,2209.5811758058,
LBY,1971,,,2442.58280826718,3.20125007629394
LBY,1972,,,2829.80145194559,3.65626001358032
LBY,1973,,,3727.38549878198,4.56131982803345
LBY,1974,,,6213.50027490617,4.86212015151978
LBY,1975,,,5720.62691135285,5.49081993103027
LBY,1976,,,7017.74340734557,5.53093004226685
LBY,1977,,,7783.46009141417,5.10902976989746
LBY,1978,,,7251.83754156259,5.23838996887207
LBY,1979,,,9442.75933267842,4.91189002990723
LBY,1980,,,11959.5222690783,4.66007995605469
LBY,1981,,,10044.0410042727,5.62006998062134
LBY,1982,,,9063.69851267735,6.3732500076294
LBY,1983,,,8927.36442785362,7.60284996032715
LBY,1984,,,7811.06937340039,
LBY,1985,,,8087.36306792904,8.86345958709717
LBY,1986,,,6018.91345215523,
LBY,1987,,,6464.7328401846,
LBY,1988,,,5736.28243992278,
LBY,1989,,,5792.5791631313,
LBY,1990,,0.0,6502.27886565421,11.2165002822876
LBY,1991,18.601,,7039.83391970596,
LBY,1992,18.828,,7302.68908679226,14.9024696350098
LBY,1993,19.006,,6477.87035840641,
LBY,1994,19.328,,5933.29121354077,
LBY,1995,19.331,,5205.25706378741,
LBY,1996,19.212,,5591.02027544558,
LBY,1997,19.151,,6061.81366033598,
LBY,1998,19.192,,5301.08354775559,
LBY,1999,19.233,0.134,6894.51875534758,50.3618698120117
LBY,2000,19.275,0.187042622337565,7214.10040377084,46.5393905639648
LBY,2001,19.239,0.366533175284228,6312.80030498965,51.0642204284668
LBY,2002,19.281,2.24441822165946,3718.29434696755,56.240291595459
LBY,2003,19.074,2.81451798740855,4674.09943200321,58.543701171875
LBY,2004,18.938,3.53283816154549,5773.76333234281,
LBY,2005,18.66,3.91779995,8079.24957329001,
LBY,2006,18.805,4.301099777,10048.8480434289,
LBY,2007,18.771,4.72199937850513,11144.9448413435,
LBY,2008,19.041,9.0,13906.1407818125,
LBY,2009,19.29,10.80000019,9551.05403869755,
LBY,2010,19.321,14.0,11600.9068649472,
LBY,2011,19.504,14.0,7593.8391525702,
LBY,2012,19.03,15.19999981,14975.8902795144,
LBY,2013,19.311,16.5,11951.7134126011,
LBY,2014,19.295,17.76000023,8926.42074591474,
LBY,2015,19.69,25.0,7458.48917756374,
LBY,2016,19.559,35.0,7525.80299308216,
LBY,2017,19.053,47.5,9965.83236729757,
LBY,2018,18.865,47.5,11196.5854810844,
LBY,2019,19.087,71.40409851,9963.19489084483,
LBY,2020,19.651,74.35810089,6650.33810585348,
LBY,2021,19.779,77.438797,4935.82787349801,
LBY,2022,19.238,80.64720154,5986.63694851258,
LBY,2023,18.713,82.10469818,6026.51518708812,
LBY,2024,19.085,81.95449829,6569.16408678648,
LBY,2025,18.758,,6448.82415074121,
LCA,1977,,,,2.28807997703552
LCA,1978,,,,2.26618003845215
LCA,1979,,,,2.09663009643555
LCA,1980,,,1428.20328921427,1.91508996486664
LCA,1981,,,1604.77728442339,2.22008991241455
LCA,1982,,,1489.46138368254,2.59291005134583
LCA,1983,,,1575.74163524069,2.77740001678467
LCA,1984,,,1979.12504018731,2.60819005966186
LCA,1985,,,2202.28125368301,2.17705988883972
LCA,1986,,,2590.69331524928,
LCA,1987,,,2818.91475118073,2.26263999938965
LCA,1988,,,3182.44170096022,2.4047999382019
LCA,1989,,,3565.01015783716,
LCA,1990,,0.0,4204.57161863111,
LCA,1991,16.521,,4398.67906897723,
LCA,1992,16.549,,4759.83867808296,
LCA,1993,16.8,,4764.72464839218,5.70678997039795
LCA,1994,17.0,,4892.06733637469,
LCA,1995,15.83,0.306,5147.92024022295,
LCA,1996,16.33,0.67,5244.01665086076,17.3051605224609
LCA,1997,20.47,0.992,5282.37011402006,
LCA,1998,21.6,1.3,5672.51373770766,
LCA,1999,18.09,1.93,5882.83398968649,
LCA,2000,16.49,5.09048334139327,5879.56191426207,
LCA,2001,18.538,8.18186395448366,5570.45247098106,
LCA,2002,20.39,14.6418357746777,5567.89428424719,
LCA,2003,22.18,20.9824734633424,6058.60622059326,
LCA,2004,20.97,21.395212362765,6494.60034867886,13.3422899246216
LCA,2005,18.7,21.5675829464215,6863.43641919345,12.7918500900269
LCA,2006,16.0,24.5,7611.17856675319,9.52157974243164
LCA,2007,14.0,27.89999962,7964.38211480117,8.46230983734131
LCA,2008,12.72,30.0,8516.96075488787,15.7249202728272
LCA,2009,15.37,31.0,8250.52180732734,17.469539642334
LCA,2010,17.118,32.5,8673.68720340529,12.4684000015259
LCA,2011,18.86,34.0,9128.99442011613,16.2693996429443
LCA,2012,19.06,45.865,9260.30006551714,10.2734699249268
LCA,2013,22.21,49.3871994,9577.21733754358,14.0192003250122
LCA,2014,21.583,53.17969894,10044.8218377677,17.0831794738769
LCA,2015,20.84,57.26330185,10334.9860823918,17.0301094055176
LCA,2016,19.932,58.22259903,10638.1269396653,19.7992000579834
LCA,2017,19.136,59.16009903,11333.1123822102,20.7471294403076
LCA,2018,19.329,60.11259842,11642.6984727769,14.6563596725464
LCA,2019,15.613,61.08050156,11764.3944032403,15.9467096328735
LCA,2020,25.224,62.06399918,8537.11495506727,16.8199691772461
LCA,2021,20.514,63.06330109,10481.1233971786,
LCA,2022,15.934,66.95159912,12976.1489693474,16.1808795928955
LCA,2023,12.094,67.44390106,13616.6397593734,15.0396404266357
LCA,2024,10.199,68.20500183,14493.658470648,
LCA,2025,9.452,,14745.8184305461,
LCN,1960,,,362.351253560787,
LCN,1961,,,390.200342093402,
LCN,1962,,,398.845935134346,
LCN,1963,,,421.718907665391,
LCN,1964,,,455.987313679447,
LCN,1965,,,476.958080545918,
LCN,1966,,,511.397055065929,
LCN,1967,,,508.219971424475,
LCN,1968,,,531.647636972749,
LCN,1969,,,579.03874491164,
LCN,1970,,,616.282248304898,
LCN,1971,,,670.81819746698,
LCN,1972,,,736.596933520759,
LCN,1973,,,956.596604012625,
LCN,1974,,,1210.2875133117,
LCN,1975,,,1239.54020223487,
LCN,1976,,,1328.45565107,
LCN,1977,,,1426.21061591747,
LCN,1978,,,1668.77653940299,
LCN,1979,,,1830.95351268298,
LCN,1980,,,2177.72885550078,
LCN,1981,,,2434.06469447761,
LCN,1982,,,2191.99176179976,
LCN,1983,,,1893.26387904857,
LCN,1984,,,1950.31316641886,
LCN,1985,,,1888.88682742982,
LCN,1986,,,1874.46810480242,
LCN,1987,,,1972.15072096827,
LCN,1988,,,2121.45481028863,
LCN,1989,,,2298.34871040257,
LCN,1990,,,2498.3093493781,
LCN,1991,6.30995748550306,,2648.10158385713,
LCN,1992,6.30385369925644,,2841.12826756989,
LCN,1993,6.07134108681392,,3303.33661640606,
LCN,1994,6.67780065279213,,3793.9216892115,
LCN,1995,7.90486804676992,,4035.54735251588,
LCN,1996,8.29119463249977,,4294.36511838964,
LCN,1997,8.14011323257484,,4634.23732680623,
LCN,1998,8.48626182410088,,4618.20513526671,
LCN,1999,9.42701702915778,,4110.68199542748,22.5913906097412
LCN,2000,9.4445224692252,,4472.58411072464,23.8176708221436
LCN,2001,9.04975653454107,,4326.63992053347,25.2762908935547
LCN,2002,9.38790662648606,,3839.19614822294,27.1014404296875
LCN,2003,9.25661869657505,,3862.13749613595,28.6692295074463
LCN,2004,8.75018243421292,,4385.89830635252,30.1274299621582
LCN,2005,8.23739951394743,16.6,5229.89898576251,31.8272495269775
LCN,2006,7.61413600233204,20.7,6047.73392908046,38.6138916015625
LCN,2007,7.22630490484512,23.7,7035.79956287181,36.3547286987305
LCN,2008,6.83921032197309,26.4,8077.96531899755,39.265079498291
LCN,2009,7.81478715032184,31.0,7495.05965615866,40.250301361084
LCN,2010,7.21826756521545,34.6,9183.55248272126,41.7594985961914
LCN,2011,6.71534566285068,39.3,10334.0365238871,43.2492713928223
LCN,2012,6.42118292240463,43.0,10328.6495660788,44.429859161377
LCN,2013,6.37856594564285,46.1,10305.4184021496,45.4711112976074
LCN,2014,6.18310613899892,48.7,10146.146495038,47.1078109741211
LCN,2015,6.67695891386519,54.4,8546.9179023802,48.3956489562988
LCN,2016,7.73682468877475,57.5,8241.51169070648,50.3843383789062
LCN,2017,8.02820612705932,60.2,9065.82390216762,51.7569198608398
LCN,2018,7.93331984460849,63.5,8778.55673829884,52.4460487365723
LCN,2019,8.00061467672947,67.8,8539.95940708219,53.3577194213867
LCN,2020,10.214072797585,73.8,7169.39235876452,54.8686599731445
LCN,2021,9.14468412313157,75.8,8292.15210222359,56.7638816833496
LCN,2022,6.93153207639263,77.1,9412.05924553392,58.2350807189941
LCN,2023,6.19254754786298,80.0,10507.6138782353,60.6225090026855
LCN,2024,5.86943289832019,81.7,10705.1067802788,58.9027099609375
LCN,2025,5.45907691012021,83.7,11095.2176548294,
LDC,1960,,,114.605323272093,
LDC,1961,,,116.997843226282,
LDC,1962,,,123.632711503687,
LDC,1963,,,138.563145455916,
LDC,1964,,,122.69210467338,
LDC,1965,,,134.599122961223,
LDC,1966,,,143.017770435106,
LDC,1967,,,141.691989744899,
LDC,1968,,,147.363964508368,
LDC,1969,,,158.848410280512,
LDC,1970,,,149.895641995657,1.63674998283386
LDC,1971,,,153.861229649558,1.61193001270294
LDC,1972,,,155.405071532939,1.70150995254517
LDC,1973,,,184.237256343317,1.68007004261017
LDC,1974,,,223.517287490178,1.73907005786896
LDC,1975,,,262.478610232322,1.7058299779892
LDC,1976,,,236.036509098143,1.65555000305176
LDC,1977,,,253.736842257577,1.80649995803833
LDC,1978,,,291.319025049249,1.83456003665924
LDC,1979,,,311.056417773023,2.10871005058289
LDC,1980,,,336.855325735765,2.19651007652283
LDC,1981,,,336.85693074901,2.24749994277954
LDC,1982,,,331.824481969528,2.42261004447937
LDC,1983,,,319.024909088276,2.62053990364075
LDC,1984,,,315.583325090303,2.73060011863708
LDC,1985,,,335.835759424172,2.79086995124817
LDC,1986,,,284.998178528197,2.82793998718262
LDC,1987,,,295.36954701283,2.84872007369995
LDC,1988,,,316.12797408634,2.66613006591797
LDC,1989,,,330.835393222728,2.67232990264893
LDC,1990,,,370.954181294574,2.76378011703491
LDC,1991,4.54804656662586,,392.291938916016,2.82580995559692
LDC,1992,4.60773579214704,,302.272140277671,2.80761003494263
LDC,1993,4.62748511493303,,304.198341423041,2.92497992515564
LDC,1994,4.60128459329896,,290.352446525595,2.90509009361267
LDC,1995,4.49969126881535,,290.053130894973,2.91950011253357
LDC,1996,4.46841497543362,,298.077112381066,3.00693011283875
LDC,1997,4.46179286285131,,302.953511426786,3.07293009757996
LDC,1998,4.54336018416755,,299.817612566461,3.19510006904602
LDC,1999,4.64071146154898,,300.944574802293,3.40175008773804
LDC,2000,4.69058823718314,,333.541041289596,3.65261006355286
LDC,2001,4.72380835168631,,314.11849513558,4.12803983688354
LDC,2002,4.81408543577446,,338.101121320549,4.23750019073486
LDC,2003,4.88937432863617,,373.857895132539,4.41347980499268
LDC,2004,4.84650569132879,,420.034056451314,4.49539995193481
LDC,2005,4.78646677820371,0.7,487.477531865706,4.85500001907349
LDC,2006,4.66764776059219,1.0,552.997930938455,5.29082012176514
LDC,2007,4.72894569655668,1.8,648.873362581636,5.69760990142822
LDC,2008,4.78702697123613,2.2,778.954486616236,6.30137014389038
LDC,2009,4.8829128853627,2.6,751.965080386192,7.15224981307983
LDC,2010,4.75811575185378,3.3,831.843840698341,7.9300799369812
LDC,2011,4.85771679502528,4.0,925.476117160599,8.46016979217529
LDC,2012,4.84635217073716,4.8,947.852167260893,8.69954013824463
LDC,2013,4.78988464462384,6.0,1007.4142967268,8.92932033538818
LDC,2014,4.74956834449145,8.2,1056.97673052647,9.0360803604126
LDC,2015,4.8279816293117,10.7,983.414934367096,9.34146976470947
LDC,2016,4.89297336347609,13.8,968.123330592586,9.60595035552979
LDC,2017,4.95341590091408,16.2,1037.25514816682,9.68212985992432
LDC,2018,4.87754288880162,19.5,1082.35070462921,10.154990196228
LDC,2019,4.87497607678154,21.2,1106.28664072321,10.6823301315308
LDC,2020,5.60086950090988,24.1,1089.46260850363,10.5179395675659
LDC,2021,5.73711716533604,26.1,1175.42321388464,10.6617698669434
LDC,2022,5.05335918611166,28.2,1298.29338219278,10.8424100875854
LDC,2023,4.70150733081641,29.9,1258.15690309732,11.1316499710083
LDC,2024,4.63280465033072,31.4,1299.44368873396,11.0492496490478
LDC,2025,4.66754018615311,33.7,1361.99182021439,
LIE,1970,,,4262.03220640334,
LIE,1971,,,4856.0090432336,
LIE,1972,,,5645.23266418851,
LIE,1973,,,7282.37355960148,
LIE,1974,,,8271.73531542796,
LIE,1975,,,10332.5128681378,
LIE,1976,,,11326.3488431219,
LIE,1977,,,12416.8693020523,
LIE,1978,,,17456.9309487089,
LIE,1979,,,19674.4126839447,
LIE,1980,,,20958.7395302666,
LIE,1981,,,19929.4102802351,
LIE,1982,,,19885.6126562976,
LIE,1983,,,19814.8538489961,
LIE,1984,,,18898.3678693391,
LIE,1985,,,19684.2626852288,
LIE,1986,,,28612.8865004795,
LIE,1987,,,38206.2269467289,
LIE,1988,,,41568.5441182755,
LIE,1989,,,39551.6404002324,
LIE,1990,,0.0,49457.5609343203,
LIE,1991,,,50811.7464531317,
LIE,1992,,,55057.1110625654,
LIE,1993,,,55604.5479972049,
LIE,1994,,,63935.9902445462,
LIE,1995,,,78909.7043377718,
LIE,1996,,,80688.7182490376,
LIE,1997,,,73590.8620289713,
LIE,1998,,,78302.9905905848,
LIE,1999,,,82682.284882177,
LIE,2000,,36.5152298938015,76087.911114202,
LIE,2001,,45.1168526483592,75067.8001680043,
LIE,2002,,59.4707106749926,79795.1785891101,
LIE,2003,,58.8096918372148,90108.3673647008,20.7547206878662
LIE,2004,,64.0074481394199,100280.831356705,24.6068496704102
LIE,2005,,63.37139893,105295.057027611,24.4774703979492
LIE,2006,,64.21420288,114167.939211301,29.81715965271
LIE,2007,,65.0802002,130492.595349517,31.5962390899658
LIE,2008,,70.0,143249.227302093,36.7309494018555
LIE,2009,,75.0,126024.714567466,34.4922218322754
LIE,2010,,80.0,141089.812849014,36.018310546875
LIE,2011,,85.0,158066.369379163,43.6750984191895
LIE,2012,,89.40769958,148842.035144342,42.4966812133789
LIE,2013,,93.80000305,172823.607794648,
LIE,2014,,95.20999908,178735.153020908,37.4887084960938
LIE,2015,,96.6411972,167187.15730982,33.5420417785645
LIE,2016,,98.09390259,165375.491396259,35.0226211547852
LIE,2017,,99.54660034,170547.092298954,35.6219291687012
LIE,2018,,,174988.775083446,38.3002700805664
LIE,2019,,93.14610291,166907.839305016,41.1658401489258
LIE,2020,,94.34999847,164671.093553454,42.5986099243164
LIE,2021,,95.56939697,201944.830335076,46.0189590454102
LIE,2022,,97.88069916,188055.003235348,
LIE,2023,,98.13230133,206780.590353385,
LIE,2024,,98.2641983,220167.225473557,
LKA,1960,,,145.928701305768,
LKA,1961,,,145.900945139998,
LKA,1962,,,141.383197837884,
LKA,1963,,,119.352332353465,
LKA,1964,,,122.941808998544,
LKA,1965,,,155.566984755479,
LKA,1966,,,156.606032177183,
LKA,1967,,,162.294823066611,
LKA,1968,,,153.48764748655,
LKA,1969,,,163.60657987529,
LKA,1970,,,186.900791824546,1.05988001823425
LKA,1971,,,188.760802167739,1.19071996212006
LKA,1972,,,199.38289288123,
LKA,1973,,,220.170239208337,1.14608001708984
LKA,1974,,,268.650905004753,1.1538599729538
LKA,1975,,,279.82158260032,1.19476997852325
LKA,1976,,,260.301495010261,
LKA,1977,,,292.148992496788,1.22844004631043
LKA,1978,,,190.996464636951,1.24626004695892
LKA,1979,,,230.775069370251,2.90393996238708
LKA,1980,,,271.055290073685,
LKA,1981,,,292.45135975768,2.93468999862671
LKA,1982,,,311.957878889278,3.75755000114441
LKA,1983,,,335.823151714647,4.16412019729614
LKA,1984,,,391.369617569858,4.30904006958008
LKA,1985,,,384.611537689196,3.89485001564026
LKA,1986,,,407.164600454213,3.96415996551514
LKA,1987,,,419.824409443665,
LKA,1988,,,434.015552780537,
LKA,1989,,,430.02388973818,
LKA,1990,,0.0,491.213686238493,
LKA,1991,14.661,,546.292515570886,
LKA,1992,14.22,,579.655117618283,
LKA,1993,13.82,,607.231847102846,
LKA,1994,13.03,0.00277,678.268012020205,4.75038003921509
LKA,1995,12.27,0.00548,741.838255293455,
LKA,1996,11.35,0.0545,776.192371057587,
LKA,1997,10.6,0.162,827.035756058631,
LKA,1998,9.17,0.296,847.533577843861,
LKA,1999,8.88,0.348,829.356379527539,
LKA,2000,7.74,0.647410010940963,860.199884304769,
LKA,2001,7.9,0.793821864362622,803.544026627385,
LKA,2002,8.76,1.05042270585318,834.936014905338,
LKA,2003,8.22,1.45858022842408,946.382255128072,
LKA,2004,8.38,1.44615998041486,1028.62068132555,
LKA,2005,7.67,1.792000055,1207.21994764165,
LKA,2006,6.5,2.53756612897332,1388.89739119932,
LKA,2007,5.97,3.88,1578.63451125392,
LKA,2008,5.22,4.824500084,1973.58476901287,
LKA,2009,5.85,5.868500233,2026.65939950702,
LKA,2010,4.784,6.912399769,2808.36245207687,15.8440563450578
LKA,2011,4.118,7.956399918,3224.95745082305,14.6727189156336
LKA,2012,3.88,9.00039959,3327.77612404326,16.322805343317
LKA,2013,4.186,10.04440022,3739.43182292825,17.7655041707891
LKA,2014,4.157,10.5000026214106,3972.04377042271,17.8701919678234
LKA,2015,4.519,15.26249981,4057.71582716521,18.1726459197686
LKA,2016,4.242,22.19,4149.19189391879,17.1510485178135
LKA,2017,4.046,25.07550049,4398.88828786059,17.1941300290821
LKA,2018,4.318,28.33620071,4358.56095905888,17.8869756778112
LKA,2019,4.67,32.02090073,4081.94772178134,19.4563160693078
LKA,2020,5.364,36.18473435,3847.60136741182,20.1614879343022
LKA,2021,4.981,44.45308724,3996.96240531688,20.7824292013914
LKA,2022,4.528,48.3,3342.63650438046,22.3679922774735
LKA,2023,4.528,51.2,3815.41531767474,20.7412633848006
LKA,2024,4.239,54.59,4545.36006870612,
LKA,2025,4.005,,5002.07904353724,
LMY,1960,,,130.445726150185,
LMY,1961,,,130.466129959941,
LMY,1962,,,130.241264537201,
LMY,1963,,,140.737786193714,
LMY,1964,,,152.571318162911,
LMY,1965,,,164.100746392231,
LMY,1966,,,166.051239642797,
LMY,1967,,,166.42115872292,
LMY,1968,,,172.201909201443,
LMY,1969,,,187.436303901688,
LMY,1970,,,199.600168713001,8.80035972595215
LMY,1971,,,209.600231521514,4.80055999755859
LMY,1972,,,229.60966062126,6.95523977279663
LMY,1973,,,285.438380753686,5.59647989273071
LMY,1974,,,356.497839028839,7.38233995437622
LMY,1975,,,385.028205713154,7.42683982849121
LMY,1976,,,406.15178384792,5.86932992935181
LMY,1977,,,446.932337212771,6.151780128479
LMY,1978,,,485.638951276794,6.33541011810303
LMY,1979,,,552.117618376588,6.64393997192383
LMY,1980,,,639.296337624093,6.96373987197876
LMY,1981,,,700.992891872221,7.22138023376465
LMY,1982,,,677.138453556191,7.28132009506226
LMY,1983,,,642.997932468269,7.38095998764038
LMY,1984,,,643.837202725843,8.91571044921875
LMY,1985,,,654.902415424914,9.11038017272949
LMY,1986,,,654.069666681158,7.76782989501953
LMY,1987,,,657.037222237304,8.3397102355957
LMY,1988,,,688.773785699482,7.86077976226807
LMY,1989,,,717.898021418917,8.21374988555908
LMY,1990,,,806.156402212642,8.02661037445068
LMY,1991,4.64961574191654,,771.06850884093,8.31497001647949
LMY,1992,4.70736948474443,,794.124390582735,9.54493999481201
LMY,1993,4.88809600890194,,841.852362946097,9.27371025085449
LMY,1994,5.13860302652086,,924.731785794211,9.92378044128418
LMY,1995,5.3751051711057,,1055.30366355064,10.3202295303345
LMY,1996,5.46029557811034,,1148.1225434349,9.90573978424072
LMY,1997,5.5008309341595,,1200.56241483523,11.7060899734497
LMY,1998,5.67905337092445,,1160.8360989041,11.8792400360107
LMY,1999,5.86810693270968,,1101.63338383235,12.4727802276611
LMY,2000,5.85095700176626,,1181.58700856793,13.0773096084595
LMY,2001,5.99852495062941,,1166.62849081531,13.8656902313232
LMY,2002,6.19417254239003,,1165.81880007426,14.9703702926636
LMY,2003,6.25409528839094,,1282.06751065817,16.0999202728271
LMY,2004,6.12111625915839,,1485.19021783787,17.0338306427002
LMY,2005,6.07307040352156,,1731.57858565204,17.8279209136963
LMY,2006,5.88469145974764,,2012.45292596824,19.3010101318359
LMY,2007,5.79597099801048,,2438.533897181,19.9281501770019
LMY,2008,5.7950809136433,,2864.71513254652,21.0461902618408
LMY,2009,5.97569476954537,,2835.65326081723,21.9846591949463
LMY,2010,5.77935702058715,,3399.2509126603,23.3099193572998
LMY,2011,5.71399266887495,,3921.45366982115,24.9900798797607
LMY,2012,5.74186303825936,,4118.30612372108,26.2386302947998
LMY,2013,5.7005501665021,,4290.6132325261,27.0639896392822
LMY,2014,5.67803935391165,,4422.77737437186,29.786039352417
LMY,2015,5.85653298559457,,4223.77742891002,30.9507808685303
LMY,2016,5.93516153167366,,4211.54702250163,31.5065193176269
LMY,2017,5.97968341182999,,4543.08689291431,31.9152908325195
LMY,2018,5.93231543498439,,4773.03574184686,32.3189010620117
LMY,2019,5.79766416170734,,4857.12471542798,33.1788482666016
LMY,2020,6.61993043653694,,4646.47209072865,34.3418502807617
LMY,2021,6.16482463440876,,5422.11312035073,35.8265914916992
LMY,2022,5.41429545248604,,5626.6962378216,37.0190887451172
LMY,2023,4.97693562706687,,5733.51584469729,38.2484283447266
LMY,2024,4.91415352193048,,5874.03080372303,38.7901611328125
LMY,2025,4.88528914450382,,6107.26169428605,
LSO,1960,,,46.9517802688466,
LSO,1961,,,47.0464636332084,
LSO,1962,,,53.5421254364935,
LSO,1963,,,58.4076957931387,
LSO,1964,,,62.6207647163176,
LSO,1965,,,64.255497720391,
LSO,1966,,,64.2951651830872,
LSO,1967,,,64.8393253862871,
LSO,1968,,,64.809251529746,
LSO,1969,,,67.0950360280091,
LSO,1970,,,67.4401975761263,0.492740005254745
LSO,1971,,,72.4076446248424,0.407979995012283
LSO,1972,,,73.9566189783241,0.365700006484985
LSO,1973,,,106.991292251913,0.488029986619949
LSO,1974,,,128.666618214693,0.550400018692017
LSO,1975,,,123.231375218727,0.487630009651184
LSO,1976,,,117.825077692245,0.619019985198975
LSO,1977,,,149.860460251124,0.790390014648438
LSO,1978,,,200.845413521682,0.858060002326965
LSO,1979,,,212.370938385373,0.970470011234283
LSO,1980,,,306.815565970065,0.888140022754669
LSO,1981,,,299.839326847018,0.96135002374649
LSO,1982,,,233.939892397725,0.997349977493286
LSO,1983,,,252.017748063376,1.00220000743866
LSO,1984,,,210.998495414288,0.941240012645721
LSO,1985,,,165.373921882027,1.18792998790741
LSO,1986,,,191.375758184053,1.22450995445252
LSO,1987,,,236.451032636079,1.37178003787994
LSO,1988,,,270.36712009929,1.47160995006561
LSO,1989,,,279.035252539421,1.44327998161316
LSO,1990,,0.0,329.563785157203,1.20950996875763
LSO,1991,15.495,,382.291247739142,1.24198997020721
LSO,1992,15.448,,443.624297195576,2.1456298828125
LSO,1993,15.568,,439.365410681482,2.27322006225586
LSO,1994,15.62,,455.593586203956,2.42086005210877
LSO,1995,15.797,,513.413448796175,2.36249995231628
LSO,1996,15.709,0.00285,479.671394625707,2.40869998931885
LSO,1997,15.822,0.00558,501.981388900965,
LSO,1998,15.913,0.011,464.683745548265,
LSO,1999,16.167,0.0538,455.650054387377,1.93276000022888
LSO,2000,16.169,0.211806070361977,442.779545779081,2.08551001548767
LSO,2001,16.081,0.261150063093855,412.677473676821,2.27312994003296
LSO,2002,16.079,1.08394313737534,388.92334985135,2.2450098991394
LSO,2003,16.056,1.53249659019509,583.270036200288,2.70279002189636
LSO,2004,16.154,2.17552433931097,766.685820928242,
LSO,2005,16.031,2.580199957,861.381496414995,3.44801998138428
LSO,2006,16.054,2.97970818724486,925.467485502842,3.67536997795105
LSO,2007,15.942,3.44543125970873,861.188420899563,
LSO,2008,15.851,3.58,898.482517882593,
LSO,2009,16.115,3.72,878.847950537772,
LSO,2010,16.068,3.859999895,1119.47557793042,
LSO,2011,16.115,7.0,1280.73390931581,
LSO,2012,15.761,10.0,1217.93071228944,10.8528418132462
LSO,2013,15.926,15.0,1151.03735837227,10.4558385996916
LSO,2014,16.066,22.0,1173.5377928819,10.4168970963646
LSO,2015,16.223,25.0,1121.19851342518,9.72517754374624
LSO,2016,16.138,32.4538569477365,992.491840678465,
LSO,2017,16.379,39.0,1069.36673247542,10.3130654092878
LSO,2018,16.614,40.79999924,1170.65569702819,9.93844298033582
LSO,2019,16.876,42.301733569273,1082.05706777516,
LSO,2020,18.385,43.65750122,918.582574704447,
LSO,2021,18.214,45.05670166,1066.58645143823,
LSO,2022,16.623,48.06959915,1030.12582947757,
LSO,2023,16.348,48.98590088,921.435141557056,
LSO,2024,16.34,51.79660034,1023.04227681523,
LSO,2025,16.315,,1088.96276223185,
LTE,1960,,,168.323707428564,
LTE,1961,,,156.146682194533,
LTE,1962,,,157.031326239272,
LTE,1963,,,167.434426139905,
LTE,1964,,,179.619703898045,
LTE,1965,,,196.895582225193,
LTE,1966,,,214.103604689147,
LTE,1967,,,210.323395626906,
LTE,1968,,,209.15347109733,
LTE,1969,,,227.738636825374,
LTE,1970,,,252.968920601534,8.77587985992432
LTE,1971,,,274.911999787032,6.12052011489868
LTE,1972,,,309.627169079448,6.17184019088745
LTE,1973,,,394.050619218148,6.28271007537842
LTE,1974,,,464.457427454189,6.54320001602173
LTE,1975,,,503.969476455644,6.89207983016968
LTE,1976,,,534.778655672375,7.36766004562378
LTE,1977,,,611.262213859799,7.5762300491333
LTE,1978,,,626.874709146104,7.71150016784668
LTE,1979,,,735.599273281876,8.36326026916504
LTE,1980,,,831.839452779223,8.93488025665283
LTE,1981,,,859.656279454842,9.32742023468018
LTE,1982,,,854.111467346759,9.04605960845947
LTE,1983,,,779.02367754234,8.70643043518066
LTE,1984,,,801.809907520868,11.5246095657349
LTE,1985,,,854.182675514425,11.1134901046753
LTE,1986,,,894.265931224779,8.39546966552734
LTE,1987,,,929.691895988642,9.18723011016846
LTE,1988,,,998.906795985413,8.52429008483887
LTE,1989,,,1049.34686889866,9.14400959014893
LTE,1990,,,1067.64969437387,8.55105972290039
LTE,1991,3.66023223286086,,1059.6882498038,8.89568996429443
LTE,1992,3.67499973475162,,1067.83962817928,8.91987991333008
LTE,1993,3.88855373414191,,1099.45841793046,8.56987953186035
LTE,1994,4.30063275796876,,1262.70484955784,9.90587997436523
LTE,1995,4.47531718027035,,1548.57473266806,13.2426204681397
LTE,1996,4.67637018700231,,1691.02600024159,11.2503595352173
LTE,1997,4.94668708418151,,1754.32009008299,15.5510902404785
LTE,1998,5.21710249367688,,1675.38148049528,13.6268196105957
LTE,1999,5.4707305770275,,1535.05536307576,14.7308702468872
LTE,2000,5.29485034456226,,1673.00080694053,16.1450004577637
LTE,2001,5.47907914783063,,1717.76267736624,18.0309791564941
LTE,2002,5.66563235164984,,1809.49031464168,20.4317893981934
LTE,2003,5.90243541524635,,2048.6554132749,22.8418598175049
LTE,2004,5.70845578270121,,2447.19375720562,24.6795501708984
LTE,2005,5.63125210477498,,2933.48126780409,26.4337997436523
LTE,2006,5.38097826380605,,3519.25786036637,29.2601299285889
LTE,2007,5.11709007503548,,4409.30545340337,29.1174507141113
LTE,2008,5.14867990448764,,5453.26292482574,29.939790725708
LTE,2009,5.57785428299668,,5245.34288910066,30.9654293060303
LTE,2010,5.25181815855478,,6277.14833950582,32.7734413146973
LTE,2011,5.11922021804218,,7598.75700554996,34.3755798339844
LTE,2012,5.02938218164513,,8073.2092545931,36.1907615661621
LTE,2013,5.01097351607565,,8644.25759929064,38.6981582641602
LTE,2014,4.93887259586478,,8923.25719295961,46.0270004272461
LTE,2015,5.11139944235291,,8331.63288950883,48.2025108337402
LTE,2016,5.2806539060794,,8297.33628667142,49.5272407531738
LTE,2017,5.27038544833334,,9138.44151395876,50.7083702087402
LTE,2018,5.05006029808032,,9966.8758096194,52.2510185241699
LTE,2019,5.19591640696366,,10120.4663725773,54.3362693786621
LTE,2020,5.93153762506637,,9874.06805462328,57.8864784240723
LTE,2021,5.50538471355182,,11760.0897155889,61.8659400939941
LTE,2022,5.19342173354142,,12287.4566066286,65.5056533813477
LTE,2023,4.795456897897,,12427.24971376,68.1330413818359
LTE,2024,4.59750117083053,,12874.6436381177,69.3638916015625
LTE,2025,4.49833547120506,,13677.3231696707,
LTU,1990,,0.0,,
LTU,1991,1.1,,,
LTU,1992,1.2,,,
LTU,1993,13.8,,,
LTU,1994,13.8,,,
LTU,1995,17.54,,2182.69156931505,
LTU,1996,16.4,0.277,2340.67545970008,
LTU,1997,14.13,0.978,2844.16286797492,
LTU,1998,13.711,1.97,3180.64498555255,
LTU,1999,13.388,2.92,3127.51176667183,
LTU,2000,15.931,6.42706749477765,3300.63634928559,
LTU,2001,16.84,7.17935699381369,3532.52787363242,57.3476104736328
LTU,2002,13.008,17.69,4148.13091485015,63.0700798034668
LTU,2003,12.874,25.91,5507.47434187652,69.6304168701172
LTU,2004,10.684,31.23,6734.57487061946,74.9013824462891
LTU,2005,8.325,36.22,7857.03148786492,79.7298126220703
LTU,2006,5.78,43.9,9210.10118229413,82.4531784057617
LTU,2007,4.25,49.9,12295.1212779366,82.5158309936523
LTU,2008,5.826,55.22,14955.5345462921,85.7450866699219
LTU,2009,13.785,59.76,11854.3711053096,89.2521667480469
LTU,2010,17.814,62.12,11829.122609457,86.5725708007812
LTU,2011,15.39,63.6399774002179,14261.8433787325,84.0555877685547
LTU,2012,13.365,67.2299893276414,14288.1853493139,79.7516326904297
LTU,2013,11.77,68.4529,15636.5252586048,74.3968200683594
LTU,2014,10.698,72.1335378644566,16446.1647181663,72.034538269043
LTU,2015,9.12,71.3780590101754,14269.8039878287,72.1163330078125
LTU,2016,7.862,74.3766455618662,14934.2702840428,74.0858306884766
LTU,2017,7.073,77.6152565124514,16800.1510246099,76.5389785766602
LTU,2018,6.147,79.7225827680518,19247.2315367967,77.3577728271484
LTU,2019,6.255,81.5818683764046,19608.7943945553,75.0942306518555
LTU,2020,8.487,83.05554724,20428.6478157394,73.5892868041992
LTU,2021,7.112,86.93054425,23882.8668916753,75.0314712524414
LTU,2022,5.955,87.72420219,24946.5724005188,76.9154586791992
LTU,2023,6.841,88.50287484,27983.3658256887,77.0064163208008
LTU,2024,6.851,89.16116293,29603.7772588256,75.6177368164062
LTU,2025,6.731,,32958.6706396386,
LUX,1960,,,2261.17741836594,
LUX,1961,,,2241.36003221423,
LUX,1962,,,2331.55685801925,
LUX,1963,,,2461.90112384487,
LUX,1964,,,2779.18439746326,
LUX,1965,,,2803.85304611765,
LUX,1966,,,2925.22204723477,
LUX,1967,,,2934.52832111007,
LUX,1968,,,3202.50594852825,
LUX,1969,,,3690.17182620062,
LUX,1970,,,4298.03389742102,
LUX,1971,,,4435.39800823681,
LUX,1972,,,5486.72062789089,
LUX,1973,,,7447.21301786664,
LUX,1974,,,8966.72895879047,
LUX,1975,,,8701.30473139249,
LUX,1976,,,9490.6903118849,
LUX,1977,,,10486.3357891095,
LUX,1978,,,13034.3882079614,
LUX,1979,,,15204.3308191994,
LUX,1980,,,16531.1148988397,
LUX,1981,,,13837.1299814617,
LUX,1982,,,12590.9767956204,
LUX,1983,,,12374.0304234408,
LUX,1984,,,12126.9391987909,
LUX,1985,,,12481.9658448559,
LUX,1986,,,18149.8692500239,
LUX,1987,,,22443.4314633012,
LUX,1988,,,25219.3542781732,
LUX,1989,,,26618.0695774968,
LUX,1990,,0.0,33465.478207919,
LUX,1991,1.482,,35747.3377992066,
LUX,1992,2.029,0.153,39570.8615665986,
LUX,1993,2.33,0.302,40066.7242518773,
LUX,1994,3.479,0.496,43933.235442736,
LUX,1995,2.918,1.59,51032.349635318,
LUX,1996,3.286,5.55,50444.3591236175,
LUX,1997,2.527,7.14,46641.6408754876,
LUX,1998,2.763,11.7,47445.3863148198,
LUX,1999,2.39,17.4,50872.4492684624,
LUX,2000,2.345,22.8873279731211,48659.6390968187,
LUX,2001,1.805,36.163422506306,48440.1805564662,9.9181604385376
LUX,2002,2.621,39.84,53005.731801629,11.6310997009277
LUX,2003,3.675,54.55,65689.3214536911,12.0609903335571
LUX,2004,5.113,65.88,76544.9170868473,
LUX,2005,4.488,70.0,80988.2044869403,
LUX,2006,4.731,72.51,90788.8164271049,9.85431003570557
LUX,2007,4.065,78.92,107475.320297978,
LUX,2008,5.06,82.23,120422.137934157,10.6716299057007
LUX,2009,5.194,87.31,109419.746953106,
LUX,2010,4.423,90.62,110885.991378721,18.2021293640137
LUX,2011,5.122,90.0298585646936,119025.057203467,
LUX,2012,5.03,91.9499237417387,112584.676270958,19.117790222168
LUX,2013,6.045,93.7765,120000.140729859,
LUX,2014,6.044,94.6702052774766,123678.706919314,
LUX,2015,6.796,96.3767141704759,105462.012584423,20.2907104492188
LUX,2016,6.669,98.1366986657616,106899.293549552,19.9203605651856
LUX,2017,5.523,97.3629603241751,110193.213797228,19.5990200042725
LUX,2018,5.589,97.061298705829,116926.759593905,19.3915195465088
LUX,2019,5.592,97.120635693272,112696.649059674,19.3969497680664
LUX,2020,6.766,98.45962893,116860.02817236,19.961389541626
LUX,2021,5.571,98.66086333,134965.815442152,20.7341499328613
LUX,2022,4.588,98.24203749,123719.658915996,21.032600402832
LUX,2023,5.184,99.34785707,133230.619178899,21.5371704101562
LUX,2024,6.4,98.7606147,137781.681659123,22.4103698730469
LUX,2025,6.343,99.12902211,147252.179121515,
LVA,1990,,0.0,,
LVA,1991,2.7,,,
LVA,1992,6.6,,,
LVA,1993,16.7,,,
LVA,1994,18.7,,,
LVA,1995,19.0,,2256.77360387054,
LVA,1996,20.7,0.813,2360.1714816213,
LVA,1997,14.9,2.05,2609.89308697195,
LVA,1998,14.454,3.32,2893.79998716563,
LVA,1999,13.79,4.39,3063.89794599707,
LVA,2000,14.211,6.31906208267861,3278.17896440803,
LVA,2001,13.821,7.21934580836289,3504.61829462397,63.4917602539062
LVA,2002,13.829,21.94,4003.60935783538,67.8093032836914
LVA,2003,12.061,26.98,4914.57992829302,71.0342407226562
LVA,2004,11.708,38.58,6109.73265186817,74.6085586547852
LVA,2005,10.033,46.0,7283.78738127622,75.4191970825195
LVA,2006,7.03,53.63,9211.7374468148,74.5965118408203
LVA,2007,6.052,59.17,13370.9789452508,73.0432968139648
LVA,2008,7.739,63.41,15677.6080864506,72.3635406494141
LVA,2009,17.515,66.84,11996.0322729773,73.0548934936523
LVA,2010,19.482,68.42,11188.4191700977,69.0510406494141
LVA,2011,16.206,69.7499545592245,12902.574053337,67.9534683227539
LVA,2012,15.047,73.1199437663748,13329.3499931271,66.6435470581055
LVA,2013,11.867,75.2344,14484.4715282132,69.0765991210938
LVA,2014,10.846,75.8261041383556,15185.814581236,70.8979415893555
LVA,2015,9.873,79.2005829239344,13321.9753140616,74.2998809814453
LVA,2016,9.643,79.8420977843089,13838.5266823272,80.6048126220703
LVA,2017,8.715,80.1140770037369,15132.4958333982,88.0574264526367
LVA,2018,7.412,83.5771748630956,17252.1710428626,93.0244827270508
LVA,2019,6.312,86.13545644343,17294.9751600969,94.8645324707031
LVA,2020,8.098,88.89796078,17564.2321549354,94.5108337402344
LVA,2021,7.513,91.17964988,20261.8887788916,93.4839324951172
LVA,2022,6.815,91.03009059,20221.103686109,91.3303680419922
LVA,2023,6.465,92.18791291,22710.2637544197,85.7360610961914
LVA,2024,6.9,92.70757011,23578.9663562625,82.917350769043
LVA,2025,6.568,,26311.9730706362,
MAC,1982,,,4486.541208636,
MAC,1983,,,4207.25300817099,
MAC,1984,,,4611.49497355573,
MAC,1985,,,4701.66434223387,
MAC,1986,,,5175.15646068506,
MAC,1987,,,6380.07114016362,
MAC,1988,,,7242.91715984991,
MAC,1989,,,8322.56380195863,
MAC,1990,,0.0,9692.43538809962,
MAC,1991,3.01,,10707.3786750774,
MAC,1992,2.196,,13249.8387410349,
MAC,1993,2.057,,14754.1825906333,
MAC,1994,2.48,0.037,15905.2615421482,
MAC,1995,3.581,0.28,17215.1178522275,
MAC,1996,4.261,0.727,17289.5517956917,
MAC,1997,3.225,2.36,17415.6982810978,
MAC,1998,4.607,7.0,16094.9913844594,
MAC,1999,6.34,9.21,15318.6006770368,
MAC,2000,6.874,13.6085897418451,15731.4081633771,
MAC,2001,6.371,22.5212167700561,15810.7227666562,50.4305801391602
MAC,2002,6.278,25.1718801643395,16814.9926424134,66.0375518798828
MAC,2003,5.995,25.7421239826498,18589.8998330534,80.2272033691406
MAC,2004,4.904,31.4840973824121,23407.1993692194,69.0725402832031
MAC,2005,4.158,34.86289978,25681.2167315221,57.060718536377
MAC,2006,3.822,46.4,29813.7877167933,49.7756004333496
MAC,2007,3.269,47.32699966,35400.2334659409,46.4321784973145
MAC,2008,2.999,49.24,38888.5118044503,48.17041015625
MAC,2009,3.58,54.0,40354.2810293673,56.2147483825684
MAC,2010,2.84,55.198,52596.2250160214,63.4042461657596
MAC,2011,2.56,60.2036967182195,67046.7284292101,70.3462105845473
MAC,2012,1.97,61.31,76058.0224963659,53.9347408829175
MAC,2013,1.82,65.8,87107.8313063626,61.8619153674833
MAC,2014,1.67,69.7809492200465,88355.3181764446,69.2981220657277
MAC,2015,1.81,77.6001318608868,69902.9605741233,76.1658415841584
MAC,2016,1.939,81.6429854646415,68911.6755919628,79.925
MAC,2017,1.981,83.1740890688259,77570.9876166977,81.2655086848635
MAC,2018,1.803,83.7940896091516,83588.2875009014,76.7935034802784
MAC,2019,1.73,86.4679257062588,81882.6964523869,80.0911214953271
MAC,2020,2.542,87.46230316,36883.6652578543,86.7956730769231
MAC,2021,2.221,88.46810492,44884.8961602393,98.9696202531646
MAC,2022,2.446,89.48549652,36806.891255461,116.232189973615
MAC,2023,2.206,89.82640076,67216.3631112124,129.151041666667
MAC,2024,2.262,89.82640076,72004.7437020733,141.864795918367
MAC,2025,2.347,,75901.7461294198,
MAF,2011,,,20930.5821177758,
MAF,2014,,,20638.7705882379,
MAF,2019,,,19033.0649634889,
MAF,2021,,,21668.3776525323,
MAR,1960,,,174.784133911133,
MAR,1961,,,169.318435668945,
MAR,1962,,,193.647811889648,
MAR,1963,,,210.635650634766,
MAR,1964,,,216.263046264648,
MAR,1965,,,221.967697143555,
MAR,1966,,,210.824432373047,
MAR,1967,,,217.304306030273,
MAR,1968,,,227.120864868164,
MAR,1969,,,246.799652099609,
MAR,1970,,,260.26513671875,
MAR,1971,,,279.167236328125,1.28501999378204
MAR,1972,,,317.074066162109,1.27804005146027
MAR,1973,,,380.527801513672,1.60415005683899
MAR,1974,,,456.592529296875,1.77578997611999
MAR,1975,,,521.838928222656,2.28598999977112
MAR,1976,,,543.368469238281,2.92934989929199
MAR,1977,,,610.750366210938,2.81332993507385
MAR,1978,,,712.879638671875,4.04607009887695
MAR,1979,,,834.812133789063,3.59034991264343
MAR,1980,,,1109.88220214844,
MAR,1981,,,884.443237304688,5.99503993988037
MAR,1982,,,856.569763183594,6.43935012817383
MAR,1983,,,766.529602050781,5.62166976928711
MAR,1984,,,681.909729003906,6.33792018890381
MAR,1985,,,673.2900390625,
MAR,1986,,,855.169311523438,8.16674041748047
MAR,1987,,,937.457153320313,8.55086040496826
MAR,1988,,,1086.03527832031,9.29786968231201
MAR,1989,,,1091.27624511719,9.93111991882324
MAR,1990,,0.0,1229.07104492188,10.6727600097656
MAR,1991,13.502,,1292.23376464844,10.5482597351074
MAR,1992,13.781,,1327.02954101563,10.2783403396606
MAR,1993,14.026,,1226.43054199219,10.6426095962524
MAR,1994,13.858,,1358.79443359375,10.7795495986938
MAR,1995,14.054,0.00371,1466.78820800781,11.2644500732422
MAR,1996,13.362,0.00568,1596.83239746094,
MAR,1997,14.025,0.0216,1426.30114746094,11.5530099868774
MAR,1998,13.359,0.142,1668.49755859375,9.10352039337158
MAR,1999,13.94,0.176,1635.65673828125,9.54483032226562
MAR,2000,13.58,0.693791244805455,1499.107421875,10.1461200714111
MAR,2001,12.46,1.37143810096418,1506.24523925781,10.5071296691894
MAR,2002,11.59,2.37325319241544,1596.02062988281,10.6168403625488
MAR,2003,11.92,3.35336668122363,1941.87255859375,11.0415000915527
MAR,2004,10.83,11.6079347729582,2183.55541992188,11.1358003616333
MAR,2005,11.01,15.0844445240204,2242.98828125,11.69873046875
MAR,2006,9.67,19.7711915653115,2438.12646484375,12.1653699874878
MAR,2007,9.56,21.5,2755.5859375,11.6039199829102
MAR,2008,9.57,33.1,3183.20043945313,12.6373701095581
MAR,2009,8.96,41.3,3119.58862304688,13.0986795425415
MAR,2010,9.09,52.0,3067.9853515625,13.9896441158412
MAR,2011,8.91,46.107482597,3301.98876953125,15.8539977340994
MAR,2012,8.99,55.4160531914894,3164.17724609375,19.0472282489073
MAR,2013,9.23,56.0,3379.7431640625,22.4068908691406
MAR,2014,9.7,56.7746379160074,3435.40698242188,25.3112415031422
MAR,2015,9.46,57.0799993486116,3146.24780273438,28.5519130573154
MAR,2016,9.3,58.271236420398,3140.85546875,32.0952579243239
MAR,2017,9.22,61.7622120123071,3296.52661132813,33.4735433090703
MAR,2018,9.272,64.8038651924043,3501.69799804688,35.319186358341
MAR,2019,9.191,84.1203630467602,3508.09765625,37.7212021382481
MAR,2020,11.189,84.12036305,3268.0302734375,39.6858047574445
MAR,2021,10.551,88.13031937,3785.93627929688,42.531967383806
MAR,2022,9.413,89.9,3463.1376953125,45.9400219155138
MAR,2023,8.896,91.0,3813.72607421875,47.4687039298036
MAR,2024,9.103,91.2,4153.1943359375,48.1839617510572
MAR,2025,9.0,,4672.46826171875,
MCO,1970,,,12098.2018753587,
MCO,1971,,,13334.3998386726,
MCO,1972,,,16187.4306500397,
MCO,1973,,,20882.02134665,
MCO,1974,,,22347.8999054501,
MCO,1975,,,27920.7436036735,
MCO,1976,,,28396.3794040315,
MCO,1977,,,30875.4764291964,
MCO,1978,,,37607.7886875432,
MCO,1979,,,44989.9653239249,
MCO,1980,,,50813.9342272643,
MCO,1981,,,44157.4267369518,
MCO,1982,,,41479.49844229,
MCO,1983,,,39075.8356409009,
MCO,1984,,,36582.3672009832,
MCO,1985,,,37689.8648613491,
MCO,1986,,,52082.4508807502,
MCO,1987,,,62456.0708848997,
MCO,1988,,,67180.5763713568,
MCO,1989,,,66815.7104498273,
MCO,1990,,0.0,81734.8664968011,
MCO,1991,,,80997.2520924871,
MCO,1992,,,88614.926367223,
MCO,1993,,,82685.4559266948,
MCO,1994,,,86703.8130529474,
MCO,1995,,,99032.2375054091,
MCO,1996,,,98561.0137425657,
MCO,1997,,,88581.7044683607,
MCO,1998,,,90947.2051224438,
MCO,1999,,,89698.1924366737,
MCO,2000,,42.1848634460346,81789.014508777,
MCO,2001,,46.6461423640265,82402.7746362391,
MCO,2002,,48.0471171729696,90051.4463079416,
MCO,2003,,49.4911689195459,111110.460463916,
MCO,2004,,52.4901966838546,125160.282928751,
MCO,2005,,55.46480179,130538.711379722,
MCO,2006,,61.47600174,143083.509443656,
MCO,2007,,64.37770081,184558.455423983,
MCO,2008,,67.25,204263.893236529,
MCO,2009,,70.1,169150.337647299,
MCO,2010,,75.0,161853.922745228,
MCO,2011,,80.30000305,179364.009524397,
MCO,2012,,87.0,165444.625782803,
MCO,2013,,90.69999695,184940.633666281,
MCO,2014,,92.40000153,195693.519540544,
MCO,2015,,93.36329651,170437.021128628,
MCO,2016,,95.20819855,173604.669723126,53.5667991638184
MCO,2017,,97.0530014,170663.470051177,
MCO,2018,,,188298.389694191,
MCO,2019,,98.0,193746.729890885,
MCO,2020,,98.57080078,176891.806328966,
MCO,2021,,99.07759857,223823.327192464,
MCO,2022,,98.75189972,226052.060664649,
MCO,2023,,98.87049866,256799.911212051,
MCO,2024,,99.04489899,288001.574856495,77.4806900024414
MDA,1990,,0.0,1206.50208704977,
MDA,1991,1.9,,1037.89950336245,
MDA,1992,3.7,,778.017667420102,
MDA,1993,3.7,,796.989388848336,
MDA,1994,5.8,0.000825,573.798647201304,
MDA,1995,5.3,0.00346,593.593177049161,
MDA,1996,7.9,0.00464,575.145455139019,
MDA,1997,7.9,0.0281,657.29213459795,
MDA,1998,10.0,0.261,578.734627562193,
MDA,1999,11.14,0.601,399.499818596336,
MDA,2000,8.539,1.28284641670022,440.538683980372,
MDA,2001,7.366,1.48781295215565,507.404076252819,
MDA,2002,6.845,3.78724279887342,570.799866188293,
MDA,2003,6.378,7.40754458415897,682.319095965299,
MDA,2004,6.374,10.629390841654,897.178494749468,
MDA,2005,5.633,14.6302704551796,1034.39197746993,
MDA,2006,4.26,19.6206477051634,1183.02481442894,
MDA,2007,2.749,20.45,1531.21618590748,
MDA,2008,2.097,23.39,2110.55305353857,
MDA,2009,3.024,27.5,1898.43975710988,
MDA,2010,2.972,29.68000031,2436.79935102421,38.1453631147397
MDA,2011,2.677,32.06999969,2941.36224066021,39.4480430115419
MDA,2012,2.189,34.65000153,3044.8084324815,40.1086414991241
MDA,2013,1.894,37.43999863,3321.04397795719,41.2771708905345
MDA,2014,1.45,66.9999982002077,3289.95758568777,52.151516238366
MDA,2015,1.781,69.0000044661932,2749.55137054338,52.1000519119307
MDA,2016,1.591,70.9999991066624,2847.08794770479,52.8435823784374
MDA,2017,1.622,71.76709747,3453.26727720294,51.9490291393525
MDA,2018,1.239,72.54239655,4156.44981956646,52.8423092059456
MDA,2019,1.502,73.32610321,4405.33418162155,54.7812048030675
MDA,2020,1.206,74.11830139,4375.7788930524,56.2498196612517
MDA,2021,0.794,74.91899872,5274.60582195352,61.3014036981023
MDA,2022,0.909,74.91899872,5744.29618434435,68.0572346521372
MDA,2023,1.57,76.50330353,6799.58594644576,71.1679028753075
MDA,2024,1.427,77.3687973,7578.90216348853,74.7109378669046
MDA,2025,1.505,,8621.71721623786,
MDG,1960,,,131.69201832961,
MDG,1961,,,133.271232882825,
MDG,1962,,,137.308007316434,
MDG,1963,,,137.433563533649,
MDG,1964,,,141.534669132002,
MDG,1965,,,143.245722030305,
MDG,1966,,,150.690080692721,
MDG,1967,,,155.860688364854,
MDG,1968,,,163.588485295319,
MDG,1969,,,162.904752589963,
MDG,1970,,,166.645544206518,
MDG,1971,,,174.629594145065,0.969240009784698
MDG,1972,,,189.640262028465,1.04870998859405
MDG,1973,,,226.818255725382,1.1888200044632
MDG,1974,,,255.336638120604,
MDG,1975,,,294.992905767807,1.29619002342224
MDG,1976,,,273.522678185535,1.13002002239227
MDG,1977,,,286.89632096228,1.48312997817993
MDG,1978,,,314.983241249429,1.7404899597168
MDG,1979,,,396.398711932997,1.94868004322052
MDG,1980,,,577.592700958515,2.67795991897583
MDG,1981,,,512.913929983213,2.5899600982666
MDG,1982,,,500.642606965445,3.35801005363464
MDG,1983,,,476.118671340584,3.56868004798889
MDG,1984,,,385.408181010621,3.65320992469788
MDG,1985,,,364.469101913106,3.93228006362915
MDG,1986,,,404.959271422966,3.87501001358032
MDG,1987,,,290.831531079348,3.43509006500244
MDG,1988,,,280.528398357653,3.42288994789123
MDG,1989,,,271.306183276982,3.35433006286621
MDG,1990,,0.0,326.099253221978,3.23319005966186
MDG,1991,6.169,,262.024402380479,3.00562000274658
MDG,1992,6.275,,290.2120463948,
MDG,1993,6.317,,307.887603096441,3.32564997673035
MDG,1994,6.106,,258.723806434505,2.7063000202179
MDG,1995,6.092,,273.149653945976,2.18760991096497
MDG,1996,6.092,0.0037,339.877283663608,2.03707003593445
MDG,1997,5.971,0.0143,284.371843967244,1.83174002170563
MDG,1998,5.901,0.0626,284.192923139852,2.0486900806427
MDG,1999,5.822,0.169,267.360530991414,1.99398005008698
MDG,2000,5.8,0.196394691006341,280.282905559649,2.02373003959656
MDG,2001,5.35,0.222511586178292,319.283278235657,1.89465999603272
MDG,2002,5.515,0.339720154596142,304.941777398445,1.92859995365143
MDG,2003,5.01,0.423252419277809,352.620095849925,2.0998899936676
MDG,2004,3.951,0.525353654946669,272.20074858856,2.44068002700806
MDG,2005,2.62,0.567700028,305.812074924388,2.54628992080689
MDG,2006,2.945,0.607599974,324.146874882604,2.74632000923157
MDG,2007,3.202,0.649999976,419.548001431865,3.13453006744385
MDG,2008,3.431,1.649999976,512.579800058444,3.23572993278503
MDG,2009,3.885,1.629999995,446.315238370592,3.44889998435974
MDG,2010,4.28,1.700000048,450.009391645726,3.61032855425362
MDG,2011,2.516,1.899999976,506.163691559309,3.99246757065153
MDG,2012,0.599,2.299999952,493.511162904211,4.04987583552392
MDG,2013,0.995,3.0,515.301589361832,4.186720053214
MDG,2014,1.385,3.700000048,505.684922503435,4.68533144082284
MDG,2015,1.785,4.173999786,445.320069480568,4.65904652237845
MDG,2016,1.949,4.713699818,453.970714522463,4.6583858057243
MDG,2017,2.123,6.406000137,491.866848718929,5.07525058069797
MDG,2018,2.303,7.747799873,500.45718552916,5.11877849200791
MDG,2019,2.479,9.379400253,499.818837622534,5.28586006164551
MDG,2020,3.292,11.35470009,450.771615205157,5.17336117275841
MDG,2021,3.498,13.74590015,483.469463351195,5.3135678666922
MDG,2022,3.186,17.81170082,504.059106969168,5.87562673022926
MDG,2023,3.044,18.24080086,514.064076551927,6.1466638463036
MDG,2024,3.051,18.67790031,550.37875528856,
MDG,2025,3.041,,599.265294255357,
MDV,1970,,,156.859236934154,
MDV,1971,,,169.767418561131,
MDV,1972,,,192.238848639394,
MDV,1973,,,228.689027239389,
MDV,1974,,,281.484632436928,
MDV,1975,,,171.425121922398,
MDV,1976,,,151.835059178195,
MDV,1977,,,137.259189834243,
MDV,1978,,,156.053183880423,
MDV,1979,,,240.230509391253,
MDV,1980,,,257.612619643525,
MDV,1981,,,264.147517599287,
MDV,1982,,,274.826568598483,
MDV,1983,,,322.84057899403,
MDV,1984,,,594.488246882652,
MDV,1985,,,668.830135090308,
MDV,1986,,,720.452201133255,
MDV,1987,,,692.459838892363,
MDV,1988,,,799.082501719284,
MDV,1989,,,870.378318180563,
MDV,1990,,0.0,956.763019768672,
MDV,1991,0.788,0.0,1054.33413828759,
MDV,1992,0.789,0.0,1194.2325242813,
MDV,1993,0.796,0.0,1316.614548774,
MDV,1994,0.793,0.0,1419.39276513408,
MDV,1995,0.79,0.0,1554.60942754604,
MDV,1996,1.019,0.227,1716.74281753716,
MDV,1997,1.25,0.309,1898.43225010526,
MDV,1998,1.489,0.57,1980.38448396751,
MDV,1999,1.726,1.12,2124.06007530631,
MDV,2000,1.97,2.2038729393788,2213.81235053178,
MDV,2001,3.038,3.61729064930367,3033.93234507036,
MDV,2002,4.094,5.3477651689359,3076.07007160101,
MDV,2003,5.126,5.97659284988557,3548.5767011056,0.21356999874115
MDV,2004,6.151,6.58825487530861,4070.2609459446,
MDV,2005,7.313,6.86960506696215,3796.51546524644,
MDV,2006,8.345,11.0363527828647,5018.94335409159,
MDV,2007,9.421,16.3,5758.10286933053,10.3270502090454
MDV,2008,10.361,23.2,6757.43280929292,11.3926296234131
MDV,2009,11.697,24.8,6734.03165601895,
MDV,2010,10.875,26.53,7173.59601844692,
MDV,2011,10.043,34.0,7424.520410971,
MDV,2012,9.134,38.93009949,7461.29703686309,
MDV,2013,8.295,44.09999847,8236.08177944126,
MDV,2014,7.461,49.27999878,8939.07416571472,13.6843761236965
MDV,2015,6.611,54.4620018,9644.90655028145,
MDV,2016,5.771,59.47750092,9947.80744731739,
MDV,2017,5.377,64.95500183,10509.628805812,33.3294981245829
MDV,2018,4.962,70.93689728,11423.2838427029,
MDV,2019,4.562,77.46970367,11740.2724029785,24.6480059688561
MDV,2020,5.42,79.09780121,7393.8886543933,27.0805812417437
MDV,2021,5.016,81.95760345,10176.143882547,23.794640430505
MDV,2022,4.303,83.91189054,11786.0191492983,48.4968654322788
MDV,2023,4.019,84.55290222,12587.6126038651,
MDV,2024,4.278,85.23999786,13379.3513577224,
MDV,2025,4.514,,14614.7208116541,
MEA,1960,,,183.764112558961,
MEA,1961,,,191.182492157885,
MEA,1962,,,185.290797518838,
MEA,1963,,,198.844712873022,
MEA,1964,,,215.746522050912,
MEA,1965,,,230.925056098501,
MEA,1966,,,241.817862474893,
MEA,1967,,,255.421030574157,
MEA,1968,,,282.264965532988,
MEA,1969,,,304.572399686208,
MEA,1970,,,334.663204231292,10.4298000335693
MEA,1971,,,370.976758247625,4.25426006317139
MEA,1972,,,425.116995033682,4.40814018249512
MEA,1973,,,537.976111709781,4.69874000549316
MEA,1974,,,949.582090979261,5.66213989257812
MEA,1975,,,1013.0914832137,5.27615022659302
MEA,1976,,,1220.71978506766,6.38883018493652
MEA,1977,,,1373.83724500947,5.99184989929199
MEA,1978,,,1415.93404840373,5.88641977310181
MEA,1979,,,1784.95609197504,6.06896018981934
MEA,1980,,,2223.88082538005,6.36389017105103
MEA,1981,,,2219.59982205437,6.79896020889282
MEA,1982,,,2156.08168267356,7.2000298500061
MEA,1983,,,2113.53523107294,7.46280002593994
MEA,1984,,,2068.79799053592,7.77810001373291
MEA,1985,,,2039.10477468142,8.34799957275391
MEA,1986,,,2000.35003119441,8.27248001098633
MEA,1987,,,1810.54216765841,8.42222023010254
MEA,1988,,,1755.69263514938,11.1396799087524
MEA,1989,,,1756.36670264943,8.5864896774292
MEA,1990,,,2183.44230721402,8.68671989440918
MEA,1991,7.96325856391227,,1708.79382675855,8.4927396774292
MEA,1992,8.07196382177059,,1751.90899816556,9.11003017425537
MEA,1993,8.52874979745686,,1598.13502545136,9.45423030853271
MEA,1994,8.52159746477789,,1643.03794043181,10.302080154419
MEA,1995,8.74623216428901,,1775.34234828612,10.6883602142334
MEA,1996,7.96657131190278,,1918.23389436435,11.4784202575684
MEA,1997,7.77681950155754,,1954.37937585732,12.165060043335
MEA,1998,7.86215125968508,,1868.35065041968,12.690770149231
MEA,1999,8.10473132845309,,1974.72512174751,13.4846296310425
MEA,2000,8.4169385368672,,2220.17760810318,13.556619644165
MEA,2001,8.42943669202,,2152.65763807858,13.9357404708862
MEA,2002,8.48914200309222,,2092.42649543325,14.1848001480103
MEA,2003,8.30300037305323,,2279.27390627646,14.3840999603272
MEA,2004,7.54776306570901,,2623.96338362197,15.3665399551392
MEA,2005,7.65760282606948,8.3,3050.54818555888,16.4484596252441
MEA,2006,7.22108801251314,9.6,3482.13613849624,17.0407199859619
MEA,2007,6.82070410411982,11.7,4009.6538543062,18.2272891998291
MEA,2008,6.58386551452509,14.1,4838.92296020983,19.4375705718994
MEA,2009,6.71404844364157,16.1,4261.00104677278,20.1668605804443
MEA,2010,6.85675050559872,18.3,4874.74374602995,21.461669921875
MEA,2011,7.23452105809906,20.1,5735.78283895152,21.9487991333008
MEA,2012,8.34766826613965,22.4,6052.38238208124,23.6090698242188
MEA,2013,7.92975020058705,25.2,5871.07008125381,24.6868095397949
MEA,2014,7.64519859427481,28.7,5814.71484290247,26.2296390533447
MEA,2015,8.36498933286657,31.8,5130.25978607342,27.3493404388428
MEA,2016,8.0751146709309,35.0,5130.21030038801,27.0987300872803
MEA,2017,8.5198428948238,39.7,5283.42471158364,27.2971000671387
MEA,2018,8.53535637968998,42.3,5550.31969384997,27.1299304962158
MEA,2019,8.33082967841649,46.0,5416.06362418233,27.9685897827148
MEA,2020,9.14819309323363,50.6,4749.14341262891,28.3051891326904
MEA,2021,9.00366611562493,54.2,5622.19134191977,28.3076190948486
MEA,2022,8.23898776216766,57.8,6436.74030312288,28.0563106536865
MEA,2023,7.79272191834479,59.5,6144.70308054742,28.7123298645019
MEA,2024,7.84018773728947,61.5,6275.43469598207,29.6833095550537
MEA,2025,7.78205479742957,63.7,6202.19002141299,
MEX,1960,,,355.075199563018,
MEX,1961,,,373.712216995471,
MEX,1962,,,388.456702411498,
MEX,1963,,,419.552066324849,
MEX,1964,,,480.704214437745,
MEX,1965,,,505.854419498816,
MEX,1966,,,544.935854193449,
MEX,1967,,,575.769037534418,
MEX,1968,,,615.922912128842,
MEX,1969,,,659.71750685117,
MEX,1970,,,699.006845485029,
MEX,1971,,,747.912361003254,
MEX,1972,,,836.569673446138,
MEX,1973,,,993.042879548426,
MEX,1974,,,1256.10280601329,
MEX,1975,,,1491.97048611111,
MEX,1976,,,1465.49877862474,
MEX,1977,,,1314.62044481645,
MEX,1978,,,1604.40920452482,
MEX,1979,,,2049.26468871816,
MEX,1980,,,3054.62162291784,
MEX,1981,,,3829.14437544129,
MEX,1982,,,2620.95793392947,
MEX,1983,,,2169.85285279223,
MEX,1984,,,2506.30742754755,
MEX,1985,,,2601.70825226684,
MEX,1986,,,1756.93563367491,
MEX,1987,,,1888.2631431041,
MEX,1988,,,2278.81222720992,
MEX,1989,,,2725.05572275442,
MEX,1990,,0.0,3154.46920349038,
MEX,1991,3.145,0.00588,3708.8420548157,
MEX,1992,3.235,0.0173,4220.56643677057,
MEX,1993,3.365,0.0283,6048.34840388099,
MEX,1994,4.436,0.0433,6202.36588372862,
MEX,1995,7.095,0.103,4183.87847727479,
MEX,1996,5.465,0.2,4674.36792733681,
MEX,1997,4.235,0.627,5567.35599516667,
MEX,1998,3.733,1.27,5832.69342004468,
MEX,1999,2.598,1.86,6499.97182950425,
MEX,2000,2.646,5.08138415338066,7524.0271380091,20.5259704589844
MEX,2001,2.627,7.0380231165045,7952.76479510706,21.3776397705078
MEX,2002,3.003,11.9,7983.03398381759,22.3153591156006
MEX,2003,3.455,12.9,7434.07465031562,23.0477905273438
MEX,2004,3.937,14.1,7849.66759649565,23.7031497955322
MEX,2005,3.558,17.20999908,8671.75891798441,24.130989074707
MEX,2006,3.566,19.52000046,9512.63575346699,24.5689697265625
MEX,2007,3.628,20.81,10134.3327129706,25.1474304199219
MEX,2008,3.874,21.71,10523.7685427665,25.7789402008057
MEX,2009,5.356,26.34,8423.56933148639,26.2105903625488
MEX,2010,5.303,31.05,9728.80078307432,27.1670207977295
MEX,2011,5.175,37.1762954125184,10664.4944032313,28.0361595153809
MEX,2012,4.892,39.75,10744.1335236186,29.3496494293213
MEX,2013,4.921,43.46,11216.800851866,30.3301601409912
MEX,2014,4.819,44.3856962723411,11391.3773503964,31.2052898406982
MEX,2015,4.311,57.4310429923633,10021.2386113616,31.9718608856201
MEX,2016,3.853,59.5404459967255,9097.92397674769,38.589771270752
MEX,2017,3.419,53.0317886110982,9649.27816729586,40.3390693664551
MEX,2018,3.275,56.6595667981289,10084.7937570364,41.6382789611816
MEX,2019,3.477,69.6321092705209,10369.5553593527,43.0441398620605
MEX,2020,4.44,71.49017499,8841.27074929751,45.1654510498047
MEX,2021,4.019,75.62650476,10314.0506733708,45.6506195068359
MEX,2022,3.256,78.63217894,11405.7940469896,46.4061317443848
MEX,2023,2.765,81.18318755,13830.843848864,47.474681854248
MEX,2024,2.678,83.12233799,13988.0423745241,48.203441619873
MEX,2025,2.673,,13889.2339628708,
MHL,1970,,,373.212871726587,
MHL,1971,,,390.174184712831,
MHL,1972,,,415.707402467489,
MHL,1973,,,472.208860502014,
MHL,1974,,,601.578589500316,
MHL,1975,,,638.193048864418,
MHL,1976,,,671.834758151068,
MHL,1977,,,724.219486848706,
MHL,1978,,,770.91776875282,
MHL,1979,,,859.013585311722,
MHL,1980,,,867.961688438292,
MHL,1981,,,968.86029296936,
MHL,1982,,,1045.54301284547,
MHL,1983,,,1199.30481744276,
MHL,1984,,,1244.87094639312,
MHL,1985,,,1162.01901432695,
MHL,1986,,,1425.16418062414,
MHL,1987,,,1542.64230430097,
MHL,1988,,,1670.28189314997,
MHL,1989,,,1670.21520671775,
MHL,1990,,0.0,1758.40820990836,
MHL,1991,,0.0,1810.63465589888,
MHL,1992,,0.0,1963.07234629646,
MHL,1993,,0.0,2112.01240099378,
MHL,1994,,0.0,2265.0695841717,
MHL,1995,,0.0,2490.98744457796,
MHL,1996,,0.0371,2272.84469502819,
MHL,1997,,,2230.75377088451,
MHL,1998,,,2254.16054870567,
MHL,1999,,0.966,2257.92000318712,
MHL,2000,,1.53427179624871,2264.79114897645,
MHL,2001,,1.7066140776699,2394.34501105178,
MHL,2002,,2.33544457522934,2566.06708799222,16.0476303100586
MHL,2003,,2.5697503671072,2539.3307383954,
MHL,2004,,3.59977681383754,2566.08291015814,
MHL,2005,,3.8787023977433,2658.65217893885,
MHL,2006,,3.79559021427832,2754.26988767503,
MHL,2007,,3.950000048,2892.28403958874,
MHL,2008,,4.599999905,2817.60522775322,
MHL,2009,,5.599999905,2906.63026970914,
MHL,2010,,7.0,3095.45768964722,
MHL,2011,,10.0,3319.39815439151,
MHL,2012,,12.5,3514.26515490383,29.3663060278207
MHL,2013,,14.0,3677.90690791421,
MHL,2014,,16.79999924,3735.23977829545,
MHL,2015,,19.28240013,3764.34426229508,34.320987654321
MHL,2016,,29.78779984,4229.80988911945,36.6609294320138
MHL,2017,,38.70119858,4592.83457628576,
MHL,2018,,43.88249969,4858.12079054875,
MHL,2019,,49.75749969,5292.33985502306,37.3626373626374
MHL,2020,,56.41910172,5661.96787336674,
MHL,2021,,63.97259903,6315.31172190393,
MHL,2022,,64.26719666,6455.6603538189,41.3350449293967
MHL,2023,,64.07589722,6799.39217554794,
MHL,2024,,65.915802,7590.28443592202,37.6853055916775
MHL,2025,,,8489.05793506422,
MIC,1960,,,132.663208029646,
MIC,1961,,,132.776709309712,
MIC,1962,,,132.012183828056,
MIC,1963,,,141.786576489141,
MIC,1964,,,155.998234041019,
MIC,1965,,,167.424914885922,
MIC,1966,,,169.294530477786,
MIC,1967,,,170.117379862923,
MIC,1968,,,175.897888855997,
MIC,1969,,,191.263042562719,
MIC,1970,,,204.140831671986,9.08316993713379
MIC,1971,,,214.163936226723,4.86763000488281
MIC,1972,,,234.706862261809,7.13153982162476
MIC,1973,,,292.593705951929,5.69461011886597
MIC,1974,,,366.04351989069,7.566810131073
MIC,1975,,,394.736016792026,7.60647010803223
MIC,1976,,,416.846920401435,5.95762014389038
MIC,1977,,,458.376727000593,6.2508602142334
MIC,1978,,,497.50001123677,6.43999004364014
MIC,1979,,,567.787219513885,6.77103996276855
MIC,1980,,,658.923025759759,7.11709022521973
MIC,1981,,,724.522351964295,7.38142013549805
MIC,1982,,,699.463894503153,7.43350982666016
MIC,1983,,,664.38472675118,7.53498983383179
MIC,1984,,,666.438818770495,9.15861034393311
MIC,1985,,,679.631635489778,9.3576602935791
MIC,1986,,,678.522987405872,7.92997980117798
MIC,1987,,,681.367237565736,8.54238033294678
MIC,1988,,,714.463538617424,8.03194046020508
MIC,1989,,,744.689168415595,8.41475963592529
MIC,1990,,,834.86710906655,8.22194004058838
MIC,1991,4.63827281318284,,794.753759040852,8.53505039215088
MIC,1992,4.69492774360074,,830.780200602807,9.86660003662109
MIC,1993,4.88893972820073,,881.582417468646,9.59543037414551
MIC,1994,5.15883351064485,,973.577650135458,10.3195600509644
MIC,1995,5.41998900346591,,1117.20867019182,10.7753896713257
MIC,1996,5.50883774297394,,1219.4022241552,10.3503799438477
MIC,1997,5.55040548213861,,1276.23621024903,12.3088703155518
MIC,1998,5.73346203456749,,1234.61362736215,12.5035200119019
MIC,1999,5.92815470503886,,1172.02687970901,13.1548299789429
MIC,2000,5.90554769116785,,1255.46174685563,13.8052501678467
MIC,2001,6.06529717812631,,1242.22843960232,14.6393899917603
MIC,2002,6.2794627269579,,1240.91759491541,15.8292303085327
MIC,2003,6.34937695144509,,1366.50745222422,17.0537300109863
MIC,2004,6.21906740046783,,1585.10628044678,18.051290512085
MIC,2005,6.18100517194098,,1849.46883810202,18.8964004516602
MIC,2006,5.97972371507844,,2152.970922294,20.488639831543
MIC,2007,5.88198217147033,,2613.04907204417,21.1776008605957
MIC,2008,5.87208459437414,,3073.19618643341,22.3852806091309
MIC,2009,6.07794731544178,,3047.40789191738,23.3845500946045
MIC,2010,5.85407842097449,,3664.92162337478,24.841100692749
MIC,2011,5.78106658586154,,4240.03549037097,26.7389297485352
MIC,2012,5.80334478008198,,4467.32549649132,28.1563606262207
MIC,2013,5.77644112078398,,4661.49740787105,29.1475200653076
MIC,2014,5.75311900107613,,4808.99653991663,32.2277793884277
MIC,2015,5.93705456165038,,4597.60474958281,33.6232795715332
MIC,2016,6.01421235038408,,4598.01556540424,34.3544692993164
MIC,2017,6.05518297615024,,4970.75305971396,34.9058494567871
MIC,2018,6.00981501156322,,5231.9314869653,35.4456214904785
MIC,2019,5.86054208956752,,5333.00944959533,36.4931297302246
MIC,2020,6.69849633442843,,5110.03730012152,37.891170501709
MIC,2021,6.19670261206739,,5980.00050387597,39.6747283935547
MIC,2022,5.42949094564465,,6209.92727259514,41.134651184082
MIC,2023,4.96756774789441,,6342.84660727863,42.6316795349121
MIC,2024,4.91644475196582,,6507.45727213279,43.2768402099609
MIC,2025,4.88480834136692,,6778.79773310904,
MKD,1971,,,,17.5782108306885
MKD,1976,,,,19.7899608612061
MKD,1981,,,,25.2549705505371
MKD,1982,,,,24.7512493133545
MKD,1983,,,,24.074520111084
MKD,1984,,,,23.3546905517578
MKD,1985,,,,22.5533103942871
MKD,1986,,,,21.7958908081055
MKD,1987,,,,20.4034004211426
MKD,1988,,,,19.7819404602051
MKD,1989,,,,18.6075191497803
MKD,1990,,0.0,2277.30372314314,17.0110492706299
MKD,1991,24.5,,2402.13517656378,15.4305000305176
MKD,1992,26.3,,1198.92829846257,15.9333200454712
MKD,1993,27.7,,1336.64775641463,15.9066295623779
MKD,1994,30.0,,1786.35488334914,16.9034595489502
MKD,1995,35.6,0.0407,2355.24705371138,18.1758499145508
MKD,1996,38.8,0.076,2306.53366957635,18.3413791656494
MKD,1997,36.0,0.504,1959.56073782188,18.9666194915771
MKD,1998,34.5,1.0,1875.81662735988,19.633279800415
MKD,1999,32.4,1.5,1915.39281060996,21.3615303039551
MKD,2000,32.2,2.48556631640066,1861.89899780644,22.4084796905518
MKD,2001,30.52,3.46818460849398,1823.02267682636,24.3628692626953
MKD,2002,31.94,17.33,1989.13537265159,26.8072891235352
MKD,2003,36.69,19.07,2445.36286400013,27.8220596313477
MKD,2004,37.161,24.44,2818.5814561242,28.2504692077637
MKD,2005,37.32,26.45000076,3120.98401394233,29.7906494140625
MKD,2006,36.392,28.62,3440.4411057968,29.2525997161865
MKD,2007,35.231,36.29999924,4204.11328760452,35.2432899475098
MKD,2008,33.93,46.04,5026.4202989873,39.6388511657715
MKD,2009,32.351,51.77,4799.78722768888,39.837718963623
MKD,2010,33.135,51.9,4833.36586759968,38.147590637207
MKD,2011,31.502,56.7,5416.86672931659,
MKD,2012,31.096,57.449947312961,5049.8265386157,39.7961082458496
MKD,2013,29.017,65.24,5626.26115664893,38.9499015808105
MKD,2014,28.215,68.0584815397496,5925.38592218015,39.3214912414551
MKD,2015,26.395,70.3802030766689,5262.68671928674,42.0811805725098
MKD,2016,24.312,72.1568144676058,5598.48622617967,
MKD,2017,22.857,74.5168241807954,5955.2973863451,43.5097694396973
MKD,2018,21.208,79.1677551850871,6713.98925398989,43.8547897338867
MKD,2019,17.414,81.4128827618364,6718.85826635458,43.1991004943848
MKD,2020,16.575,81.40553811,6659.59651070776,43.782169342041
MKD,2021,15.801,81.873703,7620.80296977508,44.3020210266113
MKD,2022,14.476,83.85030365,7606.2375253797,53.1601181030273
MKD,2023,13.174,88.5,8674.35846327485,55.0082015991211
MKD,2024,12.265,93.6,9291.8566035502,
MKD,2025,12.256,93.1,10489.9255355525,
MLI,1967,,,45.9854448702914,
MLI,1968,,,56.5137530466331,
MLI,1969,,,55.0226859514125,
MLI,1970,,,57.3207870762744,
MLI,1971,,,61.966462690907,0.132550001144409
MLI,1972,,,75.0521043387011,
MLI,1973,,,85.4440876506614,
MLI,1974,,,80.2252214087116,0.317490011453628
MLI,1975,,,121.497572665422,0.412730008363724
MLI,1976,,,134.927575165475,0.488510012626648
MLI,1977,,,148.052694572807,0.587270021438599
MLI,1978,,,169.123319071279,0.681529998779297
MLI,1979,,,216.320734146311,0.76172000169754
MLI,1980,,,359.12056332085,0.825259983539581
MLI,1981,,,290.478605534961,
MLI,1982,,,213.773956907607,0.675809979438782
MLI,1983,,,186.276028899026,0.852310001850128
MLI,1984,,,169.067780598011,1.0255800485611
MLI,1985,,,190.377454158271,1.04269003868103
MLI,1986,,,250.013920202755,0.938489973545074
MLI,1987,,,280.723262413678,0.755959987640381
MLI,1988,,,307.019371606958,
MLI,1989,,,313.871327696511,0.601670026779175
MLI,1990,,0.0,353.903252431339,0.615209996700287
MLI,1991,1.399,,381.993534663018,0.595889985561371
MLI,1992,1.483,,385.278654501558,0.759490013122559
MLI,1993,1.419,,372.412257638931,0.879809975624084
MLI,1994,1.512,,266.455340175594,
MLI,1995,1.464,,331.193112418678,0.900170028209686
MLI,1996,1.421,0.00206,359.662096056414,1.00970995426178
MLI,1997,1.411,0.0101,320.751522972854,1.38881003856659
MLI,1998,1.342,0.0198,356.64704402466,1.35441994667053
MLI,1999,1.358,0.0609,364.415678421892,1.75006997585297
MLI,2000,1.412,0.142545755049184,304.652870189314,1.77691996097565
MLI,2001,1.332,0.185897413256084,346.224554248587,1.89023995399475
MLI,2002,1.36,0.2270455784917,378.191678628068,1.88522005081177
MLI,2003,1.272,0.310364443230575,441.910358475171,
MLI,2004,1.413,0.432819639900985,495.006294675661,
MLI,2005,1.367,0.507099986,548.730382848879,
MLI,2006,1.395,0.729600012,586.985415512593,
MLI,2007,1.372,0.81,670.853394978069,
MLI,2008,1.383,1.57,767.194838946144,4.79010009765625
MLI,2009,1.406,1.799999952,787.48256428259,5.29625988006592
MLI,2010,1.375,2.0,797.151541141189,5.50589495885227
MLI,2011,1.403,2.2,938.292902579598,4.96896888641169
MLI,2012,1.462,2.799999952,872.506092463946,6.41861745428738
MLI,2013,1.517,3.5,901.920957649814,5.94123501789155
MLI,2014,1.476,7.0,947.915033293219,5.53504882678079
MLI,2015,1.404,10.32999992,838.11986940103,5.12750941173932
MLI,2016,1.367,14.0,872.468587171653,
MLI,2017,1.498,18.89999962,924.057531692284,
MLI,2018,1.62,21.39999962,996.379292136901,
MLI,2019,3.29,24.96030045,971.949318638092,
MLI,2020,3.528,29.11300087,953.242943290974,
MLI,2021,4.006,33.95650101,1027.27345365357,
MLI,2022,2.387,35.19919968,976.914116406452,
MLI,2023,2.947,36.03879929,1042.44223444837,
MLI,2024,2.924,36.80149841,1093.2523323649,
MLI,2025,2.831,,1193.27601004701,
MLT,1970,,,828.44472588263,
MLT,1971,,,874.061727024101,
MLT,1972,,,975.720378043786,
MLT,1973,,,1143.66679643467,
MLT,1974,,,1245.31823028606,
MLT,1975,,,1560.10519115107,
MLT,1976,,,1726.55944845303,
MLT,1977,,,2037.8641908695,
MLT,1978,,,2558.73455468428,
MLT,1979,,,3195.51431611516,
MLT,1980,,,3948.26572689504,
MLT,1981,,,3898.36853997864,
MLT,1982,,,3787.91647703123,
MLT,1983,,,3526.91395139354,
MLT,1984,,,3332.82018387922,
MLT,1985,,,3322.30879632858,
MLT,1986,,,4194.53480236296,
MLT,1987,,,5083.80179308013,
MLT,1988,,,5814.44775940093,
MLT,1989,,,6040.84054229986,
MLT,1990,,0.0,7192.38994693962,
MLT,1991,6.335,,7558.75921583164,
MLT,1992,6.333,,8220.33403924666,
MLT,1993,6.332,,7296.35111127489,
MLT,1994,6.331,,8000.3453286604,
MLT,1995,6.33,0.225,9828.32366424667,
MLT,1996,6.329,1.05,10061.8500714248,
MLT,1997,6.328,3.92,9893.18885431564,
MLT,1998,6.326,6.5,10408.1156430599,
MLT,1999,6.325,7.76,10609.1105181418,
MLT,2000,6.324,13.1137087111024,10348.485765125,
MLT,2001,7.107,17.8778483243348,10357.7026407269,24.9949493408203
MLT,2002,6.902,28.92,11251.2024877398,24.2556896209717
MLT,2003,7.488,31.64,13593.9787182902,30.0867691040039
MLT,2004,7.317,34.62,15212.1312964883,26.6235694885254
MLT,2005,6.923,41.24,15831.3439802756,32.2053604125977
MLT,2006,6.798,40.41,16653.6038312389,31.2252807617188
MLT,2007,6.472,46.9,19444.1743635565,34.6690711975098
MLT,2008,5.977,50.08,22405.6426266551,33.3216094970703
MLT,2009,6.896,58.86,21261.5428699817,35.7878684997559
MLT,2010,6.861,63.0,21946.6073066905,36.8344192504883
MLT,2011,6.388,68.0198237885462,23516.972445816,39.4486618041992
MLT,2012,6.203,68.1998742928975,22878.3095862582,42.5473289489746
MLT,2013,6.115,68.9138,25415.5525389054,44.4813919067383
MLT,2014,5.737,73.1141157845193,27424.5693619702,45.4103507995605
MLT,2015,5.389,75.9600189752747,25529.6693210673,48.0389709472656
MLT,2016,4.694,78.0751488032182,26459.0644285369,49.2171897888184
MLT,2017,4.008,81.0119110762945,30317.2611769875,54.0890197753906
MLT,2018,3.956,81.6580442928014,33382.280781103,57.8407592773438
MLT,2019,4.08,85.7785963798031,32421.9087471186,58.4985084533691
MLT,2020,4.856,86.85876183,31823.422001724,61.4767112731934
MLT,2021,3.754,87.46977742,38078.0064279067,70.2313537597656
MLT,2022,3.471,91.54062209,35658.8318250199,74.5901336669922
MLT,2023,3.479,92.07266941,40932.5238774461,80.5250091552734
MLT,2024,3.1,93.86029816,44023.6341078148,
MLT,2025,2.896,,47906.9000057635,
MMR,1960,,,25.0847757223623,
MMR,1961,,,27.2654541223873,
MMR,1962,,,27.9470039695431,
MMR,1963,,,25.8039844353997,
MMR,1964,,,17.3322006236435,
MMR,1965,,,15.1178632326484,
MMR,1966,,,11.8013216738981,
MMR,1967,,,16.5453805372426,
MMR,1968,,,21.5453410007264,
MMR,1969,,,21.5103180527937,
MMR,1970,,,20.7242782768026,
MMR,1971,,,21.1257517513266,1.6837899684906
MMR,1972,,,23.2941302744944,1.75552999973297
MMR,1973,,,24.7965628847435,1.78325998783112
MMR,1974,,,41.4076276435663,1.74171996116638
MMR,1975,,,35.163291569876,1.76206994056702
MMR,1976,,,39.1660083715823,1.80238997936249
MMR,1977,,,27.8600867193791,2.63472008705139
MMR,1978,,,29.2562311044151,
MMR,1979,,,29.2136757858848,3.66932988166809
MMR,1980,,,31.2462392881093,
MMR,1981,,,32.8127790443581,4.71817016601562
MMR,1982,,,42.9535414901862,4.66699981689453
MMR,1983,,,39.2908686161265,
MMR,1984,,,36.3255768443636,4.85865020751953
MMR,1985,,,40.3821412603663,4.99931001663208
MMR,1986,,,42.4193735892874,4.66200017929077
MMR,1987,,,41.1478137224602,6.56204986572266
MMR,1988,,,39.9236088878004,5.57742977142334
MMR,1989,,,51.3443285034615,5.4843897819519
MMR,1990,,0.0,53.1225401094506,5.35702991485596
MMR,1991,0.828,,51.2408970610106,
MMR,1992,0.796,,58.8896739558883,4.6560001373291
MMR,1993,0.779,,76.212889482598,5.73016977310181
MMR,1994,0.739,,105.391561114159,5.46826982498169
MMR,1995,0.754,,124.14348039051,5.63515996932983
MMR,1996,0.753,,141.897267580367,
MMR,1997,0.764,,108.039770292032,
MMR,1998,0.772,,145.950830383757,7.36062002182007
MMR,1999,0.75,0.000152,189.490155849067,
MMR,2000,0.712,,196.619580625284,
MMR,2001,0.689,0.000289277380848561,141.525660705722,11.6847896575928
MMR,2002,0.685,0.00042649350636189,146.598390364449,
MMR,2003,0.686,0.0240641491408465,224.292688912409,
MMR,2004,0.677,0.024337392002823,224.508811413327,
MMR,2005,0.672,0.065200001,252.685193060728,
MMR,2006,0.676,0.18204833106115,303.495087119254,
MMR,2007,0.684,0.217128445069958,419.375780725042,11.0508098602295
MMR,2008,0.7,0.22,658.442487229705,
MMR,2009,0.712,0.219999999,758.442935789255,
MMR,2010,0.725,0.25,1010.53417343401,
MMR,2011,0.749,0.98,1213.62898703376,14.3246002197266
MMR,2012,0.768,1.399999976,1202.6658960055,13.7377004623413
MMR,2013,0.775,1.799999952,1199.09561597055,
MMR,2014,0.763,7.400000095,1293.00042298688,
MMR,2015,0.766,10.89999962,1166.73305546337,
MMR,2016,1.058,16.0,1229.19713515893,
MMR,2017,1.356,23.621081950267,1272.82241830603,
MMR,2018,0.767,29.37899971,1298.21310320785,20.3723297119141
MMR,2019,0.407,36.54050064,1425.98954211903,
MMR,2020,1.476,45.4477005,1490.21683548367,
MMR,2021,4.34,,1242.72134419599,
MMR,2022,3.063,,1158.05005034332,
MMR,2023,2.977,,1233.19666209269,
MMR,2024,2.887,,1359.05001560107,
MMR,2025,3.047,,1488.87527836542,
MNA,1960,,,144.528783673114,
MNA,1961,,,146.972007361003,
MNA,1962,,,145.831668701834,
MNA,1963,,,156.510635823466,
MNA,1964,,,170.270677096944,
MNA,1965,,,183.832655397804,
MNA,1966,,,191.099330751863,
MNA,1967,,,204.177075160077,
MNA,1968,,,223.001762284153,
MNA,1969,,,241.191037384305,
MNA,1970,,,263.507081147404,
MNA,1971,,,290.07154706159,
MNA,1972,,,320.73276946258,
MNA,1973,,,384.787511210848,
MNA,1974,,,575.34702598065,
MNA,1975,,,642.068951576742,
MNA,1976,,,768.946324439149,
MNA,1977,,,862.385504920389,
MNA,1978,,,898.680264388604,
MNA,1979,,,1084.26572066026,
MNA,1980,,,1276.99663142297,
MNA,1981,,,1208.89717487505,
MNA,1982,,,1310.02447202537,
MNA,1983,,,1390.23697794951,
MNA,1984,,,1407.14205625715,
MNA,1985,,,1465.40188873874,
MNA,1986,,,1527.50087171456,
MNA,1987,,,1297.3641585796,
MNA,1988,,,1221.34786900913,
MNA,1989,,,1191.0619516203,
MNA,1990,,,1555.05827495603,
MNA,1991,8.04281882929149,,1024.13992357305,
MNA,1992,8.15777841491164,,1022.14274597846,
MNA,1993,8.6904598679539,,877.44497876498,
MNA,1994,8.75493973614969,,899.269793329172,
MNA,1995,9.04197057012473,,977.954473591564,
MNA,1996,8.22167447864504,,1058.06607863895,
MNA,1997,8.00919483294535,,1077.33623098311,
MNA,1998,8.10371343099382,,1075.35859730551,
MNA,1999,8.37484954351616,,1137.92232780385,
MNA,2000,8.71870374230222,,1247.47233601948,
MNA,2001,8.72286096614539,,1226.17513564007,
MNA,2002,8.74924905373015,,1168.52531612381,
MNA,2003,8.52231485976772,,1263.87606211705,
MNA,2004,7.69407412818457,,1463.04140886351,
MNA,2005,7.84838151626538,7.5,1657.11019014742,
MNA,2006,7.39019405991603,8.4,1883.12072392022,
MNA,2007,7.01816989858009,9.7,2237.26190656626,
MNA,2008,6.84334845869645,11.7,2658.20562971484,
MNA,2009,6.94800177686091,13.5,2515.92356926376,
MNA,2010,7.123332390198,15.5,2821.50866622906,
MNA,2011,7.58032093040946,16.9,3237.8356313737,
MNA,2012,8.88951819638217,18.7,3417.92480806409,
MNA,2013,8.46109583177143,21.3,3153.94010992027,
MNA,2014,8.14794947550081,24.7,3079.70398875281,
MNA,2015,9.05052035727651,27.6,2808.6233441937,
MNA,2016,8.75542082657381,30.8,2869.01813118566,
MNA,2017,9.25338345180518,34.8,2865.83515636992,
MNA,2018,9.28194998275843,37.6,2815.3901774218,
MNA,2019,9.06488013658605,41.5,2701.71325265282,
MNA,2020,9.77596723068346,46.4,2415.26254491139,
MNA,2021,9.6948074926195,50.2,2760.50031198582,
MNA,2022,8.9382675467404,54.1,3022.54814280134,
MNA,2023,8.59209919735259,55.9,2872.39008505083,
MNA,2024,8.70657329890235,58.0,2963.06913716955,
MNA,2025,8.69378066221379,0.0,2829.12883889291,
MNE,1991,30.118,,,
MNE,1992,30.181,,,
MNE,1993,30.238,,,
MNE,1994,30.226,,,
MNE,1995,30.196,,,
MNE,1996,30.173,,,
MNE,1997,30.219,,1375.32616813442,
MNE,1998,30.21,,1405.81632669854,
MNE,1999,30.471,,1367.90257335097,
MNE,2000,30.447,,1627.06511911987,18.111270904541
MNE,2001,30.542,,1909.59870186179,18.9315395355225
MNE,2002,30.356,,2109.30631947331,17.7185001373291
MNE,2003,30.39,,2789.95435110345,18.6800899505615
MNE,2004,30.342,25.3500686036232,3386.38099417981,22.1096992492676
MNE,2005,30.31,27.10000038,3675.98851272723,24.9292507171631
MNE,2006,24.815,28.89999962,4422.55172559508,29.1942901611328
MNE,2007,19.4,30.79999924,5979.43813180981,36.3274917602539
MNE,2008,17.15,32.90000153,7390.01481290503,43.55712890625
MNE,2009,19.09,35.09999847,6726.67589734408,51.6601409912109
MNE,2010,19.649,37.5,6678.63939560908,55.2963485717773
MNE,2011,19.759,35.6115412460109,7265.51771176628,59.0115089416504
MNE,2012,19.808,56.8387825490631,6552.47970337373,60.3092498779297
MNE,2013,19.585,60.31,7102.7776714702,60.4347686767578
MNE,2014,18.054,63.8868840056697,7342.17147363741,63.2196388244629
MNE,2015,17.555,68.1197860085679,6421.00005731419,63.9372711181641
MNE,2016,17.732,69.8816468416779,6968.01202883651,59.1839218139648
MNE,2017,16.082,71.2723325399382,7674.2856571219,60.9102210998535
MNE,2018,15.19,71.5171004874886,8673.59469069858,58.1831512451172
MNE,2019,15.128,73.4766657478691,8749.25629734676,56.2633209228516
MNE,2020,17.878,77.60879306,7555.48699036321,58.0944709777832
MNE,2021,16.543,82.21969752,9315.86435643142,57.9613914489746
MNE,2022,14.851,88.22192026,10038.1849482517,57.4317893981934
MNE,2023,13.146,88.5515976,12258.1600477339,55.1743011474609
MNE,2024,13.206,88.88258428,13270.1824401005,
MNE,2025,13.572,,14816.8380299947,
MNG,1970,,,,24.0345993041992
MNG,1971,,,,22.2103595733643
MNG,1972,,,,20.732479095459
MNG,1973,,,,19.5916500091553
MNG,1974,,,,19.4549407958984
MNG,1975,,,,20.4505500793457
MNG,1976,,,,21.3017807006836
MNG,1977,,,,22.5989398956299
MNG,1978,,,,22.7043209075928
MNG,1979,,,,23.0331306457519
MNG,1980,,,1235.14422497627,22.8759708404541
MNG,1981,,,1325.46680536613,23.1393795013428
MNG,1982,,,1429.62551800828,23.1253604888916
MNG,1983,,,1490.21297634746,23.4397296905518
MNG,1984,,,1119.71388466075,23.7430305480957
MNG,1985,,,1137.90764730312,23.2070503234863
MNG,1986,,,1469.42176378914,23.2615604400635
MNG,1987,,,1493.28238085822,22.600549697876
MNG,1988,,,1543.33555521093,22.2750205993652
MNG,1989,,,1683.92432862486,20.3775196075439
MNG,1990,,0.0,1220.17127664137,18.5528602600098
MNG,1991,5.665,,1098.68017445549,16.260929107666
MNG,1992,5.857,,607.813424662797,14.4373903274536
MNG,1993,5.859,,354.898613087701,12.4017696380615
MNG,1994,5.709,,422.864349383041,12.822790145874
MNG,1995,5.5,0.00881,652.67456284915,14.1376399993897
MNG,1996,5.53,0.0182,595.5810149554,15.7019596099853
MNG,1997,5.608,0.113,515.298004947316,17.720329284668
MNG,1998,5.752,0.146,483.878066074871,20.3455009460449
MNG,1999,5.844,0.508,448.660368337533,25.9451408386231
MNG,2000,5.992,1.25565200358112,476.02755082717,29.2760200500488
MNG,2001,6.111,1.65323823906982,524.453483552485,33.2865905761719
MNG,2002,6.2,2.0395726034818,570.249213248399,34.7981109619141
MNG,2003,6.768,,643.168068921658,36.878849029541
MNG,2004,6.851,,794.154552001815,39.5999908447266
MNG,2005,7.015,9.0,994.90010913241,43.4830207824707
MNG,2006,7.193,9.0,1329.89179579053,46.8148307800293
MNG,2007,7.2,9.0,1627.68787743359,46.9772300720215
MNG,2008,5.565,9.800000191,2127.42678594737,49.1745986938477
MNG,2009,5.86,10.0,1703.32756790019,53.1806716918945
MNG,2010,6.549,10.2,2625.21881402433,56.0776786804199
MNG,2011,4.769,12.4999911084745,3736.04201455077,56.7482133834947
MNG,2012,3.905,16.4,4328.89001905655,61.3067016601562
MNG,2013,4.231,17.699984237,4340.14310544449,64.8171691894531
MNG,2014,4.798,19.9424474349209,4126.23975800524,66.6792297363281
MNG,2015,4.861,22.5000041337688,3838.92126989984,70.3587265014648
MNG,2016,7.235,22.2657705007562,3619.90026383792,65.2477111816406
MNG,2017,6.359,23.71430016,3645.96708669551,64.4055709838867
MNG,2018,5.377,47.1300018848989,4107.64288528468,65.1030502319336
MNG,2019,9.024,51.079994082603,4347.54610314873,67.970817565918
MNG,2020,6.413,62.50002848,4001.25193077703,66.2557467107749
MNG,2021,7.871,81.60682285,4517.61578018785,67.4261046440448
MNG,2022,5.954,81.07720184,4993.51487463495,67.6998728025335
MNG,2023,5.178,83.74320221,5838.63108083902,67.941399950927
MNG,2024,5.158,85.12349701,6750.6301157724,69.044059753418
MNG,2025,5.233,,7108.22743246244,
MNP,1990,,0.0,,
MNP,2002,,,19227.8894246608,
MNP,2003,,,18938.8728389967,
MNP,2004,,,18924.5831899653,
MNP,2005,,,17015.7487891715,
MNP,2006,,,16314.5578590027,
MNP,2007,,,15914.2193040498,
MNP,2008,,,16430.4461942257,
MNP,2009,,,14369.6339810212,
MNP,2010,,,14771.4037455399,
MNP,2011,,,13598.7166094613,
MNP,2012,,,14013.6003306158,
MNP,2013,,,14632.8518897608,
MNP,2014,,,15945.417608954,
MNP,2015,,,17665.1007493109,
MNP,2016,,,24225.474169342,
MNP,2017,,,31225.6049960968,
MNP,2018,,,26509.3628379893,
MNP,2019,,,24496.6652122421,
MNP,2020,,,18220.8382427201,
MNP,2021,,,19455.50139424,
MNP,2022,,,23785.754590043,
MOZ,1971,,,,0.293870002031326
MOZ,1973,,,,0.36081999540329
MOZ,1977,,,,0.10164999961853
MOZ,1978,,,,0.0835099965333939
MOZ,1979,,,,0.0776500031352043
MOZ,1980,,,,0.0808100029826164
MOZ,1981,,,,0.10080000013113
MOZ,1982,,,,0.122780002653599
MOZ,1985,,,,0.139970004558563
MOZ,1987,,,,0.223600000143051
MOZ,1990,,0.0,,
MOZ,1991,2.838,,288.708092484444,
MOZ,1992,3.028,,205.585216062094,0.368429988622665
MOZ,1993,2.896,,205.189844208699,0.408349990844727
MOZ,1994,2.879,,196.763143175646,0.453289985656738
MOZ,1995,2.758,,191.826096861406,0.450109988451004
MOZ,1996,2.763,0.00304,244.362651012498,0.470349997282028
MOZ,1997,2.7,0.0118,287.532091475389,
MOZ,1998,2.64,0.0202,320.125121723292,
MOZ,1999,2.663,0.0563,354.406245723711,0.602349996566772
MOZ,2000,2.832,0.109592530041641,327.12623979157,0.613489985466003
MOZ,2001,2.838,0.160031946644069,304.792138621913,0.602580010890961
MOZ,2002,2.902,0.259612611253739,313.886661721198,0.682079970836639
MOZ,2003,2.857,0.419538843913707,339.488737800648,0.928529977798462
MOZ,2004,2.953,0.679447835392438,400.056973161545,1.15550994873047
MOZ,2005,3.035,0.854399979,436.773856167384,1.43202996253967
MOZ,2006,3.037,0.842954488044236,457.487647833183,2.12770009040833
MOZ,2007,3.082,0.91,507.874923914304,3.03946995735169
MOZ,2008,3.112,1.56,592.159111184122,3.51939988136292
MOZ,2009,3.207,2.68,547.697144193651,3.82146000862122
MOZ,2010,3.259,4.17,496.185839392659,4.6029332896014
MOZ,2011,3.295,4.599999905,618.17649286789,4.903703492415
MOZ,2012,3.304,5.0,685.685748199513,5.19951373358179
MOZ,2013,3.345,5.5,686.505672517351,5.59344755668074
MOZ,2014,3.377,6.0,697.142680444123,6.25049132527997
MOZ,2015,3.426,6.5,610.563774706589,6.73181717702859
MOZ,2016,3.65,7.0,441.489734819071,7.34197304077013
MOZ,2017,3.935,7.7963266079129,470.93856305196,7.24573099191356
MOZ,2018,4.21,10.89999962,517.507260258101,7.4630510423433
MOZ,2019,4.462,12.47929955,519.09255091362,
MOZ,2020,5.019,14.28740025,462.433876479921,
MOZ,2021,5.413,16.35759926,509.907829475551,
MOZ,2022,6.789,18.96220016,578.273222184503,
MOZ,2023,6.661,19.94560051,622.191133245967,
MOZ,2024,6.668,20.52729988,656.976148587772,
MOZ,2025,6.628,,626.914419215727,
MRT,1961,,,188.158401597739,
MRT,1962,,,188.995146612769,
MRT,1963,,,188.249348047987,
MRT,1964,,,244.294599697524,
MRT,1965,,,269.962165823141,
MRT,1966,,,273.604362731912,
MRT,1967,,,281.533377446756,
MRT,1968,,,300.94152952866,
MRT,1969,,,276.598267711858,
MRT,1970,,,281.327175871626,
MRT,1971,,,295.993927021331,
MRT,1972,,,335.23154288786,
MRT,1973,,,409.721138785311,
MRT,1974,,,494.288408290337,
MRT,1975,,,550.66258324178,
MRT,1976,,,589.237667658903,
MRT,1977,,,590.226698413217,
MRT,1978,,,577.742777476832,0.422800004482269
MRT,1979,,,664.383619042778,
MRT,1980,,,710.918952530534,
MRT,1981,,,728.796521822095,
MRT,1982,,,710.21886884239,
MRT,1983,,,725.174522510668,
MRT,1984,,,649.681186509673,
MRT,1985,,,593.219654421302,1.77372002601623
MRT,1986,,,677.363323878901,2.72984004020691
MRT,1987,,,745.787178962507,3.11893010139465
MRT,1988,,,762.423918016846,3.02064990997314
MRT,1989,,,762.275580637475,3.13382005691528
MRT,1990,,0.0,772.033092140219,3.07737994194031
MRT,1991,9.971,,1061.67704285264,2.74047994613648
MRT,1992,10.052,,1036.47437808576,2.9126501083374
MRT,1993,9.85,,849.620301696661,3.51754999160767
MRT,1994,9.979,,864.599478365453,3.48554992675781
MRT,1995,9.766,,904.719170071042,3.42460989952087
MRT,1996,9.764,,904.120879798142,3.70655989646912
MRT,1997,9.788,0.00417,859.28395817576,3.99486994743347
MRT,1998,9.975,0.0406,821.266378551937,3.90360999107361
MRT,1999,10.033,0.118,781.337033563197,4.19634008407593
MRT,2000,10.03,0.192031462434805,680.911061879778,
MRT,2001,10.132,0.261448551967195,651.817840199777,3.47914004325867
MRT,2002,10.201,0.363229414608579,648.879643934862,3.0836501121521
MRT,2003,9.911,0.424004895843197,732.017820812675,3.29281997680664
MRT,2004,9.77,0.481470438230954,823.554457141893,3.34153008460998
MRT,2005,9.59,0.670000017,998.96583416747,3.07908010482788
MRT,2006,9.313,0.979700029,1300.60367988659,3.48698997497559
MRT,2007,9.482,1.433599949,1405.15016203368,3.95002007484436
MRT,2008,9.715,1.870000005,1635.5630623124,4.07179021835327
MRT,2009,10.214,2.279999971,1435.43010811893,4.12409019470215
MRT,2010,10.093,4.0,1659.96369705455,4.66769636853479
MRT,2011,9.976,4.5,1931.19975525465,5.06647175812938
MRT,2012,9.864,5.0,1859.11733247641,5.49335070425997
MRT,2013,9.926,6.199999809,1936.26950446101,5.79601450584933
MRT,2014,10.026,11.80000019,1718.97089374709,
MRT,2015,10.104,17.60000038,1558.84205473416,5.88425001273035
MRT,2016,10.287,19.23279953,1568.00551190332,5.56245834327609
MRT,2017,10.336,21.01720047,1617.93401542267,5.15614020144375
MRT,2018,10.411,22.96699905,1723.37809442655,5.13275480775448
MRT,2019,10.416,25.0977993,1767.072710621,5.88823986461851
MRT,2020,11.051,29.90649986,1795.72437324423,5.97194330025359
MRT,2021,11.131,35.63660049,1947.47413907209,
MRT,2022,10.52,42.46450043,1961.28166648869,
MRT,2023,10.37,44.95629883,2127.9576285973,
MRT,2024,10.257,45.77939987,2104.54260769051,
MRT,2025,10.319,,2197.51046251309,
MUS,1960,,,238.251033437494,
MUS,1961,,,281.683081448637,
MUS,1962,,,282.342386236302,
MUS,1963,,,353.11354761151,
MUS,1964,,,297.284380211561,
MUS,1965,,,305.47697280765,
MUS,1966,,,295.955041673441,
MUS,1967,,,304.163949585507,
MUS,1968,,,258.734051896237,
MUS,1969,,,272.713256163629,
MUS,1970,,,271.338746980393,2.39052009582519
MUS,1971,,,299.604801832026,1.54384994506836
MUS,1972,,,373.996570209941,1.40795004367828
MUS,1973,,,467.480218496262,1.41987001895904
MUS,1974,,,762.940758670279,1.34859001636505
MUS,1975,,,754.833281472402,1.09932005405426
MUS,1976,,,787.098225962589,1.39077997207642
MUS,1977,,,905.949638747869,1.49007999897003
MUS,1978,,,1102.34753691974,1.33517003059387
MUS,1979,,,1292.2014302482,1.14461994171143
MUS,1980,,,1187.35157080412,0.963630020618439
MUS,1981,,,1180.84070937438,0.818920016288757
MUS,1982,,,1101.15920527391,0.820219993591309
MUS,1983,,,1103.09124580137,0.606630027294159
MUS,1984,,,1041.83252378016,0.67535001039505
MUS,1985,,,1068.67359316099,0.987089991569519
MUS,1986,,,1441.71452837714,0.95388001203537
MUS,1987,,,1839.79109565422,1.40630996227264
MUS,1988,,,2073.59238787189,1.93630003929138
MUS,1989,,,2103.48802694458,2.06077003479004
MUS,1990,,0.0,2539.92846467452,3.39674997329712
MUS,1991,9.493,,2705.26648158805,4.01713991165161
MUS,1992,9.428,,3013.23706337167,
MUS,1993,9.5,,3013.83313790492,5.99556016921997
MUS,1994,9.513,,3240.38624662702,5.4636402130127
MUS,1995,9.59,,3648.01649622256,5.95722007751465
MUS,1996,9.503,0.184,3951.94494649336,6.69427013397217
MUS,1997,9.381,0.476,3695.73668844327,6.51308012008667
MUS,1998,9.253,2.57,3641.62142564086,
MUS,1999,9.278,4.65,3745.69625069831,9.55496025085449
MUS,2000,9.125,7.28153511499385,3981.98343249582,10.6760301589966
MUS,2001,9.14,8.78090401892036,3908.55694927435,16.4485702514648
MUS,2002,8.205,10.252624671916,4073.06053055903,15.1241102218628
MUS,2003,8.318,12.1871062041308,4858.26575549747,15.7577295303345
MUS,2004,8.337,13.6890885885342,5460.60800184198,17.2851009368896
MUS,2005,9.524,15.1722002,5354.02974260642,21.0529594421387
MUS,2006,9.04,16.7,5784.22491883026,23.6054592132568
MUS,2007,8.475,20.22,6677.37538616398,24.5238494873047
MUS,2008,7.17,21.81,8140.47983639243,27.0272006988525
MUS,2009,7.257,22.51,7426.86137313939,31.3993797302246
MUS,2010,7.654,28.33,8113.17670740212,33.0799908955061
MUS,2011,7.447,34.95000076,9324.24232310496,34.2265053809565
MUS,2012,7.472,35.42,9421.52514098225,40.3749497386409
MUS,2013,7.322,40.116825135,9877.13865958834,41.4023953525386
MUS,2014,7.467,44.8032753683379,10490.3315563853,40.0382004235695
MUS,2015,7.41,50.1393184766711,9630.5437837507,37.760738643162
MUS,2016,6.814,52.19129944,10095.1225574156,38.4107692617261
MUS,2017,6.752,55.4032403002657,10986.7034093005,39.6618786560902
MUS,2018,6.426,58.596169704299,11818.7480619272,40.4078098261963
MUS,2019,6.331,61.7299551453346,11568.2533399824,42.9878710798151
MUS,2020,8.626,67.73290684,9135.84773751062,42.5378418595105
MUS,2021,7.719,71.59999847,9177.71195973013,43.9577226373808
MUS,2022,6.322,75.5,10246.5017455553,44.2026816403629
MUS,2023,5.571,79.5,11269.9684462139,43.3386887794765
MUS,2024,5.548,73.30793533,11990.9355434317,45.7771156388358
MUS,2025,5.635,,12991.2935987166,
MWI,1973,,,,0.465140014886856
MWI,1974,,,,0.470889985561371
MWI,1975,,,,0.474240005016327
MWI,1976,,,,0.415989995002747
MWI,1977,,,,0.424039989709854
MWI,1978,,,,0.392800003290176
MWI,1979,,,,0.41881999373436
MWI,1980,,,287.470822426729,0.461899995803833
MWI,1981,,,276.407062724717,0.450260013341904
MWI,1982,,,253.342697905133,0.442690014839172
MWI,1983,,,252.442074600122,0.427190005779266
MWI,1984,,,239.74828969103,0.425550013780594
MWI,1985,,,216.054136140391,0.42875000834465
MWI,1986,,,217.8701899466,0.424620002508164
MWI,1987,,,207.605894737179,0.440259993076325
MWI,1988,,,229.421843922728,0.412779986858368
MWI,1989,,,252.19590741943,0.433979988098144
MWI,1990,,0.0,286.730598968269,0.516950011253357
MWI,1991,4.9,,325.75273105931,0.53711998462677
MWI,1992,5.064,,258.393430877557,0.540430009365082
MWI,1993,4.988,,293.016883079922,0.539810001850128
MWI,1994,5.368,,169.196526919639,0.574460029602051
MWI,1995,4.895,,200.362370007247,0.589349985122681
MWI,1996,4.94,,320.662735559137,0.597699999809265
MWI,1997,4.69,0.00467,366.954461274104,
MWI,1998,4.921,0.0181,236.045479450504,
MWI,1999,5.002,0.0873,233.935986197873,0.309139996767044
MWI,2000,5.045,0.126780944756387,224.22415918428,0.331539988517761
MWI,2001,5.221,0.164020725330811,215.474524898357,0.364780008792877
MWI,2002,5.248,0.21509472652259,428.210439838398,0.385289996862411
MWI,2003,5.165,0.278815116302304,383.348596852642,0.391519993543625
MWI,2004,4.964,0.347505334967577,404.674248445428,0.462709993124008
MWI,2005,4.935,0.384499997,414.361121984475,0.45329999923706
MWI,2006,4.954,0.425099999,440.822149023873,0.479409992694855
MWI,2007,4.876,0.965864736553132,475.180261659331,0.477120012044907
MWI,2008,4.796,0.7,554.048820396119,
MWI,2009,4.732,1.07,625.869729869625,
MWI,2010,4.78,2.26,683.124694716799,1.26225889832108
MWI,2011,4.829,3.33,763.061000394572,1.55183037174754
MWI,2012,4.949,4.350599766,558.46208832772,0.838820281170415
MWI,2013,4.978,5.050000191,496.947368267313,
MWI,2014,4.967,5.829999924,529.5133440206,0.827777867221161
MWI,2015,4.953,6.0,539.605363240686,0.809801002249246
MWI,2016,5.011,6.300000191,450.506105510719,
MWI,2017,5.046,7.0,495.769683367165,
MWI,2018,5.021,8.798299789,533.202567189331,1.6942403485732
MWI,2019,4.964,11.05860043,580.889139762475,
MWI,2020,5.72,13.89949989,602.507478176106,2.40217380732134
MWI,2021,5.652,15.30300045,617.446994451007,2.39798041885226
MWI,2022,5.02,16.84830093,604.269740360317,2.70813684546823
MWI,2023,5.009,17.98810346,633.214767978695,
MWI,2024,5.051,18.96159935,522.365366146003,
MWI,2025,5.072,,671.506847203876,
MYS,1960,,,240.847414554537,
MYS,1961,,,232.943768818315,
MYS,1962,,,238.836339180717,
MYS,1963,,,291.800006993807,
MYS,1964,,,302.933952345239,
MYS,1965,,,326.436007443045,
MYS,1966,,,338.570121454412,
MYS,1967,,,335.425630582949,
MYS,1968,,,342.444763417284,
MYS,1969,,,368.385655484736,
MYS,1970,,,379.626764270849,
MYS,1971,,,407.19672797331,
MYS,1972,,,472.363509449959,
MYS,1973,,,700.728626010603,
MYS,1974,,,847.806802570239,
MYS,1975,,,810.570999701272,
MYS,1976,,,940.437734141673,
MYS,1977,,,1091.70837095855,
MYS,1978,,,1326.88769798353,
MYS,1979,,,1679.87779419937,3.99015998840332
MYS,1980,,,1886.12339323875,4.22949981689453
MYS,1981,,,1866.10246831744,
MYS,1982,,,1937.74922725899,4.61836004257202
MYS,1983,,,2124.29229106221,4.58163022994995
MYS,1984,,,2299.80870816235,5.07356023788452
MYS,1985,,,2045.57471772113,5.98676013946533
MYS,1986,,,1759.73185736702,6.9483699798584
MYS,1987,,,1977.1290866202,7.50098991394043
MYS,1988,,,2099.95467656701,7.47221994400024
MYS,1989,,,2243.60219599914,6.66064977645874
MYS,1990,,0.0,2468.69080320116,7.25777006149292
MYS,1991,3.7,,2679.20101106745,8.06015014648438
MYS,1992,3.71,0.00105,3141.43321987651,9.16376972198486
MYS,1993,4.11,0.0255,3461.99504214189,9.45715999603271
MYS,1994,3.64,0.0996,3757.65292858601,10.3980398178101
MYS,1995,3.15,0.146,4363.14458333034,11.2613296508789
MYS,1996,2.52,0.852,4837.16897250768,
MYS,1997,2.45,2.31,4678.56390058182,
MYS,1998,3.2,6.75,3294.30978444095,22.9279899597168
MYS,1999,3.43,12.3,3527.81581379249,24.1853408813477
MYS,2000,3.0,21.3847311644538,4083.52874483605,27.5522994995117
MYS,2001,3.53,26.6959725007084,3943.79943910239,26.960880279541
MYS,2002,3.48,32.3382043389359,4184.03163773539,28.92991065979
MYS,2003,3.61,34.9711523397291,4465.32194567208,31.2641696929932
MYS,2004,3.54,42.2522656295248,4939.24851854427,29.779899597168
MYS,2005,3.53,48.6291702459839,5555.58179951206,27.1163005828857
MYS,2006,3.32,51.6379889864403,6158.40785533236,27.6703605651856
MYS,2007,3.31,55.7,7168.93031942508,29.375789642334
MYS,2008,3.34,55.8,8371.82156086005,32.9037017822266
MYS,2009,3.62,55.9,7191.43287234626,35.0602111816406
MYS,2010,3.32,56.3,8899.34505544675,36.6774305573553
MYS,2011,3.05,61.0,10217.1068585031,35.5661790570975
MYS,2012,3.04,65.8,10600.5744240026,36.825516807355
MYS,2013,3.14,57.05751226,10713.6407638899,38.0700970900265
MYS,2014,2.88,63.6654258813225,11013.3107334403,38.3919142029325
MYS,2015,3.1,71.0640678111957,9648.6797937523,44.289909239243
MYS,2016,3.44,78.7883099275229,9476.53409809923,45.4034659569972
MYS,2017,3.41,80.1404790103961,9862.54806612235,42.293211695146
MYS,2018,3.3,81.2010486181174,10901.8019954421,43.3100279300797
MYS,2019,3.33,84.1871450078281,10920.191763972,40.8082966813944
MYS,2020,4.54,89.55501192,9957.52626697613,39.7445667367633
MYS,2021,4.64,96.7514278,10903.1037480772,38.1899993008367
MYS,2022,3.93,97.3986404,11754.5678336248,36.9853099297291
MYS,2023,3.858,97.69272633,11386.0395636528,37.2745812491757
MYS,2024,3.846,98.0206059,11874.4273684245,38.5013945445142
MYS,2025,3.764,,13124.5554178269,
NAC,1960,,,2933.32612076162,
NAC,1961,,,2985.34509534558,
NAC,1962,,,3148.48034494886,
NAC,1963,,,3276.24057329535,
NAC,1964,,,3473.15658682108,
NAC,1965,,,3722.17913835061,
NAC,1966,,,4035.88185355802,
NAC,1967,,,4223.19167135647,
NAC,1968,,,4570.75388903652,
NAC,1969,,,4902.69124991101,
NAC,1970,,,5130.46496658829,
NAC,1971,,,5506.31995735305,
NAC,1972,,,5999.16290039623,
NAC,1973,,,6642.71747804851,
NAC,1974,,,7209.11056718541,
NAC,1975,,,7775.52950366746,
NAC,1976,,,8615.91036395796,
NAC,1977,,,9403.39083487761,
NAC,1978,,,10427.5235353317,
NAC,1979,,,11518.7542483322,
NAC,1980,,,12441.4904083867,
NAC,1981,,,13820.1932805098,
NAC,1982,,,14247.3479863069,
NAC,1983,,,15341.7852470968,
NAC,1984,,,16808.9173401044,
NAC,1985,,,17838.5825446095,
NAC,1986,,,18625.6594397012,
NAC,1987,,,19679.3370907984,
NAC,1988,,,21180.3472351774,
NAC,1989,,,22652.6630458719,
NAC,1990,,,23653.5020058697,
NAC,1991,7.16085104908465,,24094.1306916521,
NAC,1992,7.87315728585848,,24974.7405630878,
NAC,1993,7.34989291267264,,25772.0724370973,
NAC,1994,6.54555954314501,,26931.65092829,
NAC,1995,6.03024492508477,,27897.9346077139,
NAC,1996,5.86183271562099,,29112.2451436921,
NAC,1997,5.40301547573426,,30518.0661560011,
NAC,1998,4.88226202925985,,31691.9431241342,
NAC,1999,4.55171801715172,,33320.9381100499,69.5722122192383
NAC,2000,4.27316817166147,,35151.3741865271,66.9040679931641
NAC,2001,4.97961964201139,,35831.4544724133,71.4756927490234
NAC,2002,5.97486412366027,,36652.0071224205,76.0470504760742
NAC,2003,6.15326151532504,,38395.549732626,77.6200637817383
NAC,2004,5.70124819512877,,40788.4854021089,79.1845626831055
NAC,2005,5.25750859640354,68.3,43368.601911774,78.8173599243164
NAC,2006,4.81614136114576,69.3,45741.3313198546,81.1328964233398
NAC,2007,4.78243165759455,74.8,47727.7733811193,82.1136093139648
NAC,2008,5.83652846325955,74.3,48398.3833708608,83.0399475097656
NAC,2009,9.16994852137916,71.9,46581.4200397343,85.34716796875
NAC,2010,9.47758645184374,72.5,48545.8113186856,85.4238433837891
NAC,2011,8.80784798616693,71.0,50252.0190049531,85.7931976318359
NAC,2012,7.99588953313322,75.5,51812.8656700661,86.0814895629883
NAC,2013,7.34976348971497,72.8,53240.3655883832,86.5340118408203
NAC,2014,6.26083245211775,74.4,54742.8371458308,86.5686874389648
NAC,2015,5.4606408215288,76.1,55534.4614029189,86.8131408691406
NAC,2016,5.10340701910414,86.1,56416.7892083026,86.9502792358398
NAC,2017,4.57971738602629,87.8,58555.9003870103,86.4250564575195
NAC,2018,4.10721129091519,89.1,61228.2000482629,86.4270935058594
NAC,2019,3.890566885067,89.7,63306.810223782,86.4167633056641
NAC,2020,8.2305997250471,90.5,62319.8671337986,86.3354034423828
NAC,2021,5.59210953628448,91.5,69532.9041926862,84.3603820800781
NAC,2022,3.83310095020415,92.6,75769.6975468613,79.3105697631836
NAC,2023,3.8406106523085,93.3,79647.6390981082,82.2317199707031
NAC,2024,4.29029945331562,94.4,82808.120496409,79.0441970825195
NAC,2025,4.51108669589749,95.6,86308.0717272746,
NAM,1980,,,2467.80765504439,
NAM,1981,,,2266.91040607673,
NAM,1982,,,2097.09340946461,
NAM,1983,,,2214.33863115715,
NAM,1984,,,1830.46920554097,
NAM,1985,,,1466.17924353732,
NAM,1986,,,1599.39785666132,
NAM,1987,,,1969.42364982372,
NAM,1988,,,2062.57997582884,
NAM,1989,,,1966.82702819252,
NAM,1990,,0.0,2037.47589359778,
NAM,1991,19.14,,2116.90552516214,2.84932994842529
NAM,1992,18.896,,2346.86242963741,
NAM,1993,19.078,,2154.96473655435,
NAM,1994,19.4,,2355.90445673153,6.21911001205444
NAM,1995,21.34,0.00617,2483.20353415161,7.09803009033203
NAM,1996,22.844,0.00903,2423.3982907313,
NAM,1997,24.45,0.0588,2459.64511763936,5.32100009918213
NAM,1998,23.083,0.287,2235.24515468625,6.53711986541748
NAM,1999,21.668,0.336,2177.78733370092,
NAM,2000,20.3,1.64473954726899,2156.67590512714,
NAM,2001,21.009,2.41697944170998,1915.58926594875,7.40269994735718
NAM,2002,21.538,2.63369976876116,1772.07565537493,6.05016994476318
NAM,2003,22.104,3.35983988553801,2569.24739317883,6.39102983474731
NAM,2004,22.09,3.8047156152631,3403.15496192955,
NAM,2005,22.108,4.010000229,3685.77299991587,7.1070499420166
NAM,2006,21.848,4.39887064732726,4017.1834716928,6.75277996063232
NAM,2007,22.12,4.83561077833704,4379.04313682732,
NAM,2008,22.005,5.32900377208954,4204.78555422749,9.49368953704834
NAM,2009,22.271,6.5,4302.91374148376,
NAM,2010,22.12,11.6,5418.21633365814,
NAM,2011,19.481,12.0,5834.7917675794,
NAM,2012,16.771,12.94139957,5942.64680978673,16.9048603106683
NAM,2013,19.028,13.89999962,5346.62131149967,17.4603999838663
NAM,2014,18.521,14.84000015,5378.32326241205,18.4653069281067
NAM,2015,20.791,25.68790054,4774.10650865775,19.6551504993361
NAM,2016,23.352,31.0333004,4395.68776162376,21.4367036193
NAM,2017,21.748,36.83739853,5143.96072323076,22.4801755471009
NAM,2018,19.877,42.8207016,5308.60813408705,23.7001690404035
NAM,2019,19.929,49.77590179,4731.9210318831,25.8966511201824
NAM,2020,21.003,57.8608017,3878.58982993966,25.9870484145026
NAM,2021,20.931,60.25999832,4412.8355693052,26.6057345682932
NAM,2022,19.615,62.99720001,4349.79908493314,26.1092654658031
NAM,2023,19.154,63.69549942,4225.99102418102,
NAM,2024,19.157,64.87460327,4501.84849548225,
NAM,2025,19.291,,4875.92558158247,
NCL,1965,,,1713.14089313598,
NCL,1966,,,1713.69793827137,
NCL,1967,,,1826.17147949386,
NCL,1968,,,2124.4581832684,
NCL,1969,,,2509.40725556196,
NCL,1970,,,3281.71069593272,
NCL,1971,,,3615.1542919613,
NCL,1972,,,4225.83816273241,
NCL,1973,,,4318.13831160265,
NCL,1974,,,4848.9446983879,
NCL,1975,,,5940.93032547352,
NCL,1976,,,5618.32573273327,
NCL,1977,,,5792.71036838794,
NCL,1978,,,5779.03633913119,
NCL,1979,,,7069.54421444295,
NCL,1980,,,7892.72212911846,
NCL,1981,,,6422.06638106676,
NCL,1982,,,5912.37880618972,
NCL,1983,,,5315.10934087161,
NCL,1984,,,5051.72635841793,
NCL,1985,,,5334.82839832455,
NCL,1986,,,7374.68547045802,
NCL,1987,,,8983.35708724875,
NCL,1988,,,12301.1923190702,
NCL,1989,,,12701.8289877333,
NCL,1990,,0.0,14334.6807372176,
NCL,1991,18.124,,14642.5179713722,
NCL,1992,18.61,,15713.7198562158,
NCL,1993,18.762,,14787.2165075183,
NCL,1994,18.878,,15534.3093278924,
NCL,1995,18.629,0.00518,18107.8880778022,
NCL,1996,18.64,0.253,17592.0502745845,
NCL,1997,18.382,0.989,15704.9593483537,
NCL,1998,18.519,1.94,16614.5978812179,
NCL,1999,18.205,5.69,16692.6835119189,
NCL,2000,17.907,13.9395488232698,15329.7297200058,
NCL,2001,17.391,18.2371097828416,14482.3606263602,
NCL,2002,17.045,22.389797417113,16104.5520406819,
NCL,2003,16.665,26.4083344703588,20768.1061488848,
NCL,2004,16.31,30.2980462088488,24475.6488547037,
NCL,2005,15.778,32.3590147531561,25528.2918353444,
NCL,2006,15.256,33.5157146807209,28193.2537573387,
NCL,2007,14.754,35.05,35177.6535261448,
NCL,2008,14.36,34.51,35723.9033194947,
NCL,2009,13.97,33.99,33836.494080472,
NCL,2010,13.998,42.0,35798.9084757829,
NCL,2011,13.988,50.0,38835.9401851385,
NCL,2012,14.116,58.0,35559.5672006157,
NCL,2013,14.39,66.0,36671.1566752621,
NCL,2014,14.59,70.0,37816.9558599295,
NCL,2015,13.621,74.00175279141,30858.7237060533,
NCL,2016,12.679,,30782.8544433514,
NCL,2017,11.676,82.0058408035186,32354.7102832901,
NCL,2018,11.702,,34902.8968780031,
NCL,2019,10.88,,33411.3358835672,
NCL,2020,13.558,,33270.330597637,
NCL,2021,11.574,,35311.5543551452,
NCL,2022,10.71,,33516.363085906,
NCL,2023,10.922,,33701.8923322781,
NCL,2024,10.991,,29213.1923192946,
NCL,2025,11.174,,,
NER,1960,,,128.251201351162,
NER,1961,,,134.635094261008,
NER,1962,,,143.150824130834,
NER,1963,,,153.324882584919,
NER,1964,,,148.080269139855,
NER,1965,,,166.280055859235,
NER,1966,,,168.596485499415,
NER,1967,,,155.380620524944,
NER,1968,,,145.610145933803,
NER,1969,,,138.291209756182,
NER,1970,,,139.75875001865,
NER,1971,,,145.213783611591,0.0
NER,1972,,,151.437947747318,0.0
NER,1973,,,187.854399670045,0.048760000616312
NER,1974,,,198.28916531089,0.0614099986851215
NER,1975,,,197.232873008404,0.0756900012493134
NER,1976,,,194.789570593583,0.111309997737408
NER,1977,,,229.808417625006,0.152830004692078
NER,1978,,,306.828022482047,0.152129992842674
NER,1979,,,354.169730869649,0.176899999380112
NER,1980,,,408.822779755471,0.17323000729084
NER,1981,,,343.386800706738,0.254949986934662
NER,1982,,,309.795062345471,0.31997999548912
NER,1983,,,268.772580748131,0.355720013380051
NER,1984,,,211.468807340699,0.400510013103485
NER,1985,,,202.372740665362,0.45592999458313
NER,1986,,,259.561894151866,
NER,1987,,,295.326253933298,0.501569986343384
NER,1988,,,292.587878484489,
NER,1989,,,271.266557931133,0.542150020599365
NER,1990,,0.0,423.887460599302,0.630980014801025
NER,1991,1.588,,384.44311679922,
NER,1992,1.569,,384.029657304316,0.599449992179871
NER,1993,1.541,,335.429581902384,
NER,1994,1.502,,206.214617135856,
NER,1995,1.494,,237.01998956862,
NER,1996,1.498,0.00104,239.494513213973,
NER,1997,1.503,0.00201,220.562957209,
NER,1998,1.381,0.00291,246.090855923026,
NER,1999,1.385,0.0281,228.271656116064,
NER,2000,1.427,0.0362612938065891,194.771959898935,
NER,2001,1.47,0.10518543139701,205.417936120931,
NER,2002,1.808,0.127152468779619,225.294391147438,
NER,2003,2.145,0.155698703668983,265.225363452469,0.827859997749329
NER,2004,2.751,0.189933733703092,283.468281798296,0.796029984951019
NER,2005,3.1,0.221300006,318.643121918273,0.951579988002777
NER,2006,2.528,0.294,333.345078419447,0.960169970989227
NER,2007,2.021,0.390399992,387.168065883301,0.905510008335114
NER,2008,1.584,0.7,475.044955398162,1.03770005702972
NER,2009,1.208,0.76,461.131533961487,1.25635004043579
NER,2010,0.718,0.829999983,474.425692340831,1.30152108043912
NER,2011,0.316,0.9,510.75956176268,1.34816649944538
NER,2012,2.177,1.049999952,528.510104469655,1.54284142561837
NER,2013,1.401,1.149999976,552.103334363117,
NER,2014,0.524,1.24867568902241,565.30989731175,
NER,2015,0.556,2.476200104,485.662574175279,3.24257822413642
NER,2016,0.55,4.322800159,499.910520068193,3.45043638449437
NER,2017,0.556,10.2243115586561,529.929418934868,3.66741981878978
NER,2018,0.536,10.74180031,576.927536415462,4.33801956751366
NER,2019,0.531,11.28549957,541.265819870273,4.15170730347346
NER,2020,0.591,11.85680008,575.451340306915,
NER,2021,0.806,12.45689964,609.585703670137,
NER,2022,0.403,13.08749962,613.614736429298,
NER,2023,0.407,12.98079967,647.930108509567,
NER,2024,0.376,15.55760002,729.856664168989,
NER,2025,0.394,,775.353622143879,
NGA,1960,,,93.1370090424417,
NGA,1961,,,97.1375281143562,
NGA,1962,,,104.532495533943,
NGA,1963,,,107.675741358944,
NGA,1964,,,113.297345671875,
NGA,1965,,,117.287226824734,
NGA,1966,,,124.382440176253,
NGA,1967,,,99.5014906604697,
NGA,1968,,,97.3372081255964,
NGA,1969,,,121.436663307697,
NGA,1970,,,224.46293599595,
NGA,1971,,,160.479255841113,
NGA,1972,,,209.454776294345,
NGA,1973,,,252.369032452868,
NGA,1974,,,402.836999782685,
NGA,1975,,,438.078813916795,0.741649985313416
NGA,1976,,,556.389687719878,0.819750010967255
NGA,1977,,,535.965307817329,1.04461002349853
NGA,1978,,,526.895852928476,1.1761599779129
NGA,1979,,,660.994040864293,1.63014996051788
NGA,1980,,,870.359934682057,1.86968994140625
NGA,1981,,,2162.20995436075,2.36316990852356
NGA,1982,,,1821.53265482387,2.708899974823
NGA,1983,,,1207.07374565349,2.88541007041931
NGA,1984,,,890.434106332302,3.03946995735169
NGA,1985,,,868.640540548893,3.41904997825623
NGA,1986,,,628.248453718536,3.56057000160217
NGA,1987,,,587.956613434089,3.47396993637085
NGA,1988,,,539.539468397166,3.82961988449097
NGA,1989,,,465.488089532188,4.0863299369812
NGA,1990,,0.0,556.376449130902,
NGA,1991,3.831,,596.938795710722,
NGA,1992,3.79,,508.515905682785,
NGA,1993,4.023,,539.573202297542,
NGA,1994,4.064,,744.884247151377,
NGA,1995,4.152,,1271.61617353199,
NGA,1996,4.043,0.00883,1632.72469370276,
NGA,1997,3.964,0.0172,1720.27540949396,
NGA,1998,3.922,0.0252,1822.46998452473,
NGA,1999,3.986,0.041,480.669363941805,5.80225992202759
NGA,2000,3.953,0.0640808079494101,547.318298903379,
NGA,2001,3.9,0.089901370457273,566.428231812933,
NGA,2002,3.669,0.320461975542327,712.164852077686,
NGA,2003,3.637,0.558576244860521,763.388745367223,9.28291988372803
NGA,2004,3.59,1.28613764134527,962.48104194733,9.52007961273193
NGA,2005,3.727,3.54915571796492,1211.37703504386,10.0968999862671
NGA,2006,3.749,5.54503608300536,1599.53891556365,
NGA,2007,3.794,6.769999981,1815.52697545827,
NGA,2008,3.792,8.0,2154.10543545364,
NGA,2009,3.763,9.300000191,1820.48633854782,
NGA,2010,3.744,11.5,2202.25672957344,9.21187548100134
NGA,2011,3.77,13.80000019,2418.41316975875,9.74153350922586
NGA,2012,3.761,16.10000038,2633.19734671361,
NGA,2013,3.711,19.10000038,2872.79083379398,
NGA,2014,3.9,21.0,3088.72131316169,
NGA,2015,4.134,22.51420021,2585.73360671797,
NGA,2016,4.499,24.13750076,2070.4127339595,
NGA,2017,4.83,25.87789917,1876.34027111773,
NGA,2018,5.069,27.74370003,2057.87944554011,
NGA,2019,5.206,29.74410057,3189.81286496183,
NGA,2020,5.714,31.88879967,2797.184580679,
NGA,2021,5.404,35.50979996,2787.48779220991,
NGA,2022,3.827,39.14720154,2899.16047469267,
NGA,2023,3.074,40.06399918,2138.76383718757,
NGA,2024,3.045,41.21139908,1084.16041805058,
NGA,2025,3.064,,1224.25410237743,
NIC,1960,,,127.483812082529,
NIC,1961,,,132.943507152279,
NIC,1962,,,142.303523551421,
NIC,1963,,,152.461498316554,
NIC,1964,,,172.68135633824,
NIC,1965,,,272.251263163163,
NIC,1966,,,283.999593265889,
NIC,1967,,,297.946065908473,
NIC,1968,,,304.441965331491,
NIC,1969,,,319.366650327118,
NIC,1970,,,321.316159006971,4.0860800743103
NIC,1971,,,331.451182972568,3.8756799697876
NIC,1972,,,341.380772391976,4.95261001586914
NIC,1973,,,412.527494204714,4.394859790802
NIC,1974,,,556.866122465391,4.89706993103027
NIC,1975,,,561.459695350208,6.64049005508423
NIC,1976,,,632.573778388006,7.42763996124268
NIC,1977,,,744.185320440322,7.26767015457153
NIC,1978,,,690.741261696299,
NIC,1979,,,495.366597419221,8.78431034088135
NIC,1980,,,659.297143121648,11.1454200744629
NIC,1981,,,739.671655710215,
NIC,1982,,,713.777809066357,9.82499980926514
NIC,1983,,,779.852730684977,10.3719997406006
NIC,1984,,,861.428649767358,9.02091026306152
NIC,1985,,,724.056425347288,8.0418701171875
NIC,1986,,,760.59055909276,7.23100996017456
NIC,1987,,,992.024066415935,7.05286979675293
NIC,1988,,,662.308196621167,
NIC,1989,,,249.155474069011,
NIC,1990,,0.0,242.508390600822,7.32009983062744
NIC,1991,7.909,,349.514318640612,7.24826002120972
NIC,1992,7.809,,411.473330661786,7.94035005569458
NIC,1993,7.833,,394.378074021071,
NIC,1994,7.668,0.0132,849.179331364895,
NIC,1995,7.414,0.03,891.779352309996,10.2333698272705
NIC,1996,7.12,0.0841,910.861645917295,
NIC,1997,7.1,0.206,912.757429788533,10.4613103866577
NIC,1998,7.203,0.304,949.155373494771,
NIC,1999,7.18,0.498,980.219744675246,
NIC,2000,7.181,0.980216486692385,1017.3124434882,
NIC,2001,7.222,1.44879942820716,1051.874235891,
NIC,2002,7.517,1.71472958428668,1014.3339042591,17.9654998779297
NIC,2003,7.6,1.88041253242301,1021.35216668794,
NIC,2004,6.41,2.32066460863941,1098.62118662335,
NIC,2005,5.37,2.566400051,1183.30214010175,
NIC,2006,5.31,2.8055730627337,1248.17371577788,
NIC,2007,4.89,3.900000095,1350.38145753377,
NIC,2008,6.2,5.300000191,1523.68437086409,
NIC,2009,8.16,7.300000191,1467.08288052845,
NIC,2010,7.83,10.0,1526.56706951408,
NIC,2011,6.613,10.6,1679.71192084633,
NIC,2012,5.208,13.5,1784.69836017555,
NIC,2013,5.28,15.5,1835.43996363715,
NIC,2014,4.52,17.60000038,1958.37047579547,
NIC,2015,4.7,19.70429993,2074.45620634731,
NIC,2016,3.9,24.57180023,2131.68704828322,
NIC,2017,3.3,30.39999962,2182.61380995674,
NIC,2018,5.2,33.9129982,2035.16549390507,
NIC,2019,5.457,39.01079941,1958.62051528095,
NIC,2020,6.18,44.87490082,1938.44704754382,
NIC,2021,6.076,51.62039948,2138.38573878237,
NIC,2022,4.969,59.38000107,2322.89069619459,
NIC,2023,4.698,60.30120087,2609.44491147975,30.3635101318359
NIC,2024,4.98,61.39550018,2847.87639497305,
NIC,2025,5.04,,3173.33724815085,
NLD,1960,,,1156.38597727767,
NLD,1961,,,1254.42028262131,
NLD,1962,,,1342.36827187015,
NLD,1963,,,1436.88726083934,
NLD,1964,,,1668.33086114697,
NLD,1965,,,1848.09801532427,
NLD,1966,,,1986.2702443166,
NLD,1967,,,2154.57969743046,
NLD,1968,,,2364.3594192663,
NLD,1969,,,2646.84581766825,
NLD,1970,,,2931.38078026525,
NLD,1971,,,3383.58715579996,
NLD,1972,,,4110.49164551948,
NLD,1973,,,5353.44265154981,
NLD,1974,,,6450.45770236493,
NLD,1975,,,7346.3047476862,
NLD,1976,,,7937.35246713998,
NLD,1977,,,9180.29918461772,
NLD,1978,,,11195.8424872959,
NLD,1979,,,12817.3790153401,
NLD,1980,,,13812.1600098191,
NLD,1981,,,11537.4026865092,
NLD,1982,,,11088.9543150885,
NLD,1983,,,10696.0774958682,
NLD,1984,,,9991.84377655651,
NLD,1985,,,9940.73843593795,
NLD,1986,,,13804.1360603265,
NLD,1987,,,16734.1514052316,
NLD,1988,,,17770.6162376388,
NLD,1989,,,17423.2961585523,
NLD,1990,,0.334,21322.1944802703,
NLD,1991,7.285,0.531,21764.2144987258,
NLD,1992,5.555,1.32,23939.2173482108,
NLD,1993,6.287,1.97,23156.4404444568,
NLD,1994,7.159,3.26,24682.5866742863,
NLD,1995,7.157,6.47,29301.1940492376,
NLD,1996,6.421,9.65,29063.6236532536,
NLD,1997,5.511,14.1,26744.9601318097,
NLD,1998,4.394,22.2,27924.281808994,
NLD,1999,3.622,39.2,28318.7466538357,
NLD,2000,2.725,43.984351373138,26225.1697734149,
NLD,2001,2.119,49.3730621073123,26955.7128032278,52.9789810180664
NLD,2002,2.554,61.29,29446.5330872868,54.2512283325195
NLD,2003,3.593,64.35,35896.7504630706,54.9959297180176
NLD,2004,4.646,68.52,40611.3414353091,56.7709884643555
NLD,2005,5.872,81.0,42165.396168388,58.7895011901855
NLD,2006,5.007,83.7,45123.5432406426,59.8265113830566
NLD,2007,4.153,85.82,52100.7996285947,60.3940391540527
NLD,2008,3.658,87.42,58246.7026905874,61.0170593261719
NLD,2009,4.352,89.63,53172.0261581418,61.4280090332031
NLD,2010,4.991,90.72,51305.7338533973,63.7049789428711
NLD,2011,4.977,91.4199957622284,54701.7728030611,75.518798828125
NLD,2012,5.821,92.859992359525,50473.9442002689,75.8141632080078
NLD,2013,7.241,93.9564,52602.2860520766,
NLD,2014,7.419,91.6666666666667,53457.2234864322,
NLD,2015,6.872,91.7241379310345,45793.8135434697,80.1601486206055
NLD,2016,6.007,90.4109589041096,46808.5291492503,79.8454895019531
NLD,2017,4.837,93.1972789115646,49513.6817346384,83.2009887695312
NLD,2018,3.832,91.8918918918919,53955.0770024266,83.652473449707
NLD,2019,3.379,93.2885906040269,53554.9007491475,
NLD,2020,3.82,91.33333333,53467.9277413737,85.3370819091797
NLD,2021,4.209,92.05298013,60141.9880911492,89.3898620605469
NLD,2022,3.526,92.51968504,59123.318556487,
NLD,2023,3.535,97.00680272,63515.6030780019,86.5938262939453
NLD,2024,3.7,97.00679779,67465.3208126875,
NLD,2025,3.874,,73683.917132794,
NOR,1960,,,1444.41949906697,
NOR,1961,,,1563.20784301582,
NOR,1962,,,1670.32789543337,
NOR,1963,,,1778.86328512139,
NOR,1964,,,1941.46511840231,
NOR,1965,,,2168.46797295547,
NOR,1966,,,2321.47621551643,
NOR,1967,,,2518.68880884488,
NOR,1968,,,2667.03611449992,
NOR,1969,,,2880.54823198589,
NOR,1970,,,3290.57877867639,
NOR,1971,,,3721.02526677458,
NOR,1972,,,4394.5879226684,
NOR,1973,,,5664.19042060684,
NOR,1974,,,6783.35338935005,
NOR,1975,,,8170.69776714575,
NOR,1976,,,8895.7022645797,
NOR,1977,,,10230.160816144,
NOR,1978,,,11421.4699303169,
NOR,1979,,,12998.2915999562,
NOR,1980,,,15707.9683777553,
NOR,1981,,,15462.7834538319,
NOR,1982,,,15177.7873936039,
NOR,1983,,,14876.7583997781,
NOR,1984,,,14943.1398958054,
NOR,1985,,,15704.0849927239,
NOR,1986,,,18822.0644903098,
NOR,1987,,,22430.2488269377,
NOR,1988,,,24111.6310594146,
NOR,1989,,,24184.8126093052,
NOR,1990,,0.707,28137.4837293741,
NOR,1991,5.407,1.41,28427.2524217324,
NOR,1992,5.91,2.22,30328.210916818,
NOR,1993,5.965,2.78,27792.6599198329,
NOR,1994,5.349,4.15,29129.7350937014,
NOR,1995,6.307,6.42,34658.6948344762,
NOR,1996,5.036,18.3,37072.6000316602,
NOR,1997,4.687,20.4,36324.1473513598,
NOR,1998,3.737,22.6,34515.8977194734,
NOR,1999,3.247,40.0,36151.4491624485,
NOR,2000,3.458,52.0,37991.8907576589,
NOR,2001,3.738,64.0,38458.2530907659,69.9630813598633
NOR,2002,4.022,72.84,43048.288735011,72.3173294067383
NOR,2003,4.221,78.13,50208.0960234078,77.970588684082
NOR,2004,4.256,77.69,57854.5698169407,78.612548828125
NOR,2005,4.381,81.99,67358.3615969796,78.4450302124023
NOR,2006,3.397,82.55,75047.741700385,77.9310684204102
NOR,2007,2.493,86.93,86600.2387607877,77.0373611450195
NOR,2008,2.521,90.57,99001.5300678626,73.5914688110352
NOR,2009,3.1,92.08,81939.726548458,73.0674514770508
NOR,2010,3.527,93.39,90020.342257973,72.1170806884766
NOR,2011,3.196,93.4899826515194,103545.218988177,71.0614166259766
NOR,2012,3.129,94.6499780533304,104627.93694681,71.7047576904297
NOR,2013,3.425,95.0534,106333.138368566,75.8635787963867
NOR,2014,3.486,96.3005098242892,100410.020200979,78.109977722168
NOR,2015,4.296,96.810325691365,77220.9524311414,79.206428527832
NOR,2016,4.68,97.2982036675068,73222.4006864905,81.8827285766602
NOR,2017,4.164,96.3576012951191,78771.2151264554,83.7353363037109
NOR,2018,3.801,96.4916579887094,85579.0776455494,85.3883514404297
NOR,2019,3.684,98.0000043853142,79329.3075190012,85.7633819580078
NOR,2020,4.424,94.60755647,71057.5879471399,87.1685333251953
NOR,2021,4.359,99.0000036,96442.5552173002,93.9243011474609
NOR,2022,3.231,98.99997764,113122.130765691,97.6419830322266
NOR,2023,3.574,99.00000258,90984.4087141111,95.0573806762695
NOR,2024,4.0,99.0,89888.9535204758,95.4987564086914
NOR,2025,4.637,,94594.1929573987,
NPL,1960,,,50.2125233749587,
NPL,1961,,,51.5544820747585,
NPL,1962,,,54.565608932967,
NPL,1963,,,46.3146629740628,
NPL,1964,,,45.320757315163,
NPL,1965,,,65.8050690424137,
NPL,1966,,,79.484178651631,
NPL,1967,,,72.255603368576,
NPL,1968,,,64.8592419247839,
NPL,1969,,,64.8179199463286,
NPL,1970,,,69.6334897297304,
NPL,1971,,,69.4540704096493,
NPL,1972,,,78.842912842237,
NPL,1973,,,73.2266835267801,
NPL,1974,,,89.7637455591626,
NPL,1975,,,113.605645172746,
NPL,1976,,,102.470373251774,
NPL,1977,,,95.3433557426543,
NPL,1978,,,108.099425052837,
NPL,1979,,,121.86820974915,
NPL,1980,,,125.114347478097,
NPL,1981,,,142.916898807843,3.35881996154785
NPL,1982,,,146.976662933749,3.32220005989075
NPL,1983,,,146.632953086254,3.00206995010376
NPL,1984,,,151.078187115939,3.37065005302429
NPL,1985,,,149.900453418882,3.22163009643555
NPL,1986,,,159.545682806044,4.53497982025146
NPL,1987,,,162.036906898913,4.70386981964111
NPL,1988,,,187.084777621975,5.25470018386841
NPL,1989,,,184.975416457251,5.50629997253418
NPL,1990,,0.0,185.794600449903,4.94331979751587
NPL,1991,10.465,0.0,195.716621410462,5.65020990371704
NPL,1992,10.473,0.0,165.02959412726,5.17172002792358
NPL,1993,10.492,0.0,172.805202579767,4.9591498374939
NPL,1994,10.458,0.0,187.258176246151,4.64684009552002
NPL,1995,10.473,0.000925,197.843001330326,4.26433992385864
NPL,1996,10.446,0.00451,198.821907435345,4.72988986968994
NPL,1997,10.512,0.022,211.834869589153,
NPL,1998,10.526,0.0644,205.075246306069,
NPL,1999,10.549,0.147,208.646667913743,
NPL,2000,10.531,0.204651683653029,223.830289183078,4.12185001373291
NPL,2001,10.502,0.240015303375743,240.795114544664,4.40957021713257
NPL,2002,10.593,0.312956060108532,238.89140296106,4.98775005340576
NPL,2003,10.644,0.382810917017044,246.429706587633,4.91134977340698
NPL,2004,10.652,0.449843651215974,279.587750044428,5.69477987289429
NPL,2005,10.59,0.82655126590551,309.024168339372,7.15422010421753
NPL,2006,10.609,1.14138916388191,340.431796437968,7.62671995162964
NPL,2007,10.642,1.41,385.449767660642,9.50374031066895
NPL,2008,10.597,1.73,464.817391891529,10.4749002456665
NPL,2009,10.582,1.97,473.078751198621,10.4467401504517
NPL,2010,10.563,7.93,585.278491984574,13.3236488235053
NPL,2011,10.627,9.0,785.518656222132,13.2867385971183
NPL,2012,10.632,11.14929962,788.202937148377,
NPL,2013,10.666,13.30000019,803.269595420477,15.4719563352624
NPL,2014,10.62,15.43999958,821.455224911731,13.2380540463977
NPL,2015,10.643,17.58160019,875.543635474862,12.282886814704
NPL,2016,10.714,20.70000076,877.256454696737,11.0932748536215
NPL,2017,10.66,24.3,1034.28374906846,11.4357824790838
NPL,2018,10.593,28.60000038,1179.19843190389,12.613695863565
NPL,2019,10.477,33.33660126,1203.14294706401,13.8072821953912
NPL,2020,13.037,36.96530151,1154.21517578318,14.2002391888535
NPL,2021,12.241,40.98910141,1252.75076731986,15.243139284484
NPL,2022,10.661,45.45080185,1385.91066002922,14.8435874359729
NPL,2023,10.437,45.80680084,1382.38300895424,19.0357612047581
NPL,2024,10.5,46.32189941,1460.28237984149,21.2915596292014
NPL,2025,10.465,,1535.87781246307,
NRU,1970,,,2618.53445937725,
NRU,1971,,,2811.2146269153,
NRU,1972,,,3190.58553898837,
NRU,1973,,,3863.94069095729,
NRU,1974,,,5199.26497504766,
NRU,1975,,,5740.19978696317,
NRU,1976,,,5703.20317140765,
NRU,1977,,,5646.3355809661,
NRU,1978,,,5721.31368927221,
NRU,1979,,,5949.5621623368,
NRU,1980,,,6137.68129611495,
NRU,1981,,,6593.90695188717,
NRU,1982,,,6576.83364047027,
NRU,1983,,,5895.70266811075,
NRU,1984,,,5653.96100020028,
NRU,1985,,,4858.93351745825,
NRU,1986,,,4568.67887653491,
NRU,1987,,,4484.50814586951,
NRU,1988,,,5011.58031484611,
NRU,1989,,,5722.7674219742,
NRU,1990,,0.0,5775.55347423089,
NRU,1991,,,5333.37954889626,
NRU,1992,,,5102.59685913907,
NRU,1993,,,4310.24433298623,
NRU,1994,,,3920.53972987914,
NRU,1995,,,3932.0910939209,
NRU,1996,,,3678.56242894634,
NRU,1997,,,3661.02846701327,
NRU,1998,,,2908.84986525428,
NRU,1999,,,2682.69486680046,
NRU,2000,,,2648.60152860938,
NRU,2001,,2.98715523250025,2232.30874026726,
NRU,2002,,,2084.64824520971,
NRU,2003,,,2463.28259078079,
NRU,2004,,,3040.51349889,
NRU,2005,,,2992.40382776926,
NRU,2006,,,2910.14145794684,
NRU,2007,,,2272.15291307045,
NRU,2008,,,3756.84531228766,
NRU,2009,,,4410.56764668962,
NRU,2010,,,4735.92000502092,
NRU,2011,,54.0,6444.03642094634,
NRU,2012,,,9842.77032731856,
NRU,2013,,,8974.51886874433,
NRU,2014,,,9230.05440328927,
NRU,2015,,,7747.25584993607,
NRU,2016,,,8748.15632605428,
NRU,2017,,62.38510132,9656.97976571484,
NRU,2018,,,11413.7463016389,
NRU,2019,,74.73789978,10801.7705659635,
NRU,2020,,77.46659851,10709.068810538,
NRU,2021,,80.29499817,12748.1701249353,
NRU,2022,,83.22660065,15309.8345351924,
NRU,2023,,83.03970337,13602.6372112893,
NRU,2024,,83.01170349,14048.163961344,
NRU,2025,,,14639.5046929186,
NZL,1960,,,2334.1337214332,
NZL,1961,,,2364.75383900097,
NZL,1962,,,2471.05500895111,
NZL,1963,,,2646.23652937762,
NZL,1964,,,2839.31554692453,
NZL,1965,,,2170.99809777651,
NZL,1966,,,2211.38222406465,
NZL,1967,,,2208.44213762022,
NZL,1968,,,1902.42182426883,
NZL,1969,,,2096.92646729301,
NZL,1970,,,2311.02761979013,
NZL,1971,,,2772.9185969396,
NZL,1972,,,3294.64894268304,
NZL,1973,,,4323.19653458655,
NZL,1974,,,4610.57042634013,
NZL,1975,,,4171.76973967475,
NZL,1976,,,4373.84099791231,
NZL,1977,,,4950.58820538927,
NZL,1978,,,5936.98526036423,
NZL,1979,,,6668.1386662247,
NZL,1980,,,7467.16803773805,
NZL,1981,,,7813.88754336067,
NZL,1982,,,7656.47573238963,
NZL,1983,,,7598.31203875006,
NZL,1984,,,6713.76013104154,
NZL,1985,,,7600.56524172937,
NZL,1986,,,9427.55394035348,
NZL,1987,,,12330.9168305483,
NZL,1988,,,13759.1556295922,
NZL,1989,,,13312.3855858113,
NZL,1990,,0.0,13663.0216184298,
NZL,1991,10.614,,12230.0734548834,
NZL,1992,10.667,0.286,11793.1392416214,
NZL,1993,9.804,0.631,13094.3454502639,
NZL,1994,8.354,3.17,15280.3127842922,
NZL,1995,6.461,4.88,17400.4201848172,
NZL,1996,6.29,8.04,18794.436039393,
NZL,1997,6.857,14.6,17474.187029724,
NZL,1998,7.718,31.6,14738.4455703918,
NZL,1999,7.023,41.5,15322.2238340267,
NZL,2000,6.13,47.3795565432096,13641.1027183822,
NZL,2001,5.433,53.2410152941279,13882.8568268586,
NZL,2002,5.282,59.0807532812931,16874.1874918196,
NZL,2003,4.745,60.9625398663824,21913.7081719961,
NZL,2004,4.005,61.8476278106481,25420.234882944,
NZL,2005,3.807,62.72019958,27751.0654708859,
NZL,2006,3.857,69.0,26654.5932018985,
NZL,2007,3.661,69.76000214,32479.9817381467,
NZL,2008,4.167,72.02999878,31324.7397977102,
NZL,2009,6.121,79.7,28276.7255416225,
NZL,2010,6.557,80.45999908,33761.9009639947,
NZL,2011,6.491,81.23000336,38425.829997974,
NZL,2012,6.931,81.644470179502,40041.7524816244,
NZL,2013,5.839,82.77999878,42984.9571801167,80.388542175293
NZL,2014,5.428,84.0,44599.8992733675,80.7100067138672
NZL,2015,5.415,85.19999695,38648.7302562109,82.1818466186523
NZL,2016,5.147,86.5,40088.3205470499,81.8633575439453
NZL,2017,4.736,87.69999695,42912.1537002148,81.2698593139648
NZL,2018,4.335,89.0,43204.1305124872,81.2513122558594
NZL,2019,4.109,89.86370087,42872.2681243427,77.5843734741211
NZL,2020,4.595,90.92099762,42054.6743136586,75.7348327636719
NZL,2021,3.776,91.99060059,49902.154346032,79.4128875732422
NZL,2022,3.299,93.07289886,49141.6316294227,77.0104675292969
NZL,2023,3.734,93.32610321,49302.341876493,76.3811416625977
NZL,2024,4.724,93.51930237,49432.3626396797,77.2406463623047
NZL,2025,5.076,,49591.0405731713,
OED,1960,,,1312.83065567994,
OED,1961,,,1381.22313364838,
OED,1962,,,1473.08162462014,
OED,1963,,,1564.1732524998,
OED,1964,,,1688.83443696872,
OED,1965,,,1811.22529745154,
OED,1966,,,1958.76009769049,
OED,1967,,,2068.94519725114,
OED,1968,,,2218.57103959217,
OED,1969,,,2417.25012888829,
OED,1970,,,2619.30899223126,
OED,1971,,,2864.277201283,
OED,1972,,,3289.49072080709,
OED,1973,,,3938.87077402667,
OED,1974,,,4371.00529560645,
OED,1975,,,4847.82717711556,
OED,1976,,,5203.36453331543,
OED,1977,,,5814.36561016668,
OED,1978,,,6936.64960525234,
OED,1979,,,7930.4174706341,
OED,1980,,,8724.52179269109,
OED,1981,,,8805.84097068933,
OED,1982,,,8594.72448743493,
OED,1983,,,8812.53954086359,
OED,1984,,,9138.73120058305,
OED,1985,,,9545.12096674932,
OED,1986,,,11484.9145358905,
OED,1987,,,13198.7795582987,
OED,1988,,,14765.7693703486,
OED,1989,,,15313.9413786467,
OED,1990,,,17087.309424679,
OED,1991,6.78453649835212,,17918.2140569058,
OED,1992,7.26896398956244,,19096.9069758072,
OED,1993,7.76186074581727,,19229.4344753684,
OED,1994,7.8347445928305,,20388.5183700826,
OED,1995,7.60351506136332,,22337.0437308788,
OED,1996,7.54860880642088,,22357.3015391439,
OED,1997,7.2525797614352,,21847.7743268913,
OED,1998,7.2199536786199,,21811.1329992156,
OED,1999,7.16498343192011,,22747.1469693091,50.7634506225586
OED,2000,6.71100200632985,,23105.8699621372,52.5736885070801
OED,2001,6.61732244402856,,22718.6795215023,54.7479782104492
OED,2002,7.13987676171849,,23526.1851223646,57.0971183776855
OED,2003,7.27483771000377,,26110.166791868,58.7679901123047
OED,2004,7.17441119702139,,28854.8834355731,60.0452499389648
OED,2005,6.8314671013283,,30304.5007827724,60.9480895996094
OED,2006,6.34618116260618,,31752.91909492,62.3033905029297
OED,2007,5.88940261869547,,34523.8151277644,63.0849990844727
OED,2008,6.20560204861274,,36379.9826441371,63.6964912414551
OED,2009,8.38089327283664,,33797.3269999518,65.258903503418
OED,2010,8.5207939102318,,35218.2377011995,66.7914505004883
OED,2011,8.12208995143807,,37684.316544302,67.871696472168
OED,2012,8.1052243905592,,37418.2889334065,68.917236328125
OED,2013,8.00520155093803,,37734.7608375528,69.910758972168
OED,2014,7.41355981597454,,38322.7280627757,70.9062423706055
OED,2015,6.86087280016011,,35931.9232791311,72.0236282348633
OED,2016,6.43777999780825,,36407.3771727139,73.9402770996094
OED,2017,5.9177915757262,,37802.8422452392,74.7901000976562
OED,2018,5.47444010714932,,39756.7556647363,75.4892120361328
OED,2019,5.38695191058807,,39940.835037623,76.4273910522461
OED,2020,7.15007422562512,,38947.5669905773,77.2700805664062
OED,2021,6.19605024177905,,43495.5049948213,78.8566436767578
OED,2022,4.99493064713263,,44455.8357743973,78.3904876708984
OED,2023,4.82631374195204,,47135.6137232065,79.5250930786133
OED,2024,4.90917859417164,,48881.8109051634,78.6357879638672
OED,2025,4.92729125540891,,51733.7140199057,
OMN,1960,,,83.3853105243323,
OMN,1961,,,84.5311646369716,
OMN,1962,,,102.325889863048,
OMN,1963,,,106.829311959455,
OMN,1964,,,108.059747071369,
OMN,1965,,,108.127276326149,
OMN,1966,,,113.158851470616,
OMN,1967,,,174.708442422448,
OMN,1968,,,300.382394498902,
OMN,1969,,,371.945677290612,
OMN,1970,,,386.792712839023,
OMN,1971,,,441.935384423256,
OMN,1972,,,523.675726630998,
OMN,1973,,,669.829529995212,
OMN,1974,,,2203.40591346986,
OMN,1975,,,2691.99653514052,
OMN,1976,,,3142.52717836645,
OMN,1977,,,3204.86972958061,0.0273599997162819
OMN,1978,,,3043.75121036129,0.0270199999213219
OMN,1979,,,3933.50510857105,0.0157399997115135
OMN,1980,,,5974.30434611467,0.0171399991959333
OMN,1981,,,6865.58482819779,0.0194899998605251
OMN,1982,,,6759.29870293907,0.0143699999898672
OMN,1983,,,6714.19125910699,0.0282700005918741
OMN,1984,,,7070.07295804885,0.0844699963927269
OMN,1985,,,7548.69588410284,0.326310008764267
OMN,1986,,,5181.87980290561,0.814149975776672
OMN,1987,,,5203.99994065839,1.6473400592804
OMN,1988,,,5279.10411437183,2.38621997833252
OMN,1989,,,5591.22723847558,2.96789002418518
OMN,1990,,0.0,7545.70305230441,3.60879993438721
OMN,1991,4.056,,6977.3285922345,3.75335001945496
OMN,1992,4.16,,7317.78815838166,4.22148990631104
OMN,1993,4.009,,7038.9301587736,4.19745016098022
OMN,1994,4.073,,7068.38996979073,4.31106996536255
OMN,1995,4.167,,7414.30279204109,5.00130987167358
OMN,1996,4.254,0.0,8068.00076784612,4.77463006973267
OMN,1997,4.196,0.44,8234.64063759005,5.80454015731812
OMN,1998,4.346,0.863,7219.02932432025,7.2172999382019
OMN,1999,4.433,2.52,7915.44169380534,
OMN,2000,4.433,3.52042141651097,9753.84755185404,
OMN,2001,4.298,5.89384152148671,9611.96360191054,
OMN,2002,4.335,6.87339603918545,9869.13050219438,
OMN,2003,4.599,7.25574294536556,10463.5425832141,14.3313598632812
OMN,2004,4.693,6.75885217024525,11800.8507411171,15.1500101089478
OMN,2005,4.589,6.683599949,14434.8577924647,17.117769241333
OMN,2006,4.387,8.299699783,16930.8565071853,19.2329597473144
OMN,2007,4.309,16.68,18792.653772482,20.4086494445801
OMN,2008,4.142,20.0,26576.779241509,20.4462108612061
OMN,2009,3.977,26.79999924,20655.9180249218,21.9678993225098
OMN,2010,3.911,35.8278,23570.1798147325,27.8526854365953
OMN,2011,3.95,48.0,25188.0074151885,31.5563508791784
OMN,2012,3.753,60.0,24642.2978768596,
OMN,2013,3.553,66.45,23458.0233840053,35.149615885003
OMN,2014,3.453,70.22000122,23160.6502252547,41.1818561581842
OMN,2015,3.403,73.52999878,18808.3077921839,45.1898945959512
OMN,2016,3.266,76.8453904741456,17110.1897460545,46.8235059845958
OMN,2017,2.523,80.18560028,17820.0661809335,43.5767818520195
OMN,2018,1.8,85.5,19901.7615642016,44.9540216505645
OMN,2019,2.045,90.25939941,19180.1864152801,45.1723183863131
OMN,2020,2.94,95.23229321,16784.8630630058,48.3754397440909
OMN,2021,1.9,95.23880005,19403.4600160211,43.8433613964625
OMN,2022,3.3,95.24530029,23223.5829405935,
OMN,2023,3.176,95.25170135,21027.7384572657,
OMN,2024,3.203,95.25174678,20285.2272765262,42.226921081543
OMN,2025,3.251,,19947.3966227092,
OSS,1970,,,,9.87901020050049
OSS,1971,,,,7.84894990921021
OSS,1972,,,,7.82173013687134
OSS,1973,,,,7.7076301574707
OSS,1974,,,,7.59345006942749
OSS,1975,,,1109.83809305529,8.40069007873535
OSS,1976,,,1266.59792653088,8.251540184021
OSS,1977,,,1526.12975990974,8.23120975494385
OSS,1978,,,1737.21605583044,7.38363981246948
OSS,1979,,,2242.72935992114,7.77178001403809
OSS,1980,,,3286.78459461168,7.20828008651733
OSS,1981,,,3011.87340210242,5.05682992935181
OSS,1982,,,2836.77204408441,7.32950019836426
OSS,1983,,,2559.2948971864,7.39306020736694
OSS,1984,,,2486.49373083306,7.48741006851196
OSS,1985,,,2379.80193172403,7.50434017181396
OSS,1986,,,2329.7492588701,5.36840009689331
OSS,1987,,,2860.79960164889,7.38477993011475
OSS,1988,,,3025.75305812234,5.52370977401733
OSS,1989,,,3031.12852475555,5.70371007919312
OSS,1990,,,3570.55788992308,6.02519989013672
OSS,1991,7.94216805267713,,3674.361370142,6.10103988647461
OSS,1992,8.54155735284872,,3949.40878886263,7.22867012023926
OSS,1993,9.40750422047572,,3762.44885403371,6.70027017593384
OSS,1994,9.57430196742702,,3950.98003715888,6.96515989303589
OSS,1995,9.94793817545676,,4659.34188627003,7.23445987701416
OSS,1996,9.99515701713923,,4739.07694524898,8.18107032775879
OSS,1997,10.1294672610186,,4678.51998512529,8.38290023803711
OSS,1998,9.95866567854553,,4635.15882242333,9.31105041503906
OSS,1999,10.6854506886027,,4829.25337476571,9.0228099822998
OSS,2000,11.0177711399269,,4847.4503226921,9.36697006225586
OSS,2001,10.9398104204621,,4780.95492842206,10.1713199615478
OSS,2002,10.2407776645491,,5142.2476529809,10.2919998168945
OSS,2003,10.6409211857421,,6311.81177494905,11.151650428772
OSS,2004,10.6266524019735,,7419.76155978909,11.674599647522
OSS,2005,10.5021202220473,,8233.42010554921,11.9553003311157
OSS,2006,9.68343911516973,,9046.80164945419,12.1797800064087
OSS,2007,9.04975553505642,,10758.8136221104,12.9949903488159
OSS,2008,8.87238702238271,,11530.7215015978,14.2241697311401
OSS,2009,10.7283220301547,,9814.08008723362,15.9248199462891
OSS,2010,11.1281009935269,,10149.5633726375,16.3189792633057
OSS,2011,10.5303011113759,,11469.9525501466,17.2415008544922
OSS,2012,10.5345766634014,,11084.4148894956,18.0363903045654
OSS,2013,10.7696689681663,,11421.7952581155,18.7155208587646
OSS,2014,10.4617084896957,,11682.6156441392,19.1145305633545
OSS,2015,9.99952511697503,,10359.1167773921,19.3875293731689
OSS,2016,9.69565767751643,,10813.3811118925,19.365930557251
OSS,2017,9.26010688179757,,11950.9760651787,20.0034809112549
OSS,2018,8.78845724438525,,13026.838449762,20.2906303405762
OSS,2019,8.37803693303246,,12908.1967698249,21.1205902099609
OSS,2020,9.99575648409841,,11772.0946960495,21.617130279541
OSS,2021,9.49668399234599,,13718.3632503913,22.1164093017578
OSS,2022,9.01147513544492,,14326.3081658507,22.3280200958252
OSS,2023,8.44487902544127,,15346.6488924949,22.353889465332
OSS,2024,8.48668976701629,,16111.8328238083,22.5716896057129
OSS,2025,8.59085524676197,,17540.3099815121,
PAK,1960,,,82.0241000071912,
PAK,1961,,,87.7778246966181,
PAK,1962,,,89.5039525753413,
PAK,1963,,,93.6508728613463,
PAK,1964,,,102.45976384531,
PAK,1965,,,113.567206414596,
PAK,1966,,,122.229353754713,
PAK,1967,,,135.190474942968,
PAK,1968,,,141.558306459346,
PAK,1969,,,148.528512990071,
PAK,1970,,,166.662061958389,
PAK,1971,,,172.453662202274,2.19047999382019
PAK,1972,,,148.073976270617,1.90060997009277
PAK,1973,,,97.5136425928243,1.87022995948792
PAK,1974,,,132.005156607293,1.85336005687714
PAK,1975,,,161.681774899518,1.82008004188538
PAK,1976,,,183.859733422347,1.93739998340607
PAK,1977,,,204.677762649367,1.93304002285004
PAK,1978,,,233.41799161409,2.0576798915863
PAK,1979,,,249.229389957057,2.03956007957458
PAK,1980,,,287.448707270022,1.98511004447937
PAK,1981,,,327.505069961745,
PAK,1982,,,344.889792466995,
PAK,1983,,,311.098361356703,
PAK,1984,,,327.345625152291,
PAK,1985,,,317.063499386432,
PAK,1986,,,313.946324043906,2.80440998077393
PAK,1987,,,317.23867416111,2.77641010284424
PAK,1988,,,353.85454278549,3.14146995544434
PAK,1989,,,357.595796105007,
PAK,1990,,0.0,344.45547384189,2.87730002403259
PAK,1991,0.596,,380.019843346229,
PAK,1992,0.587,,395.67720859593,1.96153998374939
PAK,1993,0.596,,407.888140688466,
PAK,1994,0.601,,399.955927561352,
PAK,1995,0.611,0.000123,450.550279346206,
PAK,1996,0.6,0.00299,456.996961832943,
PAK,1997,0.611,0.0275,438.030942680153,
PAK,1998,0.62,0.0439,424.453697798497,
PAK,1999,0.625,0.0554,418.249257055367,
PAK,2000,0.614,,642.338346499898,
PAK,2001,0.611,1.31855077925626,609.939506905073,
PAK,2002,0.615,2.57742673683831,599.937345723927,
PAK,2003,0.612,5.04115812592502,672.44178669894,2.37435007095337
PAK,2004,0.598,6.16432098534156,771.902247348954,2.97886991500854
PAK,2005,0.583,6.332300186,827.619861189926,4.32808017730713
PAK,2006,0.582,6.5,900.873564984808,4.39564990997315
PAK,2007,0.398,6.800000191,998.090114197524,4.95792007446289
PAK,2008,0.423,7.0,1067.04324565284,4.87824010848999
PAK,2009,0.535,7.5,963.788066395225,5.97273015975952
PAK,2010,0.653,8.0,987.304571124485,7.03303843576596
PAK,2011,0.796,8.0,1131.73513834324,7.31739557390399
PAK,2012,3.667,8.100000381,1204.36475491585,8.33303617018241
PAK,2013,2.954,9.0,1225.4340119198,8.71835995772812
PAK,2014,1.827,10.0,1266.61340849959,8.74569228544475
PAK,2015,3.566,11.0,1380.47020838317,8.43556648904153
PAK,2016,2.285,12.385446763381,1424.69161195897,8.31973903550878
PAK,2017,3.204,13.77999973,1519.23459514248,8.62228080260493
PAK,2018,4.083,15.34000015,1569.33814626355,8.20683057963381
PAK,2019,4.83,17.070901719916,1390.41690981745,11.103638528678
PAK,2020,5.994,18.935,1278.39735206896,11.7245978752314
PAK,2021,6.338,,1455.31922370186,12.3810012807012
PAK,2022,5.291,,1538.3228133171,10.5057175294292
PAK,2023,5.237,,1360.32417758419,10.4770304814137
PAK,2024,5.492,57.253,1479.47755241191,10.8564126844434
PAK,2025,5.42,,1595.90912252837,
PAN,1960,,,477.037935000289,
PAN,1961,,,516.459861881073,
PAN,1962,,,545.570446272529,
PAN,1963,,,586.61668793076,
PAN,1964,,,611.100612960754,
PAN,1965,,,651.331374848625,
PAN,1966,,,688.846978762789,
PAN,1967,,,744.890928311974,
PAN,1968,,,778.476641666323,
PAN,1969,,,830.319752856442,
PAN,1970,,,892.890877487492,6.38378000259399
PAN,1971,,,979.3302533737,10.3768997192383
PAN,1972,,,1046.06341222824,12.1223402023315
PAN,1973,,,1164.32745834068,13.9345397949219
PAN,1974,,,1296.44759308169,15.0866098403931
PAN,1975,,,1405.74899748267,15.810079574585
PAN,1976,,,1456.50009707727,17.7587795257568
PAN,1977,,,1503.26503409472,19.6249103546143
PAN,1978,,,1738.48763684081,18.7779197692871
PAN,1979,,,1937.98107506361,19.6028709411621
PAN,1980,,,2357.09131999751,20.631799697876
PAN,1981,,,2605.45529924397,20.9232406616211
PAN,1982,,,2811.40643706411,21.440299987793
PAN,1983,,,2819.35128451397,20.5085697174072
PAN,1984,,,2874.94832112227,23.3138694763184
PAN,1985,,,2972.18070666064,24.0265007019043
PAN,1986,,,3019.48150533575,26.3602600097656
PAN,1987,,,2966.00967866653,23.1174201965332
PAN,1988,,,2508.78229277879,21.0622901916504
PAN,1989,,,2462.11022455924,20.3271598815918
PAN,1990,,0.0,2620.13827266274,20.9681491851807
PAN,1991,6.443,,2820.54547665418,22.7339706420898
PAN,1992,6.317,,3139.89952899581,24.4285793304443
PAN,1993,6.374,,3358.41411740053,26.2708797454834
PAN,1994,6.428,0.00764,3508.19570069218,26.0492897033691
PAN,1995,6.512,0.0561,3513.89737854631,28.6424999237061
PAN,1996,6.728,0.22,3308.18429574276,30.0619602203369
PAN,1997,6.588,0.539,3545.97670881078,
PAN,1998,6.397,2.75,3807.83869182014,37.6058883666992
PAN,1999,6.168,3.84,3950.34145012809,39.5324287414551
PAN,2000,6.188,6.55479647729549,3975.09308659503,42.537109375
PAN,2001,6.293,7.26839987788729,3991.7767076924,41.646728515625
PAN,2002,6.302,8.51807781515595,4090.58617397129,40.7841186523438
PAN,2003,6.303,9.98742407723405,4264.66428846636,44.2729110717773
PAN,2004,6.097,11.1408625409415,4644.56582353041,43.0450782775879
PAN,2005,5.967,11.48400021,5017.7410922824,41.6649894714355
PAN,2006,5.792,17.34959984,5528.76705469354,42.6925010681152
PAN,2007,5.665,22.29,6317.81730274124,42.9214782714844
PAN,2008,5.639,33.82,7347.59050324397,43.0992698669434
PAN,2009,5.857,39.08,7796.92617035048,43.0278511047363
PAN,2010,5.845,40.1,8331.46421351868,43.9639480204278
PAN,2011,4.03,42.7,9662.29592216607,41.8858795918623
PAN,2012,3.691,40.3018952210488,11064.8063606203,43.6626516529234
PAN,2013,3.674,44.03,12273.3225037637,
PAN,2014,4.391,44.9238152577893,13213.1989637473,44.6253501937764
PAN,2015,4.335,51.2054249948687,14082.6548502728,47.5819435584313
PAN,2016,4.717,54.0,14832.3611608191,48.3799959758914
PAN,2017,5.338,59.9506309038683,15694.6297454295,
PAN,2018,5.161,61.8055313202468,16151.3273478476,
PAN,2019,6.256,63.6284147731451,16477.9066285687,
PAN,2020,14.663,64.82430267,13290.5608347594,44.9372948646286
PAN,2021,10.177,66.04270172,15509.8069109784,52.7147829654218
PAN,2022,8.086,67.2838974,17378.6070083597,57.8162831217614
PAN,2023,6.544,68.54851592,18797.1933894611,53.6949637061742
PAN,2024,8.451,72.77149963,19161.218843129,
PAN,2025,8.36,,19789.7308555826,
PER,1960,,,252.796782675034,
PER,1961,,,276.641400132003,
PER,1962,,,304.537817519843,
PER,1963,,,324.107404672837,
PER,1964,,,380.965457465866,
PER,1965,,,438.990796969303,
PER,1966,,,504.825948542419,
PER,1967,,,497.58475625699,
PER,1968,,,447.99179719095,
PER,1969,,,487.660318575547,
PER,1970,,,550.484609442545,9.83127975463867
PER,1971,,,599.041967615617,9.79691028594971
PER,1972,,,646.679686654992,10.197919845581
PER,1973,,,753.924581161999,11.4538898468018
PER,1974,,,926.57995047717,12.5311002731323
PER,1975,,,1104.16133001287,13.2200202941894
PER,1976,,,1026.41438542928,13.3339004516602
PER,1977,,,902.860901025509,14.9394998550415
PER,1978,,,756.347306761911,
PER,1979,,,942.176901705359,16.4793891906738
PER,1980,,,1044.69165468575,17.9471092224121
PER,1981,,,1216.27350223135,20.6431198120117
PER,1982,,,1194.45000618562,20.9492893218994
PER,1983,,,927.258656933852,21.5519695281982
PER,1984,,,917.896274683145,22.1526107788086
PER,1985,,,767.43588754407,22.8704204559326
PER,1986,,,1086.60913755382,26.0895690917969
PER,1987,,,1792.30070238361,27.0959091186523
PER,1988,,,733.299784874657,28.6017208099365
PER,1989,,,1044.90725784847,29.6706600189209
PER,1990,,0.0,1199.66666756615,29.8857402801514
PER,1991,4.926,,1527.38879472866,31.3302307128906
PER,1992,5.068,,1567.40910765128,30.8364906311035
PER,1993,4.795,,1487.67404314175,27.4707508087158
PER,1994,4.491,0.0085,1879.36657757919,26.3175106048584
PER,1995,4.708,0.0334,2189.53431515311,26.7130508422852
PER,1996,4.929,0.246,2226.91682429265,25.3557891845703
PER,1997,4.762,0.403,2300.67200774461,25.3866500854492
PER,1998,5.099,1.19,2156.39377651613,
PER,1999,5.011,1.95,1916.53397367908,38.0124893188477
PER,2000,4.959,3.07643061137675,1945.41338451698,33.4137687683105
PER,2001,5.068,7.57876295717419,1929.57273038846,29.9192008972168
PER,2002,4.84,8.96694917040028,2007.37019626753,30.2558097839356
PER,2003,4.15,11.6,2129.44114197634,30.319580078125
PER,2004,4.71,14.1,2397.25147277714,32.1658897399902
PER,2005,4.87,17.10000038,2706.66947297608,32.4608917236328
PER,2006,4.17,20.70000076,3129.55996496982,33.9184188842773
PER,2007,4.08,25.20000076,3581.0893081917,
PER,2008,4.03,30.57,4197.58444634142,
PER,2009,3.96,31.4,4181.18755462253,
PER,2010,3.6,34.77,5072.11494019615,
PER,2011,3.477,36.01,5861.35793645245,
PER,2012,3.238,38.2,6519.37852981527,
PER,2013,3.575,39.2,6746.80025696601,
PER,2014,3.208,40.2446560091704,6667.13410360861,
PER,2015,3.272,40.8526009090468,6231.71150338894,
PER,2016,3.741,45.4617406869459,6217.03599995447,73.2223205566406
PER,2017,3.691,50.4504121848143,6736.16693725487,71.2404708862305
PER,2018,3.492,55.0543342443197,6978.49121548627,
PER,2019,3.379,59.9505036049006,7037.00803692604,
PER,2020,7.179,65.25179796,6133.32552410183,
PER,2021,5.097,71.10782643,6828.53422535638,
PER,2022,4.291,74.67495213,7353.74598721667,
PER,2023,4.899,79.48484477,7919.04634828547,
PER,2024,5.199,81.95705992,8526.29665719783,
PER,2025,5.117,,9684.41170314988,
PHL,1960,,,269.465146474794,
PHL,1961,,,283.794741192369,
PHL,1962,,,166.689221357377,
PHL,1963,,,179.464434045296,
PHL,1964,,,188.153783582113,
PHL,1965,,,199.763575376063,
PHL,1966,,,213.849586020843,
PHL,1967,,,223.124766332659,
PHL,1968,,,242.232067627814,
PHL,1969,,,261.090890369413,
PHL,1970,,,200.921655645037,
PHL,1971,,,217.429055093343,16.335750579834
PHL,1972,,,230.097611314044,16.8362197875977
PHL,1973,,,283.228592733126,16.7165603637695
PHL,1974,,,379.068181207602,16.7984199523926
PHL,1975,,,400.638883090952,15.8722095489502
PHL,1976,,,448.620084504484,16.2667999267578
PHL,1977,,,502.23424288346,16.4902400970459
PHL,1978,,,565.267487053598,18.819730758667
PHL,1979,,,666.956386771672,21.0937595367432
PHL,1980,,,766.969451146209,21.3457107543945
PHL,1981,,,821.293256858092,22.3720092773438
PHL,1982,,,832.536200258054,22.8241901397705
PHL,1983,,,723.430497138016,23.5529708862305
PHL,1984,,,665.042349344043,25.7850894927979
PHL,1985,,,633.211065310196,24.8644905090332
PHL,1986,,,600.002843935462,22.3687896728516
PHL,1987,,,649.812857590607,21.4912796020508
PHL,1988,,,722.343718454247,22.8345203399658
PHL,1989,,,791.864324425833,24.4366798400879
PHL,1990,,0.0,803.572588255813,23.2742691040039
PHL,1991,3.727,,804.323330530547,25.9223308563232
PHL,1992,3.849,,916.515694532029,25.0141506195068
PHL,1993,3.869,,918.642953796961,
PHL,1994,3.767,0.00584,1059.9838951587,
PHL,1995,3.68,0.0286,1199.84171414993,27.0712604522705
PHL,1996,3.607,0.0559,1311.09249403865,28.5230102539062
PHL,1997,3.592,0.137,1273.27604875636,
PHL,1998,3.697,1.1,982.865943728564,26.6495494842529
PHL,1999,3.751,1.43,1101.43515975318,27.5217990875244
PHL,2000,3.77,1.98225319605827,1050.79273107952,
PHL,2001,3.698,2.52400566008269,969.530611744453,28.6476802825928
PHL,2002,3.616,4.33227574643007,1014.90879320106,28.3481502532959
PHL,2003,3.527,4.85767226708512,1027.2301192843,27.230110168457
PHL,2004,3.554,5.2436284521711,1099.63013023758,26.5457592010498
PHL,2005,3.795,5.397600174,1220.46018559867,25.823429107666
PHL,2006,4.052,5.74058632534702,1426.14649179546,26.2468109130859
PHL,2007,3.434,5.97,1712.65543282793,
PHL,2008,3.72,6.22,1959.29233534978,27.1289901733398
PHL,2009,3.858,9.0,1864.45043406471,26.6055793762207
PHL,2010,3.605,25.0,2162.91375885614,27.7549235195177
PHL,2011,3.592,29.0,2383.91892522087,29.0709151463153
PHL,2012,3.504,30.79999924,2614.61644401308,29.6298942276846
PHL,2013,3.497,32.70000076,2781.27957677397,31.8704183328366
PHL,2014,3.6,34.70000076,2866.83803761407,33.8741923214799
PHL,2015,3.068,36.90000153,2909.85818010301,35.8745887819664
PHL,2016,2.695,39.20000076,2985.19564024046,38.3447414525513
PHL,2017,2.552,41.59999847,3038.12124959289,33.6841018682349
PHL,2018,2.338,44.09999847,3168.51036609727,28.1166228592308
PHL,2019,2.237,43.0266118680279,3400.78949767074,30.0548680110365
PHL,2020,2.522,53.76490021,3227.57910235199,31.6317598507085
PHL,2021,3.398,66.90779877,3484.38593882819,33.6166173848126
PHL,2022,2.598,75.21114422,3548.06930572116,38.4011392706768
PHL,2023,2.2,77.86699677,3804.08274131718,44.2394203278519
PHL,2024,2.202,67.26300914,3985.29464669706,47.4134996154186
PHL,2025,2.235,,4170.72347271451,
PLW,1970,,,1017.15701970443,
PLW,1971,,,1080.60838506676,
PLW,1972,,,1144.53616532721,
PLW,1973,,,1221.46980560867,
PLW,1974,,,1328.03334121542,
PLW,1975,,,1463.541050968,
PLW,1976,,,1616.48039371329,
PLW,1977,,,1781.08614770459,
PLW,1978,,,1971.86615755627,
PLW,1979,,,2188.88311583043,
PLW,1980,,,2422.62684377801,
PLW,1981,,,2638.81583615546,
PLW,1982,,,2838.1584213014,
PLW,1983,,,3049.47947101338,
PLW,1984,,,3360.14538501912,
PLW,1985,,,3728.1295295149,
PLW,1986,,,4143.56203650884,
PLW,1987,,,4616.29028882378,
PLW,1988,,,5145.00614544213,
PLW,1989,,,5741.0868517899,
PLW,1990,,0.0,6402.929615309,
PLW,1991,,,6824.34353785065,
PLW,1992,,,6552.7112389768,
PLW,1993,,,5891.50378695334,
PLW,1994,,,6329.06976744186,
PLW,1995,,,7038.00523407967,
PLW,1996,,,7788.29726974057,
PLW,1997,,,7944.59907223327,
PLW,1998,,,8047.91621679983,
PLW,1999,,,7629.56986402836,
PLW,2000,,,7798.07510558974,45.7822113037109
PLW,2001,,,8239.26386807565,36.336109161377
PLW,2002,,20.243939470621,8340.18965031021,36.3363418579102
PLW,2003,,21.6015271777354,7862.39286077623,
PLW,2004,,26.9703326341025,8393.73029137235,
PLW,2005,,,9367.68615343862,
PLW,2006,,,9737.01943934058,
PLW,2007,,,10155.0470806134,
PLW,2008,,,10471.1510008417,
PLW,2009,,,9837.49883077663,
PLW,2010,,,10018.065238367,
PLW,2011,,,10795.639900708,
PLW,2012,,,12098.4124331551,
PLW,2013,,,12820.5931621147,67.3166885375977
PLW,2014,,,13854.730278013,
PLW,2015,,,15938.3652222848,
PLW,2016,,,17043.6660673147,
PLW,2017,,,16280.241199753,
PLW,2018,,,16179.877834849,
PLW,2019,,,15841.8923474548,
PLW,2020,,,14556.30954221,
PLW,2021,,,13267.4877340719,
PLW,2022,,82.56749725,13934.951996171,51.5274949083503
PLW,2023,,82.91629791,15578.3497630733,41.130604288499
PLW,2024,,83.92549896,18169.0767165866,71.8428437792329
PLW,2025,,,19532.3557719527,
PNG,1960,,,115.530490488928,
PNG,1961,,,119.656325913849,
PNG,1962,,,124.734548848091,
PNG,1963,,,128.874165095194,
PNG,1964,,,139.518603886501,
PNG,1965,,,153.93728254876,
PNG,1966,,,171.054558569102,
PNG,1967,,,188.972036608059,
PNG,1968,,,202.937753394767,
PNG,1969,,,225.288234672395,
PNG,1970,,,257.647270580834,
PNG,1971,,,279.669733884528,
PNG,1972,,,326.720237042343,2.42389011383057
PNG,1973,,,482.816252421415,2.48431992530823
PNG,1974,,,533.088651774956,
PNG,1975,,,481.950394020557,
PNG,1976,,,525.433235600649,
PNG,1977,,,558.015016249782,
PNG,1978,,,648.490112781654,
PNG,1979,,,747.800949082904,
PNG,1980,,,812.964617578981,1.79691004753113
PNG,1981,,,781.41257446286,
PNG,1982,,,725.645992789394,
PNG,1983,,,768.636364904269,1.5388400554657
PNG,1984,,,749.637059926778,1.86334002017975
PNG,1985,,,696.574806636325,1.51298999786377
PNG,1986,,,744.908522742949,1.86074995994568
PNG,1987,,,865.468569563314,
PNG,1988,,,984.993556016427,
PNG,1989,,,934.246494854331,
PNG,1990,,0.0,826.317152082832,
PNG,1991,2.793,,941.707721616563,
PNG,1992,2.608,,1050.7071689258,
PNG,1993,2.382,,1151.28388116601,
PNG,1994,2.418,,1228.24343638772,
PNG,1995,2.603,,998.229967376131,3.21866011619568
PNG,1996,2.728,0.00207,1071.04185150251,3.52103996276856
PNG,1997,2.854,0.101,989.721550965343,
PNG,1998,2.86,0.235,733.479860137662,2.00097990036011
PNG,1999,2.939,0.667,649.994719718763,1.94981002807617
PNG,2000,2.92,0.835249302427624,635.957919047725,
PNG,2001,2.801,0.904103545170821,537.847459634131,
PNG,2002,2.756,1.3216569348661,506.331789534482,
PNG,2003,2.628,1.37440466802801,577.467922387259,
PNG,2004,2.526,1.5079127722725,620.596147680561,
PNG,2005,2.385,1.71619047556782,744.486489977433,
PNG,2006,2.285,1.754487260668,1238.18282926706,
PNG,2007,2.169,1.790599942,1370.753415829,
PNG,2008,2.168,1.15,1624.79319935188,
PNG,2009,2.089,1.61,1568.83193368607,
PNG,2010,2.002,1.28,1866.86889851208,
PNG,2011,2.62,2.0,2288.37591141234,
PNG,2012,2.634,3.5,2635.0873631547,
PNG,2013,2.698,5.099999905,2560.77458976327,
PNG,2014,2.54,6.5,2723.17529825196,
PNG,2015,2.507,7.900000095,2484.5963398603,
PNG,2016,2.478,9.601499557,2316.39479758492,
PNG,2017,2.58,11.20919991,2477.76530986323,
PNG,2018,2.65,12.35789967,2566.36833735041,
PNG,2019,2.651,13.62419987,2575.77274140393,
PNG,2020,2.903,15.02040005,2429.61134585269,
PNG,2021,3.03,16.55960083,2607.97769973161,
PNG,2022,2.689,18.25659943,3102.29409730005,
PNG,2023,2.649,18.56130028,2966.06455045333,
PNG,2024,2.625,18.81159973,2912.4914068385,
PNG,2025,2.571,,3019.5309140573,
POL,1990,,0.0,1731.2095094382,
POL,1991,13.621,0.00523,2235.54108862522,
POL,1992,13.645,0.0521,2459.02068468253,
POL,1993,14.393,0.13,2497.13055936127,
POL,1994,14.825,0.389,2874.83163555069,
POL,1995,13.695,0.648,3700.95956775144,
POL,1996,12.684,1.3,4163.51195431959,
POL,1997,10.964,2.07,4137.00831823145,
POL,1998,9.935,4.1,4533.5356551781,
POL,1999,12.29,5.46,4415.50067547826,
POL,2000,14.928,7.2854287080601,4520.64100449111,
POL,2001,18.435,9.9006697073534,5015.23790036613,56.3456916809082
POL,2002,20.211,21.15,5223.45178967082,59.5361404418945
POL,2003,19.899,24.87,5720.81366178104,60.6214714050293
POL,2004,18.822,32.53,6711.72715262967,61.7436981201172
POL,2005,17.592,38.81,8043.92332253757,63.7791404724121
POL,2006,13.794,44.58,9068.85528307627,65.0900726318359
POL,2007,9.551,48.6,11272.5293683383,66.9424667358398
POL,2008,7.069,53.13,14048.5604672654,70.2946319580078
POL,2009,8.131,58.97,11556.3026866026,72.6793594360352
POL,2010,9.578,62.32,12567.7317676382,76.5571212768555
POL,2011,9.576,61.94999896898,13867.6669408192,75.8021011352539
POL,2012,10.031,62.3099972714691,13087.420943321,75.0382919311523
POL,2013,10.293,62.8492,13621.9023794031,73.317268371582
POL,2014,8.971,66.5987360557248,14262.2841914116,70.2389678955078
POL,2015,7.475,67.9969871556415,12637.5220324406,69.3731994628906
POL,2016,6.141,73.3007040962669,12464.0121044827,69.8503799438477
POL,2017,4.867,75.9853659493832,13913.3415190124,70.6174621582031
POL,2018,3.835,77.5417345350006,15658.210586693,71.0217437744141
POL,2019,3.267,80.4359068768673,15874.5220531254,70.9065017700195
POL,2020,3.155,83.18488715,16150.9304813473,70.9730377197266
POL,2021,3.268,85.37490906,18635.5104895754,72.2060623168945
POL,2022,2.811,86.94113479,18891.2121169279,75.2911071777344
POL,2023,2.743,86.414744,22145.2660647429,76.8794097900391
POL,2024,2.807,88.58496367,25103.565661423,80.9149627685547
POL,2025,2.976,,28419.5777395638,
PRE,1960,,,128.965295180264,
PRE,1961,,,130.631883608116,
PRE,1962,,,139.724963338707,
PRE,1963,,,157.647405751914,
PRE,1964,,,145.554458839187,
PRE,1965,,,156.409583972245,
PRE,1966,,,166.747162934725,
PRE,1967,,,154.672138041037,
PRE,1968,,,162.563527980322,
PRE,1969,,,178.108457667593,
PRE,1970,,,195.381698595183,1.43795001506805
PRE,1971,,,188.147560366995,1.45096004009247
PRE,1972,,,215.262743203079,1.49906003475189
PRE,1973,,,258.052882463606,1.56094002723694
PRE,1974,,,345.745053187381,1.61492002010346
PRE,1975,,,382.730655635312,1.6808899641037
PRE,1976,,,434.894008190856,1.73740994930267
PRE,1977,,,466.392789751273,1.8194899559021
PRE,1978,,,513.347321751853,1.90436005592346
PRE,1979,,,614.212684753264,2.00989007949829
PRE,1980,,,737.888222769468,2.11011004447937
PRE,1981,,,982.803080795122,2.23442006111145
PRE,1982,,,908.021209820747,2.34966993331909
PRE,1983,,,732.537098370184,2.39800000190735
PRE,1984,,,665.560040086443,2.44584989547729
PRE,1985,,,671.084296696025,2.58225989341736
PRE,1986,,,566.20821438003,2.71370005607605
PRE,1987,,,592.862150769265,2.66790008544922
PRE,1988,,,604.762184417686,2.79390001296997
PRE,1989,,,595.419652965801,2.91318011283875
PRE,1990,,,940.439377161013,2.98382997512817
PRE,1991,5.34568002926235,,519.227064159577,3.05075001716614
PRE,1992,5.38652663390759,,392.857072321236,3.1136999130249
PRE,1993,5.45794091503848,,397.880287972378,3.20022988319397
PRE,1994,5.42353591142816,,401.32829200595,3.2739999294281
PRE,1995,5.30385646073927,,572.297212272674,3.30173993110657
PRE,1996,5.18139865547561,,675.388677650619,3.37503004074097
PRE,1997,5.08085494178219,,720.974841755232,3.4682400226593
PRE,1998,5.05997209739088,,741.814295821837,3.51804995536804
PRE,1999,5.10317808800889,,449.113610586588,3.57716989517212
PRE,2000,5.13391983978484,,503.881865569121,3.96374988555908
PRE,2001,5.12153810037018,,466.255676779194,4.32922983169556
PRE,2002,5.0724611452453,,523.955261767573,4.69973993301392
PRE,2003,5.04587122100171,,554.625659623811,5.09181976318359
PRE,2004,4.96212948847294,,671.224356830207,5.37591981887817
PRE,2005,4.93387732610229,,815.995032153718,5.72213983535767
PRE,2006,4.90998713639371,,998.07823930556,5.93388986587524
PRE,2007,4.87191262111388,,1174.15015770746,6.07145023345947
PRE,2008,4.86836540696563,,1424.0703685436,6.37200021743774
PRE,2009,4.90149804162028,,1253.05147524894,6.63960981369019
PRE,2010,5.09524000558138,,1422.25838961236,6.91344022750854
PRE,2011,5.14866591361225,,1597.7670422466,7.22444009780884
PRE,2012,5.06492902606905,,1687.90559427919,7.61994981765747
PRE,2013,4.86973350643787,,1797.07620788678,7.97291994094849
PRE,2014,4.85956498950861,,1849.26650645876,8.17070007324219
PRE,2015,4.92874848701502,,1526.04099231967,8.25500011444092
PRE,2016,5.00843089695962,,1318.65578321566,8.31756973266602
PRE,2017,5.2669199218143,,1341.55710823713,8.40110015869141
PRE,2018,5.32927480343501,,1452.10811367974,8.50343990325928
PRE,2019,5.38924122021237,,1682.64777483043,8.51943969726562
PRE,2020,5.89078404749377,,1497.18872625076,8.60867023468018
PRE,2021,5.76848661848567,,1594.39804852433,8.72068023681641
PRE,2022,4.97495099823102,,1769.1914721872,
PRE,2023,4.65198898265421,,1559.36615928619,
PRE,2024,4.53734249793927,,1372.7115352549,
PRE,2025,4.54407578031541,,1470.05803145865,
PRI,1960,,,717.514843087362,
PRI,1961,,,777.215027407341,
PRI,1962,,,854.74480496849,
PRI,1963,,,931.751665981242,
PRI,1964,,,1006.43444609497,
PRI,1965,,,1110.83269082498,
PRI,1966,,,1207.81182440348,
PRI,1967,,,1335.27411162524,
PRI,1968,,,1480.69317642251,
PRI,1969,,,1661.86688523369,
PRI,1970,,,1852.35467255335,
PRI,1971,,,2044.31990558216,
PRI,1972,,,2246.4767135113,
PRI,1973,,,2432.41421904928,
PRI,1974,,,2614.50094053038,
PRI,1975,,,2738.24315297261,
PRI,1976,,,2946.46195251152,
PRI,1977,,,3208.77135614128,
PRI,1978,,,3567.7526290007,
PRI,1979,,,4024.50942019287,
PRI,1980,,,4502.8384279476,
PRI,1981,,,4920.72293674859,
PRI,1982,,,5115.00851423346,
PRI,1983,,,5217.72272856039,
PRI,1984,,,5730.11700890201,
PRI,1985,,,6008.05448623038,
PRI,1986,,,6455.18446107614,
PRI,1987,,,6980.49014338219,
PRI,1988,,,7595.44465611829,
PRI,1989,,,8033.08944133042,
PRI,1990,,0.0,8652.50749222505,
PRI,1991,16.18,,9064.01851711486,
PRI,1992,16.93,,9659.33889995916,
PRI,1993,16.91,,10212.2767630564,
PRI,1994,14.6,0.0273,10876.4188239898,
PRI,1995,13.93,0.135,11579.1849969985,
PRI,1996,13.64,0.268,12173.163688986,
PRI,1997,13.8,1.33,12817.6449621352,
PRI,1998,13.46,2.65,14304.4049868015,
PRI,1999,11.81,5.27,15220.9913420267,
PRI,2000,10.08,10.4746482089399,16192.1269719638,
PRI,2001,11.4,15.6300309162012,18123.1987019918,
PRI,2002,11.94,17.5476475654777,18731.4593897378,
PRI,2003,11.78,19.7070256578252,19557.1202492358,
PRI,2004,10.31,22.1307382347014,20988.9923326534,
PRI,2005,11.35,23.4000504486583,21959.322696986,
PRI,2006,11.01,25.4424182102582,22935.9411586313,
PRI,2007,10.93,27.86,23664.8823485096,78.6092071533203
PRI,2008,11.48,38.0,24898.3345857045,84.4570999145508
PRI,2009,15.0,41.5,25768.7258883384,86.6972579956055
PRI,2010,16.1,45.3,26414.8810634548,90.7308767027593
PRI,2011,15.7,48.0,27170.0766543278,91.7977449760959
PRI,2012,14.5,68.9999826014151,27742.024476618,94.0074751455172
PRI,2013,14.3,68.999990004,28212.0499737431,95.3715682046859
PRI,2014,13.9,76.1338597201667,28576.0988023209,97.2016557105489
PRI,2015,12.0,63.4663353848474,29242.041465085,100.706557185143
PRI,2016,11.8,68.6438071976518,29978.0889268918,100.643406166336
PRI,2017,10.8,68.7407731407209,30328.479490518,100.739404309645
PRI,2018,9.2,70.8563997424362,30679.9181934488,107.502380763432
PRI,2019,8.3,77.7364393708352,31830.5284993358,95.6914950121196
PRI,2020,8.89,,31427.1034994916,88.4148538699338
PRI,2021,7.9,84.78666399,32618.8705106244,88.5327447779272
PRI,2022,6.0,87.29178106,35353.5613891039,82.0153279566474
PRI,2023,5.725,,36980.7653928068,77.9263575380698
PRI,2024,5.639,,39353.2242360643,
PRI,2025,5.991,,40620.1526923687,
PRK,1990,,0.0,,
PRK,1991,2.845,,,
PRK,1992,2.875,,,
PRK,1993,2.98,,,
PRK,1994,3.092,,,
PRK,1995,3.114,,,
PRK,1996,3.153,,,
PRK,1997,3.253,0.0,,
PRK,1998,3.461,0.0,,
PRK,1999,3.67,0.0,,
PRK,2000,3.653,0.0,,
PRK,2001,3.676,0.0,,
PRK,2002,3.644,0.0,,
PRK,2003,3.668,0.0,,
PRK,2004,3.62,0.0,,
PRK,2005,3.576,,,
PRK,2006,3.55,,,
PRK,2007,3.547,,,
PRK,2008,3.48,,,
PRK,2009,3.48,,,30.1253795623779
PRK,2010,3.419,,,
PRK,2011,3.516,,,29.8180599212646
PRK,2012,3.542,,,
PRK,2013,3.567,,,
PRK,2014,3.509,,,
PRK,2015,3.523,,,27.9393501281738
PRK,2016,3.574,,,
PRK,2017,3.498,,,
PRK,2018,3.409,,,26.7206192016602
PRK,2019,3.439,,,
PRK,2020,3.624,,,
PRK,2021,3.692,,,
PRK,2022,3.457,,,
PRK,2023,3.463,,,
PRK,2024,3.539,,,
PRK,2025,3.545,,,
PRT,1960,,,376.976430250874,
PRT,1961,,,400.223162057827,
PRT,1962,,,426.49433629823,
PRT,1963,,,452.280291618213,
PRT,1964,,,490.207385856289,
PRT,1965,,,544.71961987576,
PRT,1966,,,601.289222261876,
PRT,1967,,,676.386669887118,
PRT,1968,,,751.947085624465,
PRT,1969,,,832.130682107245,
PRT,1970,,,934.082156096117,
PRT,1971,,,1064.53771257341,
PRT,1972,,,1302.2662677393,
PRT,1973,,,1747.98904060266,
PRT,1974,,,2000.41824574682,
PRT,1975,,,2127.6375072593,
PRT,1976,,,2173.28393425975,
PRT,1977,,,2267.37100319478,
PRT,1978,,,2457.31321644599,
PRT,1979,,,2755.6246177008,
PRT,1980,,,3368.36666940279,
PRT,1981,,,3245.97521367748,
PRT,1982,,,3079.94956634271,
PRT,1983,,,2735.49106580047,
PRT,1984,,,2522.74747620658,
PRT,1985,,,2705.19300197317,
PRT,1986,,,3861.9484333688,
PRT,1987,,,4803.86609546941,
PRT,1988,,,5623.69699982123,
PRT,1989,,,6056.38102771889,
PRT,1990,,0.0,7884.61798756332,
PRT,1991,3.919,0.1,8958.9853330247,
PRT,1992,3.985,0.25,10810.5665079626,
PRT,1993,5.301,0.45,9534.6563637308,
PRT,1994,6.709,0.719,9977.31990905771,
PRT,1995,7.064,1.49,11781.3618502221,
PRT,1996,7.298,2.98,12185.0914010629,
PRT,1997,6.571,4.95,11575.5071124358,
PRT,1998,4.64,9.87,12199.206385024,
PRT,1999,4.579,14.7,12475.2917701476,
PRT,2000,3.806,16.4304676923534,11526.3720667968,
PRT,2001,3.829,18.0871365595338,11734.7649743954,
PRT,2002,4.497,19.37,12936.6928204482,
PRT,2003,6.132,29.67,15797.7821340276,
PRT,2004,6.319,31.78,18064.1580932987,
PRT,2005,7.582,34.99,18780.12751241,
PRT,2006,7.649,38.01,19839.4540499032,
PRT,2007,7.965,42.09,22811.0564844365,
PRT,2008,7.553,44.13,24949.0413566739,
PRT,2009,9.432,48.27,23151.2154130712,
PRT,2010,10.771,53.3,22551.935098809,
PRT,2011,12.715,55.2499968797194,23246.5425416481,
PRT,2012,15.509,60.3399974868057,20593.4274224109,
PRT,2013,16.237,62.0956,21676.4859642714,
PRT,2014,13.88,64.5924200648949,22120.6850127107,
PRT,2015,12.405,68.6328614804299,19215.7813014347,61.7960205078125
PRT,2016,11.058,70.423567088723,19980.2808866516,63.2387504577637
PRT,2017,8.878,73.7912139515729,21442.3842768879,64.2040176391602
PRT,2018,6.966,74.6609681487507,23541.1401075289,65.1127395629883
PRT,2019,6.422,75.3463779408712,23343.3628970034,66.0920562744141
PRT,2020,6.85,78.26166044,22299.4044062173,68.1568908691406
PRT,2021,6.712,82.30902804,24711.4510062111,72.5122375488281
PRT,2022,6.138,84.49690644,24620.5197587181,75.0714797973633
PRT,2023,6.498,85.79012676,27634.6183139773,77.6778182983398
PRT,2024,6.5,88.48704454,29328.3067415343,
PRT,2025,6.164,,32081.8106150292,
PRY,1960,,,153.375216758109,
PRY,1961,,,167.092827495951,
PRY,1962,,,182.805194132375,
PRY,1963,,,189.872423489268,
PRY,1964,,,196.973355774177,
PRY,1965,,,208.729579506696,
PRY,1966,,,213.947608399441,
PRY,1967,,,220.930909757875,
PRY,1968,,,226.80197812329,
PRY,1969,,,238.242208450243,
PRY,1970,,,248.996708209079,3.95133996009827
PRY,1971,,,272.082440745597,4.83398008346558
PRY,1972,,,307.630516228445,5.108069896698
PRY,1973,,,388.712259813059,5.43008995056152
PRY,1974,,,507.87047971714,6.05002021789551
PRY,1975,,,561.522396286823,7.61552000045776
PRY,1976,,,615.825049934218,
PRY,1977,,,739.83449409653,
PRY,1978,,,882.931919341442,
PRY,1979,,,1148.89527317637,
PRY,1980,,,1456.84406918803,9.38541030883789
PRY,1981,,,1792.61496129399,9.67518997192383
PRY,1982,,,1679.81843739033,9.3462495803833
PRY,1983,,,1709.80484009501,10.6197900772095
PRY,1984,,,1319.23446766653,9.92348957061768
PRY,1985,,,934.991981806694,9.27097988128662
PRY,1986,,,1031.15623781062,8.9486198425293
PRY,1987,,,1068.95380287336,8.49324035644531
PRY,1988,,,1113.89406863138,8.43583965301514
PRY,1989,,,1211.29634333964,8.34115028381348
PRY,1990,,0.0,1440.15829610029,8.72241020202637
PRY,1991,5.1,,1685.26890082621,
PRY,1992,4.98,,1682.67444777611,
PRY,1993,5.06,,1661.70955306218,10.947699546814
PRY,1994,4.41,,1760.28807083292,
PRY,1995,3.4,,1978.71514099575,9.94643974304199
PRY,1996,8.15,0.0204,2088.17109102236,10.0490303039551
PRY,1997,5.36,0.0996,2078.50841313824,
PRY,1998,4.417,0.195,1889.88455618586,
PRY,1999,5.343,0.382,1766.30657288259,14.3129796981812
PRY,2000,7.61,0.747630711548184,1736.11729210765,17.2918395996094
PRY,2001,6.206,1.09879383569333,1637.68615122932,19.336540222168
PRY,2002,9.393,1.79496959770244,1367.76506935997,28.3164596557617
PRY,2003,6.814,2.11194208210034,1443.99885236205,26.9151496887207
PRY,2004,6.513,3.45243843137079,1786.21533938543,27.1320304870606
PRY,2005,4.825,7.90700786141285,1970.87169852378,27.7761993408203
PRY,2006,5.277,7.962100029,2439.43124694576,
PRY,2007,4.713,11.21,3211.93621659546,31.087760925293
PRY,2008,4.415,14.27,4384.9546943793,36.8851890563965
PRY,2009,5.46,18.9,3941.84815479271,39.7724685668945
PRY,2010,4.569,19.8,4750.96273669322,37.6179261040957
PRY,2011,4.67,24.7635158793993,5805.40154543044,
PRY,2012,4.085,29.34,5642.1699167298,
PRY,2013,4.385,36.9,6435.68342733182,
PRY,2014,5.034,43.0073750122614,6652.25478942291,
PRY,2015,4.556,49.716304663966,5879.33792308671,
PRY,2016,5.255,53.4041274791009,5775.1596339946,
PRY,2017,6.138,61.0757562215797,6152.26711537703,
PRY,2018,6.217,64.9935430235756,6258.44991640954,
PRY,2019,6.595,68.5176284222264,5821.18199548637,
PRY,2020,7.548,73.95751114,5365.47220721191,
PRY,2021,7.311,77.01838621,5974.9057185863,
PRY,2022,6.755,76.25916611,6189.10205375331,
PRY,2023,5.794,78.09481878,6303.26495017292,
PRY,2024,5.686,81.57806793,6456.60723068562,
PRY,2025,4.803,,7026.61906146401,
PSE,1990,,0.0,,
PSE,1991,10.666,,,
PSE,1992,10.692,,,
PSE,1993,10.705,,,
PSE,1994,10.778,,1201.58154213882,
PSE,1995,10.714,,1326.56285737146,
PSE,1996,10.726,,1317.46675131385,15.8326501846313
PSE,1997,10.522,,1389.16497137651,18.3967094421387
PSE,1998,10.451,,1465.04605685868,20.1686706542969
PSE,1999,10.382,,1499.49217657019,22.7711391448975
PSE,2000,10.625,1.11130620708969,1476.17185000238,23.624870300293
PSE,2001,21.493,1.83685483917877,1335.55319529359,25.7727699279785
PSE,2002,27.465,3.10009223512517,1156.21747345769,27.5037307739258
PSE,2003,23.004,4.13061635632919,1257.69857009689,31.2601299285889
PSE,2004,23.215,4.40090482603223,1422.19088643544,35.1719093322754
PSE,2005,20.016,16.00499916,1543.70141392774,38.400749206543
PSE,2006,19.014,18.41,1570.10439962728,40.1437492370605
PSE,2007,18.282,21.1760006,1664.24571669276,43.544979095459
PSE,2008,22.913,24.3579998,2035.20234121766,44.7015686035156
PSE,2009,20.452,32.23,2191.78178736868,43.4091491699219
PSE,2010,21.416,37.40000153,2557.07562356699,45.0943742403046
PSE,2011,17.597,41.08000183,2880.79843707909,47.5094364758648
PSE,2012,19.202,43.4,3067.43872735614,47.0416991089195
PSE,2013,19.894,46.59999847,3315.29753909282,45.2354836861858
PSE,2014,20.526,53.6651997924171,3352.11259506043,44.8451220304662
PSE,2015,23.005,56.70000076,3272.15432360708,46.0871831764203
PSE,2016,23.939,59.90000153,3527.61382413178,45.3924907557838
PSE,2017,25.677,63.29999924,3620.36048715937,45.5044081379083
PSE,2018,26.256,64.3999937114499,3562.33094270256,46.4852162059319
PSE,2019,25.34,70.6225837001758,3656.85827137011,45.6330464687168
PSE,2020,25.895,76.18160248,3233.56863835858,45.3895360497376
PSE,2021,26.39,,3678.63565662194,44.2081176768623
PSE,2022,24.42,88.64690554,3799.95527015163,45.7982801281791
PSE,2023,,86.63765334,3607.41611858821,44.4904623709098
PSE,2024,,,3028.25481286981,
PSE,2025,,,3171.10844621579,
PSS,1970,,,358.687331175362,1.87679994106293
PSS,1971,,,395.810012764913,2.10576009750366
PSS,1972,,,460.183843709943,2.30691003799439
PSS,1973,,,604.320910189444,2.52595996856689
PSS,1974,,,804.436169034547,2.79783010482788
PSS,1975,,,872.139831893069,3.14565992355347
PSS,1976,,,854.424460640589,3.13848996162415
PSS,1977,,,879.523805566507,3.13172006607056
PSS,1978,,,986.17530347436,3.11728000640869
PSS,1979,,,1162.2101205448,3.85166001319885
PSS,1980,,,1299.84947305632,3.54802989959717
PSS,1981,,,1314.59553013966,4.45417022705078
PSS,1982,,,1265.72256598649,3.86244010925293
PSS,1983,,,1185.33657065957,3.78049993515015
PSS,1984,,,1219.06037971704,4.03661012649536
PSS,1985,,,1145.73022924272,4.25334978103638
PSS,1986,,,1222.70707456586,3.95573997497559
PSS,1987,,,1173.87310359514,4.2595100402832
PSS,1988,,,1188.98390796449,4.55140018463135
PSS,1989,,,1219.29470793172,4.82097005844116
PSS,1990,,,1343.27719993773,6.1402997970581
PSS,1991,3.87708909176688,,1404.20977100088,7.41555023193359
PSS,1992,3.87633861318752,,1519.64824897657,7.51308012008667
PSS,1993,3.93673769020559,,1573.63525576083,7.58362007141113
PSS,1994,3.90359689716017,,1818.22509065982,7.66329002380371
PSS,1995,3.98085442407908,,1947.90073188873,7.77312994003296
PSS,1996,4.01560097752488,,2060.80457992554,7.91181993484497
PSS,1997,4.1590180797063,,2035.88566116361,8.19550037384033
PSS,1998,4.26267963599519,,1728.10547623798,8.41001987457275
PSS,1999,4.30498832186484,,1857.38930457259,8.68115043640137
PSS,2000,4.40485764939109,,1686.6056817652,8.57024955749512
PSS,2001,4.51782547170457,,1637.06349067775,8.64962959289551
PSS,2002,4.61174676237171,,1695.01147879967,8.9496603012085
PSS,2003,4.51420593104194,,1997.28054068901,9.11674976348877
PSS,2004,4.3406725276094,,2270.72657197828,9.18844985961914
PSS,2005,3.8404573462192,,2490.44783617075,9.26836967468262
PSS,2006,3.81456389998427,,2586.22776155533,10.448320388794
PSS,2007,3.76264674833736,,2817.98969436478,11.6148996353149
PSS,2008,3.66517406587763,,2989.60481007125,12.749059677124
PSS,2009,3.60850865304197,,2666.87195227178,13.8834295272827
PSS,2010,3.50675202326758,,2899.88573139903,14.9991502761841
PSS,2011,3.44436830760268,,3338.30793678792,15.9915399551392
PSS,2012,3.54707816512722,,3493.28831201062,16.9056892395019
PSS,2013,3.42532155080918,,3630.10394299084,17.8391304016113
PSS,2014,3.39737128470569,,3891.36256203141,18.7202606201172
PSS,2015,3.37020462675283,,3761.06673610832,19.5440101623535
PSS,2016,3.36311039358415,,3898.87961923979,20.3001098632812
PSS,2017,3.40034043733734,,4147.00368611764,21.0051193237305
PSS,2018,3.35231302156857,,4295.18182253285,21.6747703552246
PSS,2019,3.32798136589447,,4185.0758997627,22.1763496398926
PSS,2020,3.30655660526839,,3632.52907231285,23.8909606933594
PSS,2021,3.35468526106548,,3646.98862815783,25.3326797485352
PSS,2022,3.60681620269367,,3941.90128416234,26.6385803222656
PSS,2023,3.52057525691559,,4199.64948077192,27.8527202606201
PSS,2024,3.52751412823486,,4528.48364572376,29.3007507324219
PSS,2025,3.51831083728422,,4719.69017777464,
PST,1960,,,1372.3103363431,
PST,1961,,,1444.74560244574,
PST,1962,,,1544.3988810291,
PST,1963,,,1642.56388574249,
PST,1964,,,1774.36518771939,
PST,1965,,,1908.5843075848,
PST,1966,,,2067.18982794506,
PST,1967,,,2188.35058427914,
PST,1968,,,2351.88823516223,
PST,1969,,,2567.60974756019,
PST,1970,,,2792.07280854636,
PST,1971,,,3065.36626267645,
PST,1972,,,3527.11854008346,
PST,1973,,,4229.99012115327,
PST,1974,,,4686.67381834621,
PST,1975,,,5211.09441180964,
PST,1976,,,5614.25422442866,
PST,1977,,,6302.61647297518,
PST,1978,,,7544.51058507245,
PST,1979,,,8605.20249073821,
PST,1980,,,9456.3855012214,
PST,1981,,,9504.44958331272,
PST,1982,,,9402.90613673505,
PST,1983,,,9704.77940916842,
PST,1984,,,10086.903242533,
PST,1985,,,10565.6557440561,
PST,1986,,,12855.4192393172,
PST,1987,,,14825.4215309782,
PST,1988,,,16610.7863171232,
PST,1989,,,17235.8103291755,
PST,1990,,,19207.3380131246,
PST,1991,6.30420825660087,,20121.4808345792,
PST,1992,6.91243365569707,,21440.3916904735,
PST,1993,7.5103906033007,,21469.1544175533,
PST,1994,7.50942275337142,,22868.9775789577,
PST,1995,7.38445233898678,,25219.7306112425,
PST,1996,7.55967472307922,,25204.8440630157,
PST,1997,7.36478723006136,,24572.1370504326,
PST,1998,7.39692261448223,,24512.0329339239,
PST,1999,7.1145514900882,,25625.9316580893,59.2588806152344
PST,2000,6.53699120304108,,25965.6198092905,60.9504508972168
PST,2001,6.38359327702813,,25583.1763027363,63.4118690490723
PST,2002,6.77664467622594,,26549.4716468681,66.2143707275391
PST,2003,6.86199228387437,,29606.2954023988,68.0389709472656
PST,2004,6.67204910657906,,32722.7857826302,69.8123016357422
PST,2005,6.4091008362879,,34268.541288057,70.7085113525391
PST,2006,5.994063325313,,35873.6218378841,72.5484390258789
PST,2007,5.57196004328002,,38925.4514993488,73.6274032592773
PST,2008,5.90228542517582,,40986.2032462103,74.382568359375
PST,2009,8.07274225977277,,38399.5766429162,75.7163009643555
PST,2010,8.34726962592943,,39869.2354180288,76.129638671875
PST,2011,8.06019449389029,,42699.7581912628,76.8018493652344
PST,2012,8.11703125262048,,42453.1056245877,76.9093017578125
PST,2013,8.01055138462552,,42757.0705462921,76.8820114135742
PST,2014,7.46206202944811,,43482.2905959942,77.3907699584961
PST,2015,6.88380194224391,,40960.9089975197,77.5960006713867
PST,2016,6.41054588620563,,41720.329677393,78.0374298095703
PST,2017,5.85021474599449,,43356.99969696,78.2045822143555
PST,2018,5.29340998979908,,45787.7299792029,78.5094528198242
PST,2019,4.93863793927205,,46125.7453007656,79.4663619995117
PST,2020,6.72548575920498,,45174.5036479433,80.1040878295898
PST,2021,5.80602995350964,,50433.5519322417,81.0674819946289
PST,2022,4.52602226819937,,51597.0182783268,79.975341796875
PST,2023,4.46960383607434,,54507.2154710128,81.2349395751953
PST,2024,4.61212708203082,,56385.0585145595,80.2341079711914
PST,2025,4.69905638249338,,59490.0240628251,
PYF,1965,,,1838.57638129761,
PYF,1966,,,2171.35978202717,
PYF,1967,,,2150.61571935477,
PYF,1968,,,2440.8345277325,
PYF,1969,,,2206.35343555808,
PYF,1970,,,2228.19051620548,
PYF,1971,,,2516.98260839219,
PYF,1972,,,2678.18747088327,
PYF,1973,,,3425.44252890097,
PYF,1974,,,4273.16745814336,
PYF,1975,,,5149.93762191732,
PYF,1976,,,5302.06138605756,
PYF,1977,,,5573.60451054244,
PYF,1978,,,6848.95100426122,
PYF,1979,,,8016.36524403648,
PYF,1980,,,8438.72682447341,
PYF,1981,,,7645.18391267409,
PYF,1982,,,7416.30736944627,
PYF,1983,,,7477.03464924524,
PYF,1984,,,7511.32179070332,
PYF,1985,,,8002.08427164997,
PYF,1986,,,11913.8267538469,
PYF,1987,,,14061.3873698969,
PYF,1988,,,13952.8382782589,
PYF,1989,,,13682.8412939782,
PYF,1990,,0.0,16293.1823294474,
PYF,1991,11.591,,16414.8132696888,
PYF,1992,11.724,,17554.3737937032,1.45677995681763
PYF,1993,11.778,,16469.7751983669,
PYF,1994,11.98,,16806.0592491122,
PYF,1995,11.941,,18850.3149185956,
PYF,1996,11.92,0.091,18475.7253329475,
PYF,1997,11.866,0.214,16423.0214308681,
PYF,1998,11.791,1.32,16759.7141702526,
PYF,1999,11.701,3.45,16532.9022343754,
PYF,2000,11.583,6.3570635452072,14978.324104668,
PYF,2001,11.665,6.25158894552365,14640.9360062298,
PYF,2002,11.71,8.20021648571522,16004.0583292112,
PYF,2003,11.751,14.1242937853107,19582.8936395312,
PYF,2004,11.702,17.8845374263753,21764.2203208782,
PYF,2005,11.722,21.5421854743002,21984.1936230719,
PYF,2006,11.768,25.1079642462589,22330.8676659055,
PYF,2007,11.74,28.59,24888.1781337361,
PYF,2008,11.76,33.87,26592.0262835732,
PYF,2009,11.963,44.6,24434.2197555208,
PYF,2010,12.133,49.0,22494.806706186,
PYF,2011,12.257,49.0,22831.5185348524,
PYF,2012,12.134,52.8766305867993,20846.5457478364,
PYF,2013,12.027,56.8,21955.6329264095,
PYF,2014,11.894,60.68,22258.6321384251,
PYF,2015,11.794,64.560209747212,19166.9594761931,
PYF,2016,11.727,68.440419493378,19690.0775734589,
PYF,2017,11.595,72.7038953132942,20826.9312492172,
PYF,2018,11.599,,21925.616043938,
PYF,2019,11.591,,21582.5892046801,
PYF,2020,12.963,,19966.4838503859,
PYF,2021,12.558,,21426.3854449835,
PYF,2022,11.793,,20053.9569369322,
PYF,2023,11.613,,21832.2831795569,
PYF,2024,11.613,,22439.8838746025,
PYF,2025,11.662,,,
QAT,1970,,,2593.82296339752,
QAT,1971,,,2951.769414533,0.0
QAT,1972,,,3482.877835561,
QAT,1973,,,4905.34265094329,
QAT,1974,,,13539.5587974924,
QAT,1975,,,13013.6838099496,
QAT,1976,,,15710.3208135683,3.12012004852295
QAT,1977,,,16057.7252719384,3.2533700466156
QAT,1978,,,16757.0982461328,
QAT,1979,,,21776.6381753833,
QAT,1980,,,28407.2006612113,5.91430997848511
QAT,1981,,,29543.3106543877,6.47711992263794
QAT,1982,,,24431.3315473402,8.47453022003174
QAT,1983,,,19668.5262152083,11.554949760437
QAT,1984,,,19749.2502266015,12.9016103744507
QAT,1985,,,16815.0426389482,15.1963300704956
QAT,1986,,,13213.2094336152,17.3450202941894
QAT,1987,,,13718.7908752499,16.9779796600342
QAT,1988,,,14682.0213127986,16.4944305419922
QAT,1989,,,15242.5068904961,17.2535991668701
QAT,1990,,0.0,16721.6210835226,17.9684505462646
QAT,1991,0.87,,15133.4969397069,17.2565193176269
QAT,1992,0.87,,16280.293589053,16.9536304473877
QAT,1993,0.87,,14769.718821974,18.6690902709961
QAT,1994,0.87,,14764.8766954856,18.9698295593262
QAT,1995,0.87,0.19,15822.5092848142,20.5342998504639
QAT,1996,0.87,0.93,17124.7926054464,22.4816493988037
QAT,1997,0.87,3.08,20522.801449232,23.9278392791748
QAT,1998,0.87,3.52,17665.4399446972,21.5736999511719
QAT,1999,0.87,4.07,20233.6846826643,19.7645206451416
QAT,2000,0.87,4.86367917875156,27535.182940934,
QAT,2001,0.87,6.17026856093911,25870.7991864314,18.6874694824219
QAT,2002,0.87,10.2261289281118,27226.6593510117,17.2873592376709
QAT,2003,0.87,19.242336421002,31602.470865136,15.7512302398682
QAT,2004,0.87,20.701647851169,41035.5008380177,16.8915996551514
QAT,2005,0.87,24.73349953,53949.6764091147,14.7242298126221
QAT,2006,0.87,28.97410011,62582.4453138755,12.8355398178101
QAT,2007,0.52,37.0,65954.1146428814,11.8196697235107
QAT,2008,0.31,44.29999924,80781.2113909506,11.3421602249146
QAT,2009,0.31,53.09999847,60785.7351551657,10.1654901504517
QAT,2010,0.45,69.0,77387.2936379616,9.64273278083432
QAT,2011,0.56,69.0,103261.510293068,12.6008552690979
QAT,2012,0.48,69.3,108470.378825036,12.2866942772156
QAT,2013,0.28,85.3,103697.008372373,14.8707295209095
QAT,2014,0.2,91.48999786,95840.6310094498,17.3063613126932
QAT,2015,0.17,92.8848264535481,68985.2946961507,15.9339905308662
QAT,2016,0.15,95.1246621661148,61253.6375482797,14.8163562584538
QAT,2017,0.14,97.3888491654164,63279.8556949332,16.7774362605473
QAT,2018,0.11,99.6528491261175,71039.8490579352,17.4458250857575
QAT,2019,0.1,99.6528042086389,66841.3013484919,21.0931416049405
QAT,2020,0.14,99.65284913,51683.5054376677,23.7649212314763
QAT,2021,0.14,99.65280151,71751.8831257169,31.2813974439236
QAT,2022,0.13,98.03800201,88701.463352273,35.0854901088778
QAT,2023,0.13,98.15229797,80195.8746508549,38.2058906555176
QAT,2024,0.13,98.08540344,75685.0865779973,43.0178909301758
QAT,2025,0.13,,72524.9066385222,
ROU,1987,,,1658.75873899995,
ROU,1988,,,1753.19285632198,
ROU,1989,,,1789.64455528113,
ROU,1990,,0.0,1648.48522974542,
ROU,1991,8.23,,1254.3124421298,
ROU,1992,8.26,,1102.10378473246,
ROU,1993,8.251,0.0037,1158.05632799712,
ROU,1994,8.17,0.0263,1323.03237766927,
ROU,1995,8.01,0.075,1650.04922365201,
ROU,1996,6.74,0.222,1633.01064354117,
ROU,1997,5.515,0.445,1577.33656023974,
ROU,1998,5.63,2.24,1852.5549693339,
ROU,1999,6.239,2.7,1599.90622808339,
ROU,2000,6.969,3.61371729139783,1659.92904910528,
ROU,2001,6.561,4.53866902895312,1825.19299373184,28.0544300079346
ROU,2002,8.112,6.58,2119.85509684554,33.7016906738281
ROU,2003,6.95,8.9,2679.40626016154,38.9063987731934
ROU,2004,7.719,15.0,3494.99056448955,41.7997398376465
ROU,2005,7.174,21.5,4618.00350802913,45.4637298583984
ROU,2006,7.27,24.66,5757.53127301178,54.1389312744141
ROU,2007,6.413,28.3,8360.33775916596,60.2831192016602
ROU,2008,5.787,32.42,10435.1561230787,73.4470672607422
ROU,2009,6.859,36.6,8548.4543409242,81.5331497192383
ROU,2010,6.959,39.93,8399.5374234284,75.2290267944336
ROU,2011,7.177,40.0099967810008,9560.6755277458,66.7865829467773
ROU,2012,6.794,45.8799942529424,8929.95366231474,54.9534912109375
ROU,2013,7.096,49.7645,9497.67411615237,51.3826103210449
ROU,2014,6.802,54.0783206550943,10031.7710755404,51.0950393676758
ROU,2015,6.812,55.7631556336233,8977.01748158196,49.3609886169434
ROU,2016,5.901,59.5039512852713,9404.54005870715,49.911319732666
ROU,2017,4.927,63.7472821822484,10727.9822007426,50.5108184814453
ROU,2018,4.187,70.6812779273268,12416.134317959,51.9943504333496
ROU,2019,3.912,73.6574757545465,12909.6104013244,52.4439697265625
ROU,2020,5.035,78.45526895,13009.1525348396,53.4911117553711
ROU,2021,5.59,83.5904265,14908.0412813921,55.2656097412109
ROU,2022,5.614,85.50309124,15503.4691366242,58.2390403747559
ROU,2023,5.589,89.20335498,18244.4186876321,55.1682891845703
ROU,2024,5.4,91.29048551,20080.2096215595,
ROU,2025,5.992,,22537.9532108047,
RUS,1970,,,,43.6107597351074
RUS,1971,,,,43.4987716674805
RUS,1972,,,,43.3569717407227
RUS,1973,,,,43.236141204834
RUS,1974,,,,43.3425598144531
RUS,1975,,,,43.4667816162109
RUS,1976,,,,43.2357788085938
RUS,1977,,,,43.7047386169434
RUS,1978,,,,43.7621116638184
RUS,1979,,,,43.8222198486328
RUS,1980,,,,44.4385681152344
RUS,1981,,,,45.9019889831543
RUS,1982,,,,46.9566307067871
RUS,1983,,,,49.3985214233398
RUS,1984,,,,51.7290802001953
RUS,1985,,,,54.2255516052246
RUS,1986,,,,55.5937118530273
RUS,1987,,,,56.2717399597168
RUS,1988,,,3778.01977539063,54.9752197265625
RUS,1989,,,3429.64990234375,53.5481414794922
RUS,1990,,0.0,3494.06323242188,52.3742599487305
RUS,1991,5.11,,3490.45239257813,50.4663314819336
RUS,1992,5.181,0.000673,3098.802734375,48.4463882446289
RUS,1993,5.883,0.0134,2930.67016601563,46.1837692260742
RUS,1994,8.131,0.0538,2662.10400390625,44.2100410461426
RUS,1995,9.449,0.148,2665.77978515625,42.86083984375
RUS,1996,9.665,0.27,2643.92919921875,43.8972396850586
RUS,1997,11.813,0.473,2737.57202148438,45.2858200073242
RUS,1998,13.261,0.813,1834.86181640625,47.279411315918
RUS,1999,13.036,1.02,1330.75720214844,52.1262397766113
RUS,2000,10.581,1.97723010897647,1771.59411621094,55.2136611938477
RUS,2001,8.978,2.94436778664985,2100.3525390625,60.3866996765137
RUS,2002,7.875,4.12827181796644,2377.52954101563,65.0104217529297
RUS,2003,8.21,8.29886061553908,2975.123046875,69.0352096557617
RUS,2004,7.763,12.8593889008473,4102.36474609375,69.818717956543
RUS,2005,7.124,15.22669983,5323.455078125,72.2228012084961
RUS,2006,7.055,18.02330017,6920.19970703125,73.4398880004883
RUS,2007,6.002,24.66,9101.2392578125,76.1305465698242
RUS,2008,6.205,32.0,11635.2841796875,77.5339736938477
RUS,2009,8.301,42.55,8562.82421875,77.8685607910156
RUS,2010,7.407,49.0,10674.990234375,
RUS,2011,6.571,58.0,14305.33203125,80.1629736412764
RUS,2012,5.484,66.0,15401.8515625,80.5323453975492
RUS,2013,5.513,67.97,15941.4482421875,82.8009567260742
RUS,2014,5.212,70.5175682574413,14055.47265625,84.5181387513356
RUS,2015,5.615,70.0992412263947,9277.7138671875,84.2355651240256
RUS,2016,5.591,73.091434617897,8663.158203125,83.860044350614
RUS,2017,5.238,76.0081385339105,10658.9130859375,81.7051021681418
RUS,2018,4.871,80.8647218726954,11211.8876953125,81.5681115998523
RUS,2019,4.513,82.6421618670668,11447.701171875,80.9520697471091
RUS,2020,5.62,84.99466978,10108.3271484375,57.2232854739754
RUS,2021,4.749,88.21384578,12425.029296875,54.9542479280814
RUS,2022,3.867,90.41799163,15625.6328125,53.9151941239211
RUS,2023,3.076,92.24496346,13986.9951171875,93.7277679443359
RUS,2024,2.43,94.36495368,14961.8974609375,60.3891235376867
RUS,2025,2.133,,17546.609375,
RWA,1960,,,39.3740728074578,
RWA,1961,,,39.2689714979989,
RWA,1962,,,39.2338440538353,
RWA,1963,,,39.2771771988804,
RWA,1964,,,38.9824483022799,
RWA,1965,,,43.4679672009398,
RWA,1966,,,35.3602860890843,
RWA,1967,,,43.9610505582521,
RWA,1968,,,45.9934717060673,
RWA,1969,,,48.8699283221628,
RWA,1970,,,55.24197214158,
RWA,1971,,,54.378076042345,0.149580001831055
RWA,1972,,,58.3976955241411,
RWA,1973,,,66.9143871515521,0.172450006008148
RWA,1974,,,68.9411498895124,0.162349998950958
RWA,1975,,,124.109648020906,0.217549994587898
RWA,1976,,,134.378431213996,0.228699997067452
RWA,1977,,,152.744262361192,0.224240005016327
RWA,1978,,,179.876527814998,0.221980005502701
RWA,1979,,,213.765751338516,0.232739999890328
RWA,1980,,,234.392851445713,0.244929999113083
RWA,1981,,,254.569201378167,0.243389993906021
RWA,1982,,,246.385549572059,
RWA,1983,,,250.568951738884,
RWA,1984,,,259.906684534137,0.31496998667717
RWA,1985,,,271.578979042227,0.342759996652603
RWA,1986,,,297.725981826167,0.358440011739731
RWA,1987,,,319.643663256479,0.362390011548996
RWA,1988,,,343.781325823561,0.400249987840653
RWA,1989,,,334.741963426594,0.459250003099441
RWA,1990,,0.0,345.773495139137,0.576889991760254
RWA,1991,12.335,,253.966902025944,
RWA,1992,12.114,,264.083914517464,
RWA,1993,12.155,,247.023318476014,
RWA,1994,12.236,,110.953668251372,
RWA,1995,11.938,,227.971147849318,
RWA,1996,11.507,0.000883,206.04911417485,
RWA,1997,11.087,0.00163,238.749371368214,
RWA,1998,11.255,0.0118,246.154673288384,
RWA,1999,11.569,0.0672,264.74368682977,0.705209970474243
RWA,2000,11.699,0.0628314595107164,251.86926386091,1.12785005569458
RWA,2001,11.732,0.240672409832383,237.308846200901,1.54308998584747
RWA,2002,11.432,0.292784718792575,234.043016755733,1.87186002731323
RWA,2003,11.658,0.356918467272361,249.012274982252,2.34143996238708
RWA,2004,11.699,0.43085424337006,269.540446333402,2.73148989677429
RWA,2005,11.842,0.555999994,324.016863847189,2.85111999511719
RWA,2006,11.586,,352.093916578347,3.64229989051819
RWA,2007,11.58,2.115400076,420.733580702508,3.88545989990234
RWA,2008,11.517,4.5,522.288339420679,4.18300008773804
RWA,2009,11.625,7.7,556.97399621739,5.0719199180603
RWA,2010,11.637,8.0,586.599950359877,5.77316665562353
RWA,2011,11.756,7.0,643.356138618166,6.83723020553589
RWA,2012,11.671,8.023900032,697.760143509565,6.70938666027303
RWA,2013,11.768,9.0,695.397140963607,6.23149117030345
RWA,2014,11.837,10.60000038,715.36808783393,7.35861774339014
RWA,2015,11.831,12.45600033,725.691418696952,7.53124856448318
RWA,2016,11.788,14.63710022,721.258515833094,7.57807264441764
RWA,2017,11.875,17.2,751.049039527547,7.34488296090452
RWA,2018,10.759,19.16659927,772.754982959354,6.76094647714264
RWA,2019,11.236,21.3579998,823.355304065304,6.3142892660234
RWA,2020,11.829,23.8,802.638686936204,7.56709586345553
RWA,2021,15.775,24.4416008,842.581492947672,
RWA,2022,15.084,28.01679993,1007.05989322914,7.41325884733851
RWA,2023,12.352,28.80579948,1061.05788154076,8.88624308383425
RWA,2024,11.331,31.70330048,1059.93709298801,9.41173924647801
RWA,2025,11.363,,1123.73874633225,
SAS,1960,,,85.1907206631682,
SAS,1961,,,88.5374401369039,
SAS,1962,,,92.4759784008019,
SAS,1963,,,101.699730347077,
SAS,1964,,,113.953993552671,
SAS,1965,,,118.725582639515,
SAS,1966,,,93.5095090778817,
SAS,1967,,,100.49023197921,
SAS,1968,,,103.257624279526,
SAS,1969,,,111.460473459612,
SAS,1970,,,116.640107755321,
SAS,1971,,,121.457638271028,
SAS,1972,,,121.825770983221,
SAS,1973,,,142.634192314819,
SAS,1974,,,167.031856543516,
SAS,1975,,,172.084670696832,
SAS,1976,,,160.699674402499,
SAS,1977,,,181.897614762572,
SAS,1978,,,201.52609182316,
SAS,1979,,,220.868328829727,
SAS,1980,,,261.180795941491,
SAS,1981,,,267.20705190365,
SAS,1982,,,268.048426266136,
SAS,1983,,,281.59105118681,
SAS,1984,,,270.882249205897,
SAS,1985,,,290.836561595941,
SAS,1986,,,302.215568474208,
SAS,1987,,,330.263803635955,
SAS,1988,,,344.39140735961,
SAS,1989,,,338.645008018598,
SAS,1990,,,359.953973128088,
SAS,1991,7.24315545951345,,303.81805683771,
SAS,1992,7.23871666924301,,315.53713133931,
SAS,1993,7.24980061619164,,302.994994507191,
SAS,1994,7.18007906379825,,342.723111684397,
SAS,1995,7.15013674904188,,370.570693920918,
SAS,1996,7.11279594729808,,400.095114023544,
SAS,1997,7.15153632180334,,415.002724170031,
SAS,1998,7.16874708180548,,413.676322288749,
SAS,1999,7.17195172652658,,437.982047564941,9.23464012145996
SAS,2000,7.17647475389305,,440.467918910931,9.22157001495361
SAS,2001,7.23245898235974,,446.418919348871,9.43124008178711
SAS,2002,7.34580672778149,,462.898836496672,9.87176036834717
SAS,2003,7.33330344756806,,532.66154684429,10.3095397949219
SAS,2004,7.30632128284372,,606.478041696258,10.5721397399902
SAS,2005,7.24801932806737,2.1,686.338193475473,10.4651298522949
SAS,2006,7.16089355787342,2.6,769.378704313512,11.3078498840332
SAS,2007,7.2019977638481,3.7,967.697911561283,12.8670997619629
SAS,2008,7.29504082041586,4.1,958.275511460297,14.7031297683716
SAS,2009,7.3628078548039,4.9,1054.43555885745,15.8038501739502
SAS,2010,7.16328861819797,7.1,1294.02734415145,17.6207408905029
SAS,2011,7.17458097714582,9.4,1397.0068255002,21.8057098388672
SAS,2012,7.23720359721905,10.4,1387.18205938261,23.1186695098877
SAS,2013,7.31372620028363,11.7,1405.84072374278,22.6903400421143
SAS,2014,7.29419854752289,13.0,1528.4920875126,24.041389465332
SAS,2015,7.27349261228767,14.7,1570.54142452744,25.3642196655273
SAS,2016,7.25080318686175,16.7,1722.90703396273,25.5159492492676
SAS,2017,7.24969569674111,18.8,1956.06707563972,26.079870223999
SAS,2018,7.28140399591901,20.9,1988.36633317988,26.8766307830811
SAS,2019,6.30644937347767,29.7,2067.05975680251,27.6625595092773
SAS,2020,7.62561175204578,42.5,1957.20343709781,28.2194099426269
SAS,2021,6.33048938390488,48.0,2273.72055805692,29.8268604278564
SAS,2022,4.86631704704624,54.2,2326.72890585805,30.9421100616455
SAS,2023,4.16220090187648,58.3,2449.857142451,32.438419342041
SAS,2024,4.19214668978211,62.8,2601.82209529365,32.7833213806152
SAS,2025,4.24320442446027,67.8,2705.28227429085,
SAU,1960,,,717.796628958557,
SAU,1961,,,760.311740320004,
SAU,1962,,,812.926247668855,
SAU,1963,,,811.738274661234,
SAU,1964,,,840.480371460232,
SAU,1965,,,904.118334125664,
SAU,1966,,,960.744776733843,
SAU,1967,,,1031.60360297585,
SAU,1968,,,1275.70709426176,
SAU,1969,,,1312.73865737123,
SAU,1970,,,1509.43961165521,
SAU,1971,,,1929.30910330483,2.79197001457214
SAU,1972,,,2474.38683208975,2.8989999294281
SAU,1973,,,3640.08361192413,3.25168991088867
SAU,1974,,,10503.4280777085,4.0007700920105
SAU,1975,,,10265.6414406471,4.99658012390137
SAU,1976,,,13312.5119926546,6.30015993118286
SAU,1977,,,14595.3739933329,7.35586977005005
SAU,1978,,,14914.1542686138,9.30595016479492
SAU,1979,,,19611.565126033,9.45936965942383
SAU,1980,,,27205.6452285141,9.96796035766602
SAU,1981,,,28703.35585508,11.1462898254394
SAU,1982,,,22454.4843169614,11.990779876709
SAU,1983,,,17809.5527471054,13.1736402511597
SAU,1984,,,15541.1312184609,13.3619699478149
SAU,1985,,,12745.41992535,14.9427900314331
SAU,1986,,,10078.2896080512,15.7748403549194
SAU,1987,,,9385.98469519899,15.3935804367065
SAU,1988,,,9165.49615323397,
SAU,1989,,,9413.58119352769,15.0839900970459
SAU,1990,,0.0,11054.7495049666,16.3262596130371
SAU,1991,7.316,,11847.1699534218,17.2099800109863
SAU,1992,7.2,,11730.2687665244,17.4679698944092
SAU,1993,7.002,,10884.8607880777,19.5948505401611
SAU,1994,6.733,,10601.9196697805,19.4799900054932
SAU,1995,6.365,0.011,10786.4008952769,21.5111103057861
SAU,1996,5.804,0.0267,11471.5045960191,22.0051803588867
SAU,1997,5.283,0.0521,11545.3455998551,22.6720199584961
SAU,1998,4.752,0.101,9836.05729768574,23.2514591217041
SAU,1999,4.346,0.494,10452.1899400479,27.5408992767334
SAU,2000,4.57,2.21069180908888,11714.5623675159,28.3759498596191
SAU,2001,4.618,4.6810531658103,10805.311325122,27.2377300262451
SAU,2002,5.265,6.38470501955932,10586.0543471363,25.1049709320068
SAU,2003,5.563,8.00158289090878,11487.220410693,26.6230297088623
SAU,2004,5.822,10.2345329969583,13154.4978989446,26.2631301879883
SAU,2005,6.051,12.7050359882849,15975.7473782258,25.1983699798584
SAU,2006,6.254,19.4595543513634,17563.6145370639,24.5137691497803
SAU,2007,5.734,30.0,18596.1502627898,24.3000392913818
SAU,2008,5.085,36.0,22320.4888964331,24.4659805297852
SAU,2009,5.377,38.0,17718.3911648365,25.0353107452393
SAU,2010,5.55,41.0,22028.3901426586,29.3244802795728
SAU,2011,5.77,47.5,27126.7498747702,28.9419498443604
SAU,2012,5.622,54.0,28733.4375513452,36.0444107055664
SAU,2013,5.6,60.5,27865.465604962,43.163501739502
SAU,2014,5.877,64.713657369019,27805.4850319422,53.1803840195563
SAU,2015,5.6,69.6162358014004,23256.1549553531,57.0892771397236
SAU,2016,5.6,74.8792746891625,22267.7217050387,63.9826623355369
SAU,2017,5.89,94.1755996113911,23929.2907135982,70.7471342981424
SAU,2018,6.029,93.3100018480347,29360.0658968566,73.1971736383918
SAU,2019,5.636,95.7247355953812,29566.7933827436,77.9664942011008
SAU,2020,7.66,97.8623325,24338.8307301067,73.7510866368859
SAU,2021,6.621,100.0,31920.7653655643,74.3924865722656
SAU,2022,5.589,100.0,38510.2276211037,73.7492065429688
SAU,2023,4.008,100.0,36156.8562500172,
SAU,2024,3.518,100.0,35527.786181866,83.884129573915
SAU,2025,3.038,,34536.6555456551,
SDN,1960,,,99.7131195068359,
SDN,1961,,,105.313102722168,
SDN,1962,,,111.213455200195,
SDN,1963,,,109.939208984375,
SDN,1964,,,109.650077819824,
SDN,1965,,,110.889373779297,
SDN,1966,,,110.502571105957,
SDN,1967,,,116.241035461426,
SDN,1968,,,117.824935913086,
SDN,1969,,,125.984886169434,
SDN,1970,,,139.038482666016,
SDN,1971,,,146.931610107422,
SDN,1972,,,154.511581420898,
SDN,1973,,,184.524200439453,
SDN,1974,,,228.787322998047,
SDN,1975,,,269.652893066406,
SDN,1976,,,325.185607910156,
SDN,1977,,,392.399383544922,
SDN,1978,,,410.072082519531,
SDN,1979,,,408.899627685547,
SDN,1980,,,418.348785400391,
SDN,1981,,,483.802581787109,
SDN,1982,,,378.945373535156,
SDN,1983,,,346.221649169922,
SDN,1984,,,429.993377685547,
SDN,1985,,,326.402770996094,
SDN,1986,,,400.333557128906,
SDN,1987,,,471.1572265625,
SDN,1988,,,553.07861328125,
SDN,1989,,,814.267517089844,
SDN,1990,,0.0,1257.1875,
SDN,1991,15.619,,1617.55676269531,
SDN,1992,15.668,,252.610092163086,
SDN,1993,15.51,,312.693908691406,
SDN,1994,15.617,0.0,439.420806884766,
SDN,1995,15.627,0.0,462.585235595703,
SDN,1996,15.605,0.0,294.826965332031,
SDN,1997,15.324,0.00123,373.09375,
SDN,1998,15.352,0.00481,350.702880859375,
SDN,1999,15.399,0.00879,324.659606933594,6.56864023208618
SDN,2000,15.595,0.0257850324762484,362.116882324219,6.69480991363525
SDN,2001,15.56,0.140185224494161,451.293304443359,8.25726985931396
SDN,2002,15.514,0.439477639075583,506.262634277344,9.31309986114502
SDN,2003,15.515,0.538471703150458,580.320251464844,8.65738010406494
SDN,2004,15.538,0.791561615446385,705.113342285156,10.5490598678589
SDN,2005,15.545,,905.543640136719,11.823320388794
SDN,2006,15.542,,1132.474609375,13.3374099731445
SDN,2007,15.534,8.66,1444.37219238281,13.0165500640869
SDN,2008,15.566,,1527.58239746094,14.3921899795532
SDN,2009,13.0,,1178.22180175781,14.6098203659058
SDN,2010,15.168,,1305.63598632813,14.8035297393799
SDN,2011,17.44,,1332.6572265625,14.5120697021484
SDN,2012,16.973,,1019.22210693359,14.8181400299072
SDN,2013,16.273,,1138.62780761719,16.6676292419434
SDN,2014,15.41,,1275.43835449219,15.958589553833
SDN,2015,14.39,12.0,1292.37963867188,15.8645696640015
SDN,2016,13.656,14.0999999446534,1033.21594238281,
SDN,2017,13.0,18.60000038,966.505676269531,
SDN,2018,12.347,,731.027465820313,
SDN,2019,11.697,,709.975280761719,
SDN,2020,11.995,,577.795227050781,
SDN,2021,11.087,,712.122009277344,
SDN,2022,7.53,,1046.24084472656,
SDN,2023,,,797.283447265625,
SDN,2024,,,984.607666015625,
SDN,2025,,,1164.53991699219,
SEN,1960,,,300.425115236279,
SEN,1961,,,308.166383753301,
SEN,1962,,,307.092565107939,
SEN,1963,,,308.629849224244,
SEN,1964,,,317.850426568454,
SEN,1965,,,314.318146394326,
SEN,1966,,,314.534344145945,
SEN,1967,,,305.22048105837,
SEN,1968,,,311.196146846683,
SEN,1969,,,287.253148792203,
SEN,1970,,,290.486425297989,
SEN,1971,,,291.08835742165,1.23821997642517
SEN,1972,,,341.835352336553,1.35908997058868
SEN,1973,,,381.439007163828,
SEN,1974,,,417.407600285381,
SEN,1975,,,547.378148664851,
SEN,1976,,,540.594007051938,
SEN,1977,,,540.126849249781,1.91960000991821
SEN,1978,,,589.134045255614,1.99460995197296
SEN,1979,,,716.281436518959,
SEN,1980,,,771.533969550579,2.52279996871948
SEN,1981,,,682.972070210382,2.71760988235474
SEN,1982,,,651.93712330983,2.46195006370544
SEN,1983,,,564.369336303935,2.57021999359131
SEN,1984,,,536.231765402514,2.19625997543335
SEN,1985,,,571.417166069201,2.25064992904663
SEN,1986,,,783.940524706279,2.39743995666504
SEN,1987,,,916.09484148409,
SEN,1988,,,880.487755138196,
SEN,1989,,,848.555548058968,
SEN,1990,,0.0,957.314337438177,
SEN,1991,2.861,,913.399575796737,
SEN,1992,2.928,,951.204960087807,3.05016994476318
SEN,1993,2.878,,877.52900343803,
SEN,1994,2.947,,583.782776032181,
SEN,1995,2.846,0.000693,714.994396357297,
SEN,1996,2.831,0.0112,723.469950081149,
SEN,1997,2.759,0.0273,650.776321407448,3.11023998260498
SEN,1998,2.751,0.0799,684.588105785786,
SEN,1999,2.655,0.311,677.516338727268,3.20563006401062
SEN,2000,2.638,0.403967485868965,603.233162455158,
SEN,2001,2.674,0.983794058848003,637.213530563724,
SEN,2002,2.82,1.00645453672323,669.430447319209,
SEN,2003,2.781,2.10143642986685,817.888034221442,
SEN,2004,2.775,4.38602398008563,918.102079522155,4.75202989578247
SEN,2005,2.679,4.78668408310535,979.846101520171,5.26141023635864
SEN,2006,2.755,5.61173865217952,1017.20196747987,5.46575021743774
SEN,2007,2.8,6.889999866,1188.93877808175,6.1223201751709
SEN,2008,2.816,7.119999886,1398.79218010021,7.75537014007568
SEN,2009,2.807,7.5,1308.69404336205,7.9150800704956
SEN,2010,2.795,8.0,1275.88357492357,7.62979751289774
SEN,2011,2.853,9.800000191,1374.67591873844,10.121109956384
SEN,2012,3.896,10.80000019,1326.83798848379,10.2635537254668
SEN,2013,5.012,13.10000038,1379.83196553924,10.5725397458545
SEN,2014,5.849,17.70000076,1398.89137601382,10.8787568632408
SEN,2015,6.757,21.70000076,1218.00613555438,10.8409366679467
SEN,2016,4.455,25.66480064,1266.43957151587,10.8875992426245
SEN,2017,4.078,29.64310074,1354.77007193387,11.3494415127099
SEN,2018,3.453,35.29999924,1452.55612562445,12.4178375059947
SEN,2019,2.863,43.37969971,1431.18128932159,12.60825139125
SEN,2020,3.432,53.30879974,1461.08720350553,13.3136624860931
SEN,2021,3.436,55.04040146,1598.10676952274,14.6823561354842
SEN,2022,2.837,56.82830048,1574.0281059306,15.6478973478986
SEN,2023,2.784,59.18740082,1698.03387300843,16.0710053721835
SEN,2024,2.788,60.11780167,1738.73223822106,15.3302400879779
SEN,2025,2.735,,1954.71174194867,
SGP,1960,,,428.056183371291,
SGP,1961,,,449.148136820776,
SGP,1962,,,472.082740153988,
SGP,1963,,,511.202235371449,
SGP,1964,,,485.530686047381,
SGP,1965,,,516.531928636745,
SGP,1966,,,566.803974405961,
SGP,1967,,,626.029437593984,
SGP,1968,,,708.601436896422,
SGP,1969,,,812.677487316618,
SGP,1970,,,925.797864348214,
SGP,1971,,,1071.41154035538,
SGP,1972,,,1264.37510720987,
SGP,1973,,,1685.45979632163,
SGP,1974,,,2341.70551423633,
SGP,1975,,,2489.91157517591,
SGP,1976,,,2758.94038028476,
SGP,1977,,,2846.33598832854,
SGP,1978,,,3193.90565722355,
SGP,1979,,,3900.53355310873,
SGP,1980,,,4928.13911785754,
SGP,1981,,,5596.58597723068,
SGP,1982,,,6077.63424070932,
SGP,1983,,,6633.23667366491,
SGP,1984,,,7228.31758410647,
SGP,1985,,,7001.7667477117,
SGP,1986,,,6799.93036332671,
SGP,1987,,,7539.02930212443,
SGP,1988,,,8914.44122574729,
SGP,1989,,,10394.5389962406,
SGP,1990,,0.0,11861.7561591366,
SGP,1991,2.18,0.162,14502.3799938606,
SGP,1992,3.09,0.471,16136.2405377661,
SGP,1993,3.07,0.763,18290.130113185,
SGP,1994,3.03,1.19,21552.4100366948,
SGP,1995,3.3,2.87,24914.8507020358,
SGP,1996,3.57,8.35,26232.866096827,
SGP,1997,2.5,13.5,26375.8653668113,
SGP,1998,3.41,19.6,21829.2737831583,
SGP,1999,4.85,24.2,21796.6373891001,
SGP,2000,3.7,36.0,23852.8389514753,
SGP,2001,3.76,41.6704251756041,21699.7414868907,
SGP,2002,5.65,47.0,22159.8373710639,
SGP,2003,5.93,53.8379432881911,23730.3840054566,
SGP,2004,5.84,62.0,27608.080013423,
SGP,2005,5.59,61.0,29961.3172812732,
SGP,2006,4.48,59.0,33768.4528234651,
SGP,2007,3.9,69.9,39432.8860198877,
SGP,2008,3.96,69.0,40008.5720489092,
SGP,2009,5.86,69.0,38926.8054365453,
SGP,2010,4.12,71.0,47236.683084953,93.2696812803906
SGP,2011,3.89,71.0,53891.4570264372,95.9817452372883
SGP,2012,3.72,72.0,55547.5553077786,101.99681244982
SGP,2013,3.86,80.90209961,56967.4257940383,
SGP,2014,3.74,79.0292358633435,57564.8023114977,
SGP,2015,3.79,79.0129570025584,55645.6068614606,
SGP,2016,4.08,84.4522678893074,57204.0340105222,83.9409778236648
SGP,2017,4.2,84.4522678893074,61436.1325502558,84.7929138455372
SGP,2018,3.613,88.1656360313447,67032.8225769734,88.8864453410769
SGP,2019,3.1,88.9492526850762,66068.7003106378,91.0889904414776
SGP,2020,4.1,92.00434653,61772.5036492256,93.134767179468
SGP,2021,4.64,96.92468156,80884.8565369236,97.0989103061521
SGP,2022,3.591,95.95386476,91227.6970426492,98.02222650098
SGP,2023,3.444,94.28518987,86382.5900499252,97.2886546863037
SGP,2024,2.737,94.37757178,94896.5621495988,
SGP,2025,2.818,,98813.9788172877,
SLB,1967,,,153.450784088184,
SLB,1968,,,166.888037688373,
SLB,1969,,,165.857344778641,
SLB,1971,,,277.11312090761,
SLB,1972,,,219.502859825935,
SLB,1973,,,291.252272932738,
SLB,1974,,,433.443902987382,
SLB,1975,,,371.718806188648,
SLB,1976,,,401.077416855387,
SLB,1977,,,434.409813335233,
SLB,1978,,,500.058223062566,
SLB,1979,,,657.858329669684,
SLB,1980,,,767.850616345384,
SLB,1981,,,785.830912783879,
SLB,1982,,,755.885653343722,
SLB,1983,,,686.264140182978,
SLB,1984,,,664.696440482807,
SLB,1985,,,586.02235220521,
SLB,1986,,,505.821806525665,
SLB,1987,,,514.6693332731,
SLB,1988,,,567.022935580171,
SLB,1989,,,538.101762870503,
SLB,1990,,0.0,648.325212624098,
SLB,1991,1.967,,665.833104132659,
SLB,1992,1.851,,763.857968549522,
SLB,1993,1.829,,828.869997791691,
SLB,1994,1.804,,1078.0410925874,
SLB,1995,1.841,0.0249,1220.17919311126,
SLB,1996,1.875,0.269,1289.33036923435,
SLB,1997,2.009,0.392,1292.23951946469,
SLB,1998,2.155,0.508,1091.89096889326,
SLB,1999,2.194,0.495,1133.62256531791,
SLB,2000,2.446,0.481296806114395,953.17190137706,
SLB,2001,2.642,0.468551963584141,911.791935385411,
SLB,2002,2.698,0.501919843401009,756.890296490792,
SLB,2003,2.286,0.555609881855115,895.984242546501,
SLB,2004,2.026,0.64967267325146,986.070953503889,
SLB,2005,1.879,0.844299972,1144.49233397681,
SLB,2006,1.916,1.646299958,1255.62447417684,
SLB,2007,1.978,2.0,1390.14870956707,
SLB,2008,1.998,3.0,1525.84666261203,
SLB,2009,2.02,4.0,1554.70671006386,
SLB,2010,1.617,5.0,1685.14535823757,
SLB,2011,1.292,6.0,1924.05795643133,
SLB,2012,0.984,6.997399807,2066.25738638356,
SLB,2013,0.694,8.0,2161.38627543917,
SLB,2014,0.73,9.0,2164.95289873002,
SLB,2015,0.736,10.00049973,2045.47721526649,
SLB,2016,0.736,11.00090027,2082.62383124213,
SLB,2017,0.727,15.14840031,2143.57670489272,
SLB,2018,0.722,20.8593998,2278.19908624102,
SLB,2019,0.746,22.48880005,2223.65890942466,
SLB,2020,0.868,24.1984005,2063.32780991967,
SLB,2021,0.879,26.03790092,2043.44413170658,
SLB,2022,1.475,28.01729965,1877.78104490956,
SLB,2023,1.443,28.67239952,1882.64394148042,
SLB,2024,1.444,29.04070091,1933.55538435227,
SLB,2025,1.431,,2086.18955928928,
SLE,1960,,,141.957418300764,
SLE,1961,,,142.275127657602,
SLE,1962,,,146.32194986298,
SLE,1963,,,146.309626743915,
SLE,1964,,,153.377740974545,
SLE,1965,,,145.576540628849,
SLE,1966,,,149.317655188564,
SLE,1967,,,136.121402178747,
SLE,1968,,,126.308899122773,
SLE,1969,,,153.564115961571,
SLE,1970,,,160.164147056907,
SLE,1971,,,151.83336869958,0.522409975528717
SLE,1972,,,165.357917863636,0.57134997844696
SLE,1973,,,200.641699774769,0.60522997379303
SLE,1974,,,222.085173234717,0.631200015544891
SLE,1975,,,228.374681042069,0.688210010528564
SLE,1976,,,196.411784759207,0.670029997825623
SLE,1977,,,224.21335896988,0.637520015239716
SLE,1978,,,305.427800560744,0.617070019245148
SLE,1979,,,345.86913707629,
SLE,1980,,,336.386279506102,
SLE,1981,,,333.887542728491,0.773479998111725
SLE,1982,,,380.074041189746,
SLE,1983,,,285.814326139727,
SLE,1984,,,305.576232491583,0.655860006809235
SLE,1985,,,235.510529343624,0.663990020751953
SLE,1986,,,131.473041005587,1.77251994609833
SLE,1987,,,172.364214833661,
SLE,1988,,,268.160979625957,1.61062002182007
SLE,1989,,,231.275622974338,1.48410999774933
SLE,1990,,0.0,154.794072467618,1.40813994407654
SLE,1991,4.135,,183.686515027567,1.24685001373291
SLE,1992,4.376,,163.197571684381,
SLE,1993,4.401,0.0,184.951609154872,
SLE,1994,4.457,0.0,218.507275126222,
SLE,1995,4.317,0.0,208.351997250955,
SLE,1996,4.313,0.00251,224.258711163044,
SLE,1997,4.363,0.00499,199.880001395777,
SLE,1998,4.242,0.0148,156.51811883387,
SLE,1999,4.288,0.0485,155.020833269007,
SLE,2000,4.137,0.118254245682183,143.743743239644,1.67453002929688
SLE,2001,4.235,0.160264445493032,358.315716051546,2.11300992965698
SLE,2002,3.909,0.176198956814076,388.995111216836,1.98783004283905
SLE,2003,3.879,0.190173281668183,413.817607346927,
SLE,2004,3.42,0.203007680592588,417.749983329227,
SLE,2005,3.734,0.215399995,462.633324427945,
SLE,2006,3.89,0.227699995,580.26796974773,
SLE,2007,4.022,0.239800006,631.889926264998,
SLE,2008,4.132,0.25,705.359014080005,
SLE,2009,4.268,0.25999999,652.845806767943,
SLE,2010,4.34,0.579999983,685.039673490948,
SLE,2011,4.388,0.899999976,761.146365577281,
SLE,2012,4.378,2.5,937.504428180231,
SLE,2013,4.376,4.0,1117.47183075115,
SLE,2014,4.678,6.057300091,1117.7586465721,
SLE,2015,4.483,6.344399929,964.575980888989,
SLE,2016,4.182,7.680099964,844.416411175476,
SLE,2017,3.656,9.297100067,779.186007841728,
SLE,2018,3.192,14.42230034,845.914540460932,
SLE,2019,3.204,15.71370029,843.71251730417,
SLE,2020,3.509,17.12080002,845.277558236182,
SLE,2021,3.551,18.65390015,885.396401613729,
SLE,2022,3.137,21.50880051,860.371067874555,
SLE,2023,3.092,23.71360016,758.329137301888,
SLE,2024,3.103,25.10499954,806.654650274255,
SLE,2025,3.15,,846.296172499617,
SLV,1965,,,274.333279365994,
SLV,1966,,,282.44637356687,
SLV,1967,,,288.374280393621,
SLV,1968,,,290.096510171735,
SLV,1969,,,293.416580804896,
SLV,1970,,,308.798853901934,2.92132997512817
SLV,1971,,,315.665399785976,3.82533001899719
SLV,1972,,,328.509448039035,
SLV,1973,,,366.250658952563,5.76090002059937
SLV,1974,,,413.403476363207,7.25927019119263
SLV,1975,,,457.260871327372,7.64946985244751
SLV,1976,,,552.994933864727,
SLV,1977,,,683.90258566335,7.7992901802063
SLV,1978,,,711.852264187957,7.84211015701294
SLV,1979,,,773.066953129952,
SLV,1980,,,787.149605473724,
SLV,1981,,,752.024012607538,
SLV,1982,,,735.360954743528,10.3386001586914
SLV,1983,,,744.863912246485,12.2347803115845
SLV,1984,,,763.168218110743,13.0854597091675
SLV,1985,,,776.424283705702,14.121660232544
SLV,1986,,,755.425135831439,14.4281396865845
SLV,1987,,,777.239402479086,
SLV,1988,,,806.392353256927,14.5330400466919
SLV,1989,,,825.105232536306,15.1189403533935
SLV,1990,,0.0,892.18271519703,14.6922903060913
SLV,1991,7.53,,955.826897421092,16.1209907531738
SLV,1992,7.88,,1040.78164082019,
SLV,1993,9.94,,1180.26854267621,17.6409893035889
SLV,1994,7.68,,1343.9290572544,19.5335502624512
SLV,1995,7.65,,1548.3763038362,20.6800804138184
SLV,1996,7.68,0.0864,1651.31016800895,19.8966503143311
SLV,1997,7.98,0.257,1748.92111971129,
SLV,1998,7.1,0.425,1859.73085887742,20.4799194335938
SLV,1999,7.3,0.845,1908.0804545224,20.4824199676514
SLV,2000,6.96,1.17739726914477,1982.87093542615,19.7553405761719
SLV,2001,6.96,1.5,2058.04459070452,18.9663391113281
SLV,2002,6.2,1.9,2115.41187355626,19.7187805175781
SLV,2003,6.9,2.5,2207.83089518069,20.5764999389648
SLV,2004,6.8,3.2,2285.68907438892,21.6425590515137
SLV,2005,7.22,4.199999809,2447.39140845394,22.4542694091797
SLV,2006,6.57,5.5,2665.61807194853,23.2541999816894
SLV,2007,6.41,6.11,2830.65693770733,24.743709564209
SLV,2008,5.88,10.08,2983.24829577976,25.5441799163818
SLV,2009,7.33,12.11,2910.18651752011,25.9216804504394
SLV,2010,4.893,15.9,3040.07300952878,26.3151708858206
SLV,2011,4.297,18.89999962,3330.60049486653,27.32486420544
SLV,2012,3.843,20.3213877242007,3497.91256915509,28.0979076272602
SLV,2013,3.693,23.1093,3582.26694005169,28.2731299038736
SLV,2014,4.154,24.7617121459061,3666.01248913873,27.5441027812368
SLV,2015,3.998,26.8026049600572,3790.34089108162,27.3929262374809
SLV,2016,4.418,28.99710083,3901.34014965811,27.1794802471695
SLV,2017,4.385,33.8207289048526,4020.12671373919,27.6409104549006
SLV,2018,4.006,43.79999924,4183.54620971358,28.194336537252
SLV,2019,4.17,50.4911940673888,4320.11671534627,28.5178063545936
SLV,2020,5.008,54.60136976,3997.19279583709,30.9986370324013
SLV,2021,4.327,57.26380157,4642.60743101342,30.3043325211094
SLV,2022,2.999,60.05609894,5074.60050994225,31.4538910186841
SLV,2023,2.992,62.61989975,5319.7195268688,32.3802636612661
SLV,2024,3.261,66.47769928,5503.10317151907,32.8347079463918
SLV,2025,3.303,,5766.72574029107,
SMR,1990,,0.0,,
SMR,1995,,1.36,,
SMR,1996,,1.43,,
SMR,1997,,1.42,37852.9810311,
SMR,1998,,1.41,40126.93686908,
SMR,1999,,42.8,41931.7919135033,
SMR,2000,,48.7994953055999,37600.7049136309,59.3199005126953
SMR,2001,,50.3416690898517,39035.1004348216,
SMR,2002,,50.8348399446985,41790.8434204136,
SMR,2003,,50.003453038674,52529.9136967576,
SMR,2004,,50.5663430420712,58232.0431338765,
SMR,2005,,,59877.7862692185,
SMR,2006,,50.2086593635889,63270.7994496499,
SMR,2007,,50.3648221088655,70124.4249984768,
SMR,2008,,54.52,75902.1677701187,65.980110168457
SMR,2009,,54.21,62429.0202738462,
SMR,2010,,,56543.190562068,66.4068036853295
SMR,2011,,49.6,55601.4008139955,64.2955801104972
SMR,2012,,,47945.8917557105,59.8490048043926
SMR,2013,,,50807.8206340193,
SMR,2014,,,51260.4804236805,
SMR,2015,,,43146.8035302005,
SMR,2016,,55.0,44359.4574206971,
SMR,2017,,60.18230057,45192.0530047599,
SMR,2018,,,47950.7076296808,45.421020282729
SMR,2019,,67.85070038,46626.9998571568,50.2355712603062
SMR,2020,,77.94999695,44426.6259613672,55.0960978450786
SMR,2021,,81.66999817,54168.9744311193,57.6704545454545
SMR,2022,,97.32790375,54264.5837022908,53.7988826815642
SMR,2023,,97.33640289,59871.3288101478,51.1357340720222
SMR,2024,,97.35220337,,57.5487465181059
SOM,1960,,,62.7396279412993,
SOM,1961,,,64.9242576104754,
SOM,1962,,,67.1702359919979,
SOM,1963,,,69.4922344839154,
SOM,1964,,,71.8899399360419,
SOM,1965,,,74.3548708796131,
SOM,1966,,,76.4837413887233,
SOM,1967,,,78.6738966197917,
SOM,1968,,,80.8438204901175,
SOM,1969,,,84.1406268777878,
SOM,1970,,,93.0828499649358,
SOM,1971,,,90.4292309374489,0.267639994621277
SOM,1972,,,113.69240195555,0.253899991512299
SOM,1973,,,119.562133453537,
SOM,1974,,,137.891575811774,
SOM,1975,,,177.806143412254,0.381579995155334
SOM,1976,,,199.583547142014,0.488559991121292
SOM,1977,,,111.183132355277,
SOM,1978,,,117.255345126001,
SOM,1979,,,108.194947756464,
SOM,1980,,,101.499312257078,
SOM,1981,,,116.884526594286,
SOM,1982,,,129.013919752012,
SOM,1983,,,118.644340868341,
SOM,1984,,,122.493293689734,
SOM,1985,,,130.832875614815,
SOM,1986,,,131.414859681198,
SOM,1987,,,140.969852181578,2.41033005714417
SOM,1988,,,145.341346820158,
SOM,1989,,,166.042337271006,
SOM,1990,,0.0,145.603501373513,
SOM,1991,19.003,,105.37132651622,
SOM,1992,19.377,,109.204910481074,
SOM,1993,19.331,,188.603158677914,
SOM,1994,19.971,,210.793779581384,
SOM,1995,19.585,0.0,210.673254610492,
SOM,1996,19.463,0.00151,237.241440951671,
SOM,1997,18.899,0.00295,280.112724233259,
SOM,1998,18.825,0.00716,363.200013489992,
SOM,1999,18.847,0.0139,358.658780828071,
SOM,2000,18.678,0.02,386.119274401275,
SOM,2001,18.665,0.0790391786670095,244.914842538455,
SOM,2002,18.658,0.115614213354469,229.598918310039,
SOM,2003,18.648,0.376198002539086,286.273025198975,
SOM,2004,18.653,1.05345474358422,375.410326225387,
SOM,2005,18.671,1.077299953,439.979907805478,
SOM,2006,18.705,1.100200057,457.996662206659,
SOM,2007,18.687,1.122200012,479.635628065289,
SOM,2008,18.714,1.142699957,507.03744334738,
SOM,2009,18.724,1.160599947,246.513251675105,
SOM,2010,18.741,,219.202453852397,
SOM,2011,18.761,1.25,235.325945610434,
SOM,2012,18.771,1.376700044,350.261946720512,
SOM,2013,18.655,1.5,393.398703952979,
SOM,2014,18.595,1.629999995,429.431656725102,
SOM,2015,18.495,1.75999999,445.583080073396,
SOM,2016,18.611,1.879999995,460.928490585175,
SOM,2017,18.455,,510.939952317726,
SOM,2018,18.7,,509.497273804534,
SOM,2019,18.828,2.731400013,539.954816211694,
SOM,2020,19.414,15.02369976,518.16113333875,
SOM,2021,19.662,23.87479973,549.056994756254,
SOM,2022,19.112,27.6,573.141165798229,
SOM,2023,18.96,26.12010002,596.885985135589,
SOM,2024,18.949,27.94020081,629.538899449007,
SOM,2025,18.948,,661.173877723116,
SRB,1991,13.371,,,
SRB,1992,13.397,,,
SRB,1993,13.416,,,
SRB,1994,13.405,,,
SRB,1995,13.4,,2349.40645150289,
SRB,1996,13.2,,3053.90516860949,
SRB,1997,13.8,,3573.50440240049,
SRB,1998,13.7,,2775.47372982047,
SRB,1999,13.7,,2768.91041346166,
SRB,2000,12.6,,974.725469278615,
SRB,2001,12.8,,1812.42088281393,37.7618789672852
SRB,2002,13.8,,2390.73459447107,35.6637191772461
SRB,2003,15.2,,3153.9011312754,39.6133613586426
SRB,2004,18.5,23.5,3597.08798057009,40.9337997436523
SRB,2005,20.85,26.29999924,3807.97417321786,44.205249786377
SRB,2006,20.85,27.2,4492.7136699046,46.819580078125
SRB,2007,18.06,33.15,6081.08765700202,47.966869354248
SRB,2008,13.67,35.6,7376.73517910716,48.6653785705566
SRB,2009,16.116,38.1,6414.0448463847,49.8496704101562
SRB,2010,19.204,40.9,5970.92660940072,49.0825119018555
SRB,2011,22.959,42.2,7082.2861666075,51.5937690734863
SRB,2012,24.0,48.09999847,6263.04086072815,53.5000305175781
SRB,2013,22.154,53.450364175,7040.41812068781,56.3808784484863
SRB,2014,19.223,62.0750804639377,6886.67809068704,58.0549697875977
SRB,2015,17.66,65.3170254003801,5820.3215576888,58.2876892089844
SRB,2016,15.257,67.0568413716938,5982.37030126471,62.1369705200195
SRB,2017,13.477,70.3308355269141,6548.03653824187,66.4867401123047
SRB,2018,12.733,73.360709154564,7559.86165747394,67.1586608886719
SRB,2019,10.395,77.4167736219802,7755.632986437,67.7898406982422
SRB,2020,9.011,78.36804864,8098.70955668849,68.1431121826172
SRB,2021,9.843,81.16588116,9680.52798074468,69.1800231933594
SRB,2022,8.439,83.53825397,10024.8191112596,69.8046798706055
SRB,2023,8.268,85.35746686,12281.707946167,73.2060012817383
SRB,2024,7.24,87.69071294,13677.7794863909,70.582649230957
SRB,2025,7.123,,15262.0464193413,
SSA,1960,,,158.045184794932,
SSA,1961,,,160.853138054221,
SSA,1962,,,169.642607610107,
SSA,1963,,,188.229133416841,
SSA,1964,,,182.597916621751,
SSA,1965,,,196.045907844849,
SSA,1966,,,207.101436835362,
SSA,1967,,,202.041641566832,
SSA,1968,,,210.597035792365,
SSA,1969,,,231.525087756145,
SSA,1970,,,251.706670726078,1.41505002975464
SSA,1971,,,251.897623849125,1.37794995307922
SSA,1972,,,276.317414222192,1.45732998847961
SSA,1973,,,342.661835943355,1.45478999614716
SSA,1974,,,422.652404053106,1.52444005012512
SSA,1975,,,451.140304585414,1.5769499540329
SSA,1976,,,474.481984280087,1.63766002655029
SSA,1977,,,507.058825619821,1.72353994846344
SSA,1978,,,551.522595712598,1.8313000202179
SSA,1979,,,630.895673841492,1.96501994132996
SSA,1980,,,769.55031439677,2.06417989730835
SSA,1981,,,1007.9602905079,2.20463991165161
SSA,1982,,,908.599976065561,2.35686993598938
SSA,1983,,,791.699435810615,2.41176009178162
SSA,1984,,,687.347015552692,2.46118998527527
SSA,1985,,,637.531120331265,2.58861994743347
SSA,1986,,,580.445046089526,2.69602990150452
SSA,1987,,,631.452930554203,2.74144005775452
SSA,1988,,,646.279125130961,2.87733006477356
SSA,1989,,,639.615977138882,3.01804995536804
SSA,1990,,,728.268114290582,3.07101011276245
SSA,1991,6.43917335186611,,759.069420092307,3.19103002548218
SSA,1992,6.53438914473603,,664.547125583242,3.31718993186951
SSA,1993,6.57993534604531,,653.513053224302,3.46915006637573
SSA,1994,6.50949329587814,,650.68190388289,3.636549949646
SSA,1995,6.36418816479738,,806.259994053623,3.70607995986939
SSA,1996,6.28008010794967,,877.166763209192,3.78994011878967
SSA,1997,6.24071131444565,,898.473837825483,3.89840006828308
SSA,1998,6.26619463242025,,877.212508633072,3.98621010780335
SSA,1999,6.3708112055776,,609.473891281281,4.03283023834229
SSA,2000,6.35294746056262,,628.967997107944,4.38500022888184
SSA,2001,6.25911261802644,,586.826461493206,4.73776006698608
SSA,2002,6.15545043361504,,624.838806284965,5.08449983596802
SSA,2003,6.09002400306892,,765.978126389081,5.4680700302124
SSA,2004,5.94433087548822,,925.860782822606,5.72931003570557
SSA,2005,5.84614199165635,2.2,1072.97884278867,6.05577993392944
SSA,2006,5.75538288432854,2.8,1233.53123307184,6.24442005157471
SSA,2007,5.71458050648746,3.7,1390.0998726156,6.42093992233276
SSA,2008,5.71119279179789,4.2,1536.38359632821,6.75066995620728
SSA,2009,5.76570980698131,4.9,1426.74291944931,7.13859987258911
SSA,2010,5.94056421498979,6.7,1642.37471849237,7.58326005935669
SSA,2011,5.91593755883997,8.3,1795.17977483773,7.91976976394653
SSA,2012,5.8029961583218,9.9,1817.07773780046,8.24044036865234
SSA,2013,5.57489984928367,11.8,1879.20059513022,8.56204032897949
SSA,2014,5.62977664752398,13.9,1906.51557748593,8.72710990905762
SSA,2015,5.78723856454759,16.3,1646.07300085129,8.83637046813965
SSA,2016,5.86589334716284,18.5,1455.29231657117,8.84714984893799
SSA,2017,5.99391143462101,20.4,1547.77467837023,8.98270988464355
SSA,2018,6.03233771776817,22.8,1621.1285196776,9.08168983459473
SSA,2019,6.18089551293782,25.3,1795.55378673641,9.09453010559082
SSA,2020,6.65249326111529,28.0,1627.39235037313,9.19779014587402
SSA,2021,6.84750929089377,30.3,1784.88774854725,9.27089023590088
SSA,2022,6.08211610820711,32.7,1863.26040059117,
SSA,2023,5.76152900751665,33.5,1680.66097936273,
SSA,2024,5.6711358365663,34.7,1541.07573422834,
SSA,2025,5.66118665705316,36.5,1671.41989803328,
SSD,1991,12.334,,,
SSD,1992,12.374,,,
SSD,1993,12.233,,,
SSD,1994,12.326,,,
SSD,1995,12.334,,,
SSD,1996,12.314,,,
SSD,1997,12.068,,,
SSD,1998,12.095,,,
SSD,1999,12.138,,,
SSD,2000,12.309,,,
SSD,2001,12.278,,,
SSD,2002,12.235,,,
SSD,2003,12.234,,,
SSD,2004,12.256,,,
SSD,2005,12.266,,,
SSD,2006,12.268,,,
SSD,2007,12.266,,,
SSD,2008,12.298,,1654.21153546555,
SSD,2009,12.438,,1323.22068747862,
SSD,2010,12.473,,1498.27034985194,
SSD,2011,12.585,,1448.98435006408,
SSD,2012,12.803,1.5,1109.26050083408,
SSD,2013,12.665,2.200000048,1650.18943353528,
SSD,2014,12.561,2.599999905,1242.73450181032,
SSD,2015,12.464,3.0,1080.14718624765,
SSD,2016,12.854,3.5,,
SSD,2017,12.983,4.1,,
SSD,2018,12.853,4.800000191,,
SSD,2019,12.656,6.671000004,,
SSD,2020,14.246,,,
SSD,2021,13.95,,,
SSD,2022,12.475,,,
SSD,2023,12.374,,,
SSF,1960,,,158.066704865337,
SSF,1961,,,160.870413908239,
SSF,1962,,,169.661297164558,
SSF,1963,,,188.247757433586,
SSF,1964,,,182.622877315158,
SSF,1965,,,196.066837596372,
SSF,1966,,,207.121587394387,
SSF,1967,,,202.062051395245,
SSF,1968,,,210.611488633068,
SSF,1969,,,231.534485351071,
SSF,1970,,,251.717273236624,1.41486001014709
SSF,1971,,,251.919130383181,1.37776005268097
SSF,1972,,,276.361287526495,1.45711994171143
SSF,1973,,,342.70978819473,1.45457005500794
SSF,1974,,,422.700417411479,1.52420997619629
SSF,1975,,,451.193354153119,1.57669997215271
SSF,1976,,,474.530999538016,1.63738000392914
SSF,1977,,,507.142642925455,1.72324001789093
SSF,1978,,,551.654347118869,1.8309600353241
SSF,1979,,,631.122652688598,1.96464002132416
SSF,1980,,,769.821388388756,2.06377005577087
SSF,1981,,,1008.19643444915,2.20421004295349
SSF,1982,,,908.828702377123,2.35640001296997
SSF,1983,,,791.938401952333,2.41128993034363
SSF,1984,,,687.60694831985,2.46070003509521
SSF,1985,,,637.832918971652,2.58812999725342
SSF,1986,,,580.837628498766,2.69552993774414
SSF,1987,,,631.916316136411,2.74095988273621
SSF,1988,,,646.802797352897,2.87684011459351
SSF,1989,,,640.170427109124,3.01756000518799
SSF,1990,,,728.926102015909,3.07052993774414
SSF,1991,6.43917335186611,,759.715248918801,3.19055008888245
SSF,1992,6.53438914473603,,665.304423658314,3.31670999526977
SSF,1993,6.57993534604531,,654.326096747387,3.46866011619568
SSF,1994,6.50949329587814,,651.494895653308,3.63604998588562
SSF,1995,6.36418816479738,,807.068681479341,3.70559000968933
SSF,1996,6.28008010794966,,877.933913182623,3.78944993019104
SSF,1997,6.24071131444565,,899.319355003091,3.89790010452271
SSF,1998,6.26619463242025,,878.112012610771,3.98570990562439
SSF,1999,6.3708112055776,,610.405968129928,4.03235006332397
SSF,2000,6.35294746056262,,629.85955320409,4.38447999954224
SSF,2001,6.25911261802644,,587.710901869404,4.7371997833252
SSF,2002,6.15545043361504,,625.805568583085,5.08393001556396
SSF,2003,6.09002400306892,,766.914712241418,5.46747016906738
SSF,2004,5.94433087548822,,926.94326619829,5.72870016098022
SSF,2005,5.84614199165635,2.0,1074.12476310665,6.05515003204346
SSF,2006,5.75538288432853,2.6,1234.75609892112,6.24377012252808
SSF,2007,5.71458050648746,3.1,1391.26803582887,6.42028999328613
SSF,2008,5.71119279179789,3.6,1537.38333094262,6.74998998641968
SSF,2009,5.76570980698131,4.3,1427.57787495772,7.13790988922119
SSF,2010,5.94056421498979,6.0,1643.30753523371,7.58255004882812
SSF,2011,5.91593755883997,7.5,1796.16109829226,7.91926002502441
SSF,2012,5.8029961583218,9.2,1818.06125449252,8.23978996276855
SSF,2013,5.57489984928367,11.2,1880.39980462364,8.56149959564209
SSF,2014,5.62977664752398,13.4,1907.73210907064,8.72679042816162
SSF,2015,5.78723856454759,16.2,1647.32085826836,8.83660984039307
SSF,2016,5.86589334716284,18.3,1456.65211115929,8.84762001037598
SSF,2017,5.99391143462101,20.0,1549.18831908585,8.98320960998535
SSF,2018,6.03233771776817,22.0,1622.59575329634,9.08197975158691
SSF,2019,6.18089551293782,24.4,1797.04121765415,9.09492015838623
SSF,2020,6.65249326111529,26.7,1628.43873346869,9.19791030883789
SSF,2021,6.84750929089377,29.0,1785.98118191144,9.27116012573242
SSF,2022,6.08211610820712,31.1,1864.70686111925,
SSF,2023,5.76152900751665,32.3,1682.2261488119,
SSF,2024,5.6711358365663,33.6,1542.65844261619,
SSF,2025,5.66118665705316,35.7,1673.07077574497,
SST,1970,,,464.618823652555,7.75795984268188
SST,1971,,,510.955694698964,6.45990991592407
SST,1972,,,583.969376862973,6.50186014175415
SST,1973,,,722.345048940917,6.48850011825562
SST,1974,,,1133.71962150478,6.45592021942139
SST,1975,,,1210.5441063542,7.0944299697876
SST,1976,,,1303.64327804304,7.20242023468018
SST,1977,,,1544.66966711313,7.25982999801636
SST,1978,,,1751.15849593065,6.71257019042969
SST,1979,,,2205.76399031829,6.99792003631592
SST,1980,,,3032.74092444875,6.58978986740112
SST,1981,,,2968.66696582956,5.29812002182007
SST,1982,,,2968.44073420342,6.72982978820801
SST,1983,,,2777.26308145727,6.63998985290527
SST,1984,,,2770.51867772632,6.73109006881714
SST,1985,,,2693.95828567654,6.82032012939453
SST,1986,,,2491.67827851264,5.49169015884399
SST,1987,,,2825.1110325989,6.89273977279663
SST,1988,,,2946.35966266014,5.76652002334595
SST,1989,,,2933.31818739373,5.99501991271973
SST,1990,,,3333.50757384016,6.44184017181396
SST,1991,9.56063404717749,,3423.52643743162,6.81321001052856
SST,1992,10.138175676572,,3614.0863116594,7.64163017272949
SST,1993,10.6575821130902,,3469.66607819766,7.34355020523071
SST,1994,10.5872265992528,,3675.54070755937,7.6034197807312
SST,1995,10.4710896476613,,4180.97411993559,7.8176097869873
SST,1996,10.3911667521844,,4316.17394952279,8.56110954284668
SST,1997,10.337837085904,,4473.9616049885,8.79374980926514
SST,1998,10.0913118732191,,4496.03901461656,9.44421005249023
SST,1999,10.4073769208229,,4730.62919567969,9.2608003616333
SST,2000,10.4220070497304,,4846.98211684438,10.0239400863647
SST,2001,10.2393243248864,,4839.48717715581,10.8100900650024
SST,2002,9.84688576834024,,5133.23248844722,11.1305904388428
SST,2003,10.1507838382451,,6060.66996564824,11.9303302764893
SST,2004,9.79947038236949,,6954.24066365358,12.5509300231934
SST,2005,9.58922696945574,19.6,7779.56425219565,12.6359996795654
SST,2006,8.74041678886564,21.1,8649.77205518934,12.8919200897217
SST,2007,8.20829015972595,23.3,10056.4113345434,13.8059597015381
SST,2008,8.00243712798649,25.6,10984.7646983248,15.073920249939
SST,2009,9.49383006346729,28.7,9299.40869272154,16.4898891448975
SST,2010,9.64092506344516,32.0,9799.55180930436,17.1129703521729
SST,2011,9.25275015749216,35.5,10887.8653862795,17.8525390625
SST,2012,9.31406963085983,38.5,10829.4075164827,18.7524394989014
SST,2013,9.42789036106017,41.2,11137.9509953235,19.2426204681396
SST,2014,9.17019543151895,44.7,11422.9709382889,19.6605091094971
SST,2015,8.78391504425952,47.7,10451.9964952878,19.9418296813965
SST,2016,8.66740053405155,50.9,10492.0492970632,19.9832496643066
SST,2017,8.32778127632623,55.6,11319.4921033734,20.5163993835449
SST,2018,8.10689854999494,58.0,12064.6886372837,20.7374591827393
SST,2019,7.75168865751208,62.1,11997.3036529705,21.3656902313232
SST,2020,9.20499420465331,65.6,10730.4939107969,21.8676891326904
SST,2021,8.82676059647368,69.1,12435.8612830054,22.3052196502686
SST,2022,8.21647080688741,70.5,13644.5029834497,22.5005798339844
SST,2023,7.66141080204045,71.7,14360.785757405,22.5767707824707
SST,2024,7.68067610421584,72.5,15409.264856078,22.8753509521484
SST,2025,7.75850083202263,0.0,16577.8450757077,
STP,1970,,,479.373226585893,
STP,1971,,,470.047210516664,
STP,1972,,,511.225883278212,
STP,1973,,,676.480648564475,
STP,1974,,,682.841924804006,
STP,1975,,,693.150687886501,
STP,1976,,,585.225491976985,
STP,1977,,,538.961153996478,
STP,1978,,,586.866567172971,
STP,1979,,,683.1642785186,
STP,1980,,,828.688007722406,
STP,1981,,,829.888818772033,
STP,1982,,,783.429221364288,
STP,1983,,,719.585065944304,
STP,1984,,,735.13352186245,
STP,1985,,,761.407990592529,
STP,1986,,,1042.99511241999,
STP,1987,,,1017.85413731046,
STP,1988,,,846.60177007008,
STP,1989,,,821.355129173615,
STP,1990,,0.0,970.059625606155,
STP,1991,14.493,,855.105075821698,
STP,1992,14.65,,740.471318576498,
STP,1993,14.46,,963.785698734091,
STP,1994,14.41,,989.500757799244,
STP,1995,14.342,,768.710751184259,
STP,1996,14.33,,987.048712395264,
STP,1997,14.414,,661.668232822488,
STP,1998,14.398,0.296,513.569380269738,
STP,1999,14.352,0.363,542.692548018387,
STP,2000,14.4,4.6385168164075,529.089383412262,
STP,2001,15.73,6.31091788794615,518.88050130005,
STP,2002,17.63,7.580665168911,568.10257252271,
STP,2003,16.36,10.1618443069961,663.696211810494,
STP,2004,16.12,13.3228526892178,726.560882130444,
STP,2005,16.47,13.75949955,844.169181884274,
STP,2006,16.65,14.18200016,861.970707697664,
STP,2007,16.021,14.5904831987414,878.885791918745,
STP,2008,15.421,15.47999954,1081.8684584729,
STP,2009,15.136,16.40999985,1128.28046213305,3.92682003974915
STP,2010,14.628,18.75,1045.20958234528,4.22901010513306
STP,2011,14.229,20.16119957,1219.80189089671,
STP,2012,13.59,21.57239914,1210.7926479817,7.83568000793457
STP,2013,12.476,23.0,1382.5757842916,
STP,2014,11.428,24.40999985,1489.67633417608,9.24396991729736
STP,2015,10.591,25.81999969,1298.10946596396,12.8210802078247
STP,2016,9.684,28.0,1434.87018050521,
STP,2017,8.808,32.61640167,1555.79477812888,
STP,2018,8.712,37.99380112,1825.59971753966,
STP,2019,8.835,44.25790024,1935.2931816596,
STP,2020,9.679,51.55469894,2167.22001796925,
STP,2021,9.563,54.94950104,2362.58827248102,
STP,2022,8.964,58.56779861,2389.73729784737,
STP,2023,9.032,58.70130157,2990.6606143535,
STP,2024,9.057,59.11759949,3502.6176807171,
STP,2025,9.132,,4084.40062145233,
SUR,1960,,,377.579399662016,
SUR,1961,,,394.80774658988,
SUR,1962,,,409.105638366818,
SUR,1963,,,424.025532430631,
SUR,1964,,,434.893751961714,
SUR,1965,,,481.71875,
SUR,1966,,,574.84107690217,
SUR,1967,,,644.042967325106,
SUR,1968,,,680.595348207639,
SUR,1969,,,707.674445225753,
SUR,1970,,,724.484901513275,
SUR,1971,,,767.990365675678,
SUR,1972,,,784.951674957789,
SUR,1973,,,857.69079166793,
SUR,1974,,,1041.08454668306,
SUR,1975,,,1190.01968453614,
SUR,1976,,,1301.86536317022,
SUR,1977,,,1665.94384873282,
SUR,1978,,,1927.90601359888,
SUR,1979,,,2072.28775271317,
SUR,1980,,,2117.87083385503,
SUR,1981,,,2367.76851800063,5.96962022781372
SUR,1982,,,2429.92391549707,6.34394979476929
SUR,1983,,,2332.69790308016,6.715980052948
SUR,1984,,,2260.63794993629,6.51150989532471
SUR,1985,,,2255.97717664327,6.1905198097229
SUR,1986,,,2271.04733260266,5.80343008041382
SUR,1987,,,2469.06737278634,7.21634006500244
SUR,1988,,,2886.42980207694,7.90398979187012
SUR,1989,,,1328.57013435061,8.75041007995605
SUR,1990,,0.0,941.591736102188,9.56165981292725
SUR,1991,17.189,,1079.72521342705,
SUR,1992,17.28,,968.895253466926,
SUR,1993,15.64,,1022.44583519896,
SUR,1994,12.7,,1433.54255652781,
SUR,1995,8.39,0.115,1609.82504373206,
SUR,1996,10.88,0.226,1962.88495820295,
SUR,1997,10.56,1.0,2067.59814938391,
SUR,1998,10.63,1.67,2428.58641994202,
SUR,1999,13.6,1.89,1898.1801816053,
SUR,2000,12.873,2.50641105226881,1988.22172925433,
SUR,2001,12.047,3.06444838873752,1714.64846637242,
SUR,2002,11.187,4.1615687449541,2202.340682196,11.2604503631592
SUR,2003,10.336,4.71987539528956,2516.10404020956,
SUR,2004,9.49,6.0760478144456,2887.7721728844,
SUR,2005,9.302,6.40308628759062,3453.42865937765,
SUR,2006,9.142,9.49960041,5002.65798695759,
SUR,2007,9.017,14.11,5530.17615638309,
SUR,2008,8.854,21.05999947,6576.08546307249,
SUR,2009,8.72,31.36,7129.5768626291,
SUR,2010,7.15,31.59,7943.60482816915,
SUR,2011,7.54,32.0,7949.88867218383,
SUR,2012,8.1,34.68119812,8851.24050668908,
SUR,2013,6.6,37.40000153,9043.19281529222,
SUR,2014,6.94,40.08000183,9108.18905406764,
SUR,2015,7.22,42.76380157,8813.61705392067,
SUR,2016,7.917,45.40000153,5644.2061057532,
SUR,2017,7.905,48.94520187,6049.52128553675,
SUR,2018,7.817,55.10210037,6665.74180472239,
SUR,2019,7.755,62.03350067,6629.66775248603,5.26435130947432
SUR,2020,8.973,,4755.39221710693,5.30574712643678
SUR,2021,8.706,,5029.84838543953,8.45416298008342
SUR,2022,7.973,,6084.43876736445,5.02487384130847
SUR,2023,7.699,87.4,5521.97602122638,4.93785087797966
SUR,2024,7.621,,6961.78956060258,2.56642457392281
SUR,2025,7.834,,7069.87230892274,
SVK,1990,,0.0,3221.04590790625,
SVK,1991,12.1,,2253.87911882661,
SVK,1992,12.185,,2437.87630211282,
SVK,1993,12.2,0.128,2627.44823950706,
SVK,1994,13.654,0.319,3027.82138293263,
SVK,1995,13.109,0.523,3787.03820237267,
SVK,1996,11.341,0.783,4069.11897669644,
SVK,1997,11.894,1.17,4091.68452874888,
SVK,1998,12.421,2.69,4250.37387978468,
SVK,1999,16.099,5.44,3857.18012283382,
SVK,2000,18.546,9.42680320061637,3827.72506501314,
SVK,2001,19.148,12.5283218484637,3974.36802854653,30.8164901733398
SVK,2002,18.541,40.14,4606.38793538107,32.7422409057617
SVK,2003,17.549,43.04,6283.15169311309,34.5505905151367
SVK,2004,18.206,52.89,7996.74076556872,36.6599617004395
SVK,2005,16.276,55.19,9087.20357002472,40.7710609436035
SVK,2006,13.395,56.08,10629.1782325838,45.0326881408691
SVK,2007,11.16,61.8,14330.2064943926,50.5563583374023
SVK,2008,9.514,66.05,17973.8436435514,54.1637115478516
SVK,2009,12.023,70.0,16586.7527805228,56.7700996398926
SVK,2010,14.387,75.71,16899.448680529,58.0442390441895
SVK,2011,13.634,74.4399971746757,18469.4354316836,57.1524887084961
SVK,2012,13.966,76.7099901181121,17516.9691054078,57.0384407043457
SVK,2013,14.226,77.8826,18312.7805149823,55.253978729248
SVK,2014,11.536,79.9843017656729,18770.9289896545,53.8843002319336
SVK,2015,11.492,77.6346820339875,16442.0760860018,52.7206687927246
SVK,2016,9.679,80.475857275668,16636.0769133073,50.3014488220215
SVK,2017,8.142,81.6256675172655,17645.5298716761,49.1256103515625
SVK,2018,6.544,80.4489224826099,19573.3717031314,47.8138313293457
SVK,2019,5.761,82.8536605021784,19406.0589683582,48.1902389526367
SVK,2020,6.719,89.92090413,19735.4858280801,48.3790016174316
SVK,2021,6.894,88.92560523,22123.3342114545,50.7342491149902
SVK,2022,6.143,89.06766196,21317.7943982363,52.4959106445312
SVK,2023,5.843,87.2131343,24614.8734642794,53.417610168457
SVK,2024,5.3,89.82507032,25992.6748502048,54.4743194580078
SVK,2025,5.359,,28543.6653439813,
SVN,1990,,0.0,9925.14071044684,
SVN,1991,7.08,,7229.31149788617,
SVN,1992,7.83,,7151.15243829224,
SVN,1993,8.51,0.41,7254.58887417768,
SVN,1994,8.24,1.07,8243.89895545106,
SVN,1995,7.15,2.9,10738.0887611468,
SVN,1996,6.879,5.07,10796.7399446283,
SVN,1997,6.648,7.59,10436.7260661871,
SVN,1998,7.39,10.1,11131.5666628231,
SVN,1999,7.324,12.6,11401.4906790909,
SVN,2000,6.918,15.1102595640388,10135.7219109212,
SVN,2001,5.682,30.1759104700854,10375.6255869861,60.8455085754395
SVN,2002,5.922,27.8388854180687,11639.1297780477,66.6545715332031
SVN,2003,6.479,31.8547930120441,14711.674874253,69.6047668457031
SVN,2004,6.012,40.81,17103.8297783905,73.348876953125
SVN,2005,6.506,46.81,17969.7095907161,81.2728118896484
SVN,2006,5.95,54.01,19563.005059144,85.2738876342773
SVN,2007,4.818,56.74,23725.1596001515,87.2651672363281
SVN,2008,4.371,58.0,27461.9764165315,88.5987091064453
SVN,2009,5.858,64.0,24501.7897290425,87.96533203125
SVN,2010,7.236,70.0,23329.8417691156,90.2514877319336
SVN,2011,8.166,67.3399948092396,24940.6284841605,87.1887130737305
SVN,2012,8.841,68.3499745287825,22442.1417859955,89.0215606689453
SVN,2013,10.103,72.6756,23236.9655321695,87.8572082519531
SVN,2014,9.668,71.5862515855601,24013.0682060959,84.3780288696289
SVN,2015,8.962,73.0986599745829,20697.2748530619,82.1997833251953
SVN,2016,8.0,75.4985042610791,21447.8377796036,79.4747467041016
SVN,2017,6.564,78.8854263554775,23303.077705959,79.2703475952148
SVN,2018,5.108,79.7499765956562,25888.0481065655,77.3015975952148
SVN,2019,4.446,83.1083578026717,25814.1687167572,76.4720077514648
SVN,2020,4.971,86.60130109,25392.0651093612,75.8166809082031
SVN,2021,4.744,89.00399524,29192.8401933019,82.2400436401367
SVN,2022,4.011,88.91248552,28360.3041467268,82.3922576904297
SVN,2023,3.652,90.37794678,32660.4753581346,80.0806884765625
SVN,2024,3.7,90.76355487,34301.0318686594,
SVN,2025,3.175,,37376.2216079138,
SWE,1960,,,2128.36441205712,
SWE,1961,,,2304.47143531351,
SWE,1962,,,2485.46561781218,
SWE,1963,,,2675.07291656901,
SWE,1964,,,2961.02884624727,
SWE,1965,,,3227.87974049912,
SWE,1966,,,3477.89737890027,
SWE,1967,,,3746.2048797826,
SWE,1968,,,3953.08297234501,
SWE,1969,,,4262.92603293035,
SWE,1970,,,4729.35071602705,
SWE,1971,,,5125.27034757101,
SWE,1972,,,6018.39052977191,
SWE,1973,,,7290.6303239401,
SWE,1974,,,8078.18604272449,
SWE,1975,,,10102.6388909372,
SWE,1976,,,10852.5192441428,
SWE,1977,,,11432.0214920218,
SWE,1978,,,12602.2217238449,
SWE,1979,,,14855.5957561141,
SWE,1980,,,17073.0446711494,
SWE,1981,,,15563.8332773497,
SWE,1982,,,13719.0538964279,
SWE,1983,,,12589.950077442,
SWE,1984,,,13080.0302290066,
SWE,1985,,,13647.0439039697,
SWE,1986,,,17954.9510185679,
SWE,1987,,,21760.9646490625,
SWE,1988,,,24499.1240758517,
SWE,1989,,,25625.0162127747,
SWE,1990,,0.584,30549.3185706762,
SWE,1991,3.243,1.16,31776.6680192213,
SWE,1992,5.722,1.5,32753.4287003642,
SWE,1993,9.33,1.72,24389.8738124128,
SWE,1994,9.58,3.41,26045.5196995275,
SWE,1995,8.897,5.1,30254.0273028727,
SWE,1996,9.547,9.04,33022.2444768661,
SWE,1997,10.359,23.7,30324.1845796306,
SWE,1998,8.941,33.5,30605.3669074811,
SWE,1999,7.607,41.4,30968.8710702052,
SWE,2000,5.466,45.6876522122282,29632.5890811623,
SWE,2001,4.73,51.7656649372808,27259.3174300217,70.0115203857422
SWE,2002,4.965,70.57,29957.7776664916,74.7414321899414
SWE,2003,5.555,79.13,37292.2419727801,80.4902877807617
SWE,2004,6.693,83.89,42758.0048564929,83.0349807739258
SWE,2005,7.81,84.83,43378.4077394363,81.7390899658203
SWE,2006,7.066,87.76,46531.3762240485,79.3352279663086
SWE,2007,6.161,82.01,53568.3057787832,75.3943710327148
SWE,2008,6.235,90.0,55817.1759726485,71.158073425293
SWE,2009,8.351,91.0,46707.6425044751,71.0115814208984
SWE,2010,8.61,90.0,52542.5759090299,73.0818328857422
SWE,2011,7.804,92.7699860554046,60379.4814599322,71.9184112548828
SWE,2012,7.976,93.1799880065108,57749.5615420853,68.742301940918
SWE,2013,8.052,94.7836,60843.9888799369,65.7820892333984
SWE,2014,7.954,92.5236065037579,59583.4584491714,64.9541931152344
SWE,2015,7.432,90.6101966398616,51188.1652120493,66.4283218383789
SWE,2016,6.99,89.6509476102355,51703.5088332851,68.306037902832
SWE,2017,6.718,93.0062669652127,53210.2233318965,70.4342498779297
SWE,2018,6.365,89.2469631588137,54018.4554391861,73.4083786010742
SWE,2019,6.833,94.4934434072202,51648.9892820514,75.1148529052734
SWE,2020,8.291,94.53943122,52568.5726980146,79.1196365356445
SWE,2021,8.803,94.6703163,60647.5416365347,85.9426193237305
SWE,2022,7.417,95.00970335,54836.8907235124,83.8976135253906
SWE,2023,7.611,95.70327461,54950.2834725622,81.3998184204102
SWE,2024,8.4,95.52930428,57222.7100565003,83.9988098144531
SWE,2025,8.694,95.76629783,63133.2126736715,
SWZ,1960,,,101.572799813694,
SWZ,1961,,,121.795718753065,
SWZ,1962,,,127.095766410182,
SWZ,1963,,,146.391131380777,
SWZ,1964,,,171.608409764479,
SWZ,1965,,,180.977225619081,
SWZ,1966,,,192.744540046073,
SWZ,1967,,,182.773359711151,
SWZ,1968,,,190.386590098492,
SWZ,1969,,,245.233981580731,
SWZ,1970,,,254.161125489597,0.481209993362427
SWZ,1971,,,301.119152172814,0.597909986972809
SWZ,1972,,,315.028466244508,0.62347000837326
SWZ,1973,,,463.251615844177,0.638960003852844
SWZ,1974,,,536.161003835798,1.2447999715805
SWZ,1975,,,567.884816620216,2.134929895401
SWZ,1976,,,520.799625738095,2.1317400932312
SWZ,1977,,,562.711578492044,2.65423011779785
SWZ,1978,,,609.960650013647,
SWZ,1979,,,713.953305118319,2.72586989402771
SWZ,1980,,,908.375601827987,3.54235005378723
SWZ,1981,,,925.368712517647,3.10336995124817
SWZ,1982,,,843.043006864844,
SWZ,1983,,,842.750203378801,
SWZ,1984,,,726.345118603826,4.76379013061523
SWZ,1985,,,509.885951472336,4.3749098777771
SWZ,1986,,,611.298158219647,3.92165994644165
SWZ,1987,,,764.752134047322,3.68916988372803
SWZ,1988,,,865.25154443731,4.42677021026611
SWZ,1989,,,831.847150129225,
SWZ,1990,,0.0,1277.69173005665,3.92527008056641
SWZ,1991,20.521,,1273.01224518903,3.75163006782532
SWZ,1992,20.947,,1361.8169795148,3.34717011451721
SWZ,1993,21.76,,1397.26593317978,4.43348979949951
SWZ,1994,21.726,,1461.36400128736,
SWZ,1995,21.65,0.00103,1750.75400773784,
SWZ,1996,22.074,0.0504,1619.19119707662,5.9414701461792
SWZ,1997,22.5,0.0885,1705.39874942229,
SWZ,1998,23.214,0.0961,1546.51519325373,
SWZ,1999,23.868,0.471,1501.66426653189,4.54553985595703
SWZ,2000,24.547,0.926191777269401,1629.67038842815,4.26582002639771
SWZ,2001,25.24,1.28159005046719,1429.85630359447,
SWZ,2002,25.771,1.81620380712642,1315.73634647994,4.41731977462769
SWZ,2003,26.259,2.43707385055863,2015.21743065251,
SWZ,2004,26.716,3.22868507316111,2525.5640452625,5.39188003540039
SWZ,2005,27.221,3.697000027,2871.06877437449,4.7824501991272
SWZ,2006,27.693,3.69653878906882,2964.95865200682,4.6042799949646
SWZ,2007,28.24,4.1,3109.11097608864,
SWZ,2008,27.891,6.85,2946.8606613746,
SWZ,2009,27.488,8.94,3189.79679956637,
SWZ,2010,26.856,11.04,3922.74039390733,
SWZ,2011,26.105,18.13,4225.06049411911,7.02840092827937
SWZ,2012,25.226,20.78179932,4224.54789174487,
SWZ,2013,24.556,24.70000076,3949.94310039907,6.43545771863543
SWZ,2014,23.931,25.0,3771.07228381938,
SWZ,2015,23.431,25.64299965,3419.82276559528,
SWZ,2016,22.718,28.56999969,3238.17611961364,
SWZ,2017,24.543,35.33160019,3853.09956569679,
SWZ,2018,26.471,39.38100052,3972.65450620357,
SWZ,2019,28.222,43.93389893,3913.14577547336,
SWZ,2020,32.978,49.01300049,3466.56936278145,
SWZ,2021,34.153,53.99530029,3984.00229174306,
SWZ,2022,36.472,57.34370041,3894.1620089869,
SWZ,2023,34.61,61.33330154,3755.52111232464,
SWZ,2024,34.643,63.40309906,3909.55892378182,
SWZ,2025,34.202,,4108.25221093363,
SXM,2009,,,25528.412619483,
SXM,2010,,,26403.8143692163,
SXM,2011,,,27317.5178881974,
SXM,2012,,,28149.0997855041,7.8405017921147
SXM,2013,,,28529.7324687053,
SXM,2014,,,37134.912423099,7.32811856731165
SXM,2015,,,37839.6283815163,7.93456032719836
SXM,2016,,,37308.6147795736,
SXM,2017,,,34701.3058494468,9.85608373310074
SXM,2018,,,31708.3110124742,
SXM,2019,,,34861.469528968,
SXM,2020,,,30150.8998380477,
SXM,2021,,,32548.4366854902,
SXM,2022,,,37793.1283815826,8.259449370042
SXM,2023,,,39451.822911732,7.65284309533989
SXM,2024,,,41472.5870367865,
SXM,2025,,,42978.1317407037,
SYC,1960,,,288.058144476031,
SYC,1961,,,270.279646614487,
SYC,1962,,,287.04477353783,
SYC,1963,,,308.195248410849,
SYC,1964,,,332.304985875279,
SYC,1965,,,328.484883920328,
SYC,1966,,,337.64622904411,
SYC,1967,,,333.233798841887,
SYC,1968,,,314.351070663894,
SYC,1969,,,314.179858636278,
SYC,1970,,,343.88118849057,
SYC,1971,,,401.608022143052,
SYC,1972,,,546.951095334072,
SYC,1973,,,648.531963657638,
SYC,1974,,,744.506898260813,
SYC,1975,,,806.232644338165,
SYC,1976,,,814.47477447888,
SYC,1977,,,1044.35311338903,
SYC,1978,,,1376.5465132826,
SYC,1979,,,2030.13590313409,
SYC,1980,,,2478.36470343969,
SYC,1981,,,2557.20665504671,
SYC,1982,,,2440.6841742286,
SYC,1983,,,2426.33460826276,
SYC,1984,,,2487.64499220084,
SYC,1985,,,2754.14571028218,
SYC,1986,,,3368.4740950781,
SYC,1987,,,3871.77851995844,
SYC,1988,,,4392.19864861545,
SYC,1989,,,4689.1345079999,
SYC,1990,,0.0,5642.072897243,
SYC,1991,,,5654.63975724251,
SYC,1992,,,6520.48950519188,
SYC,1993,,,6978.68075445824,
SYC,1994,,,6974.86770636796,
SYC,1995,,,7180.66832748656,
SYC,1996,,0.651,7004.33603896356,
SYC,1997,,1.28,7746.69851330444,
SYC,1998,,2.53,8209.51444287,
SYC,1999,,6.23,8243.23610099084,
SYC,2000,,7.39562918315276,8063.65500575169,
SYC,2001,,11.0151029300174,8153.2986369879,
SYC,2002,,14.3041708309972,8864.16919495467,
SYC,2003,,14.5925043169492,9070.28460757013,
SYC,2004,,24.2721392249906,10827.671636033,
SYC,2005,,25.4132681462836,11802.1118276833,
SYC,2006,,34.95197117065,12782.9938926475,
SYC,2007,,38.38,12669.3026687222,
SYC,2008,,40.44,11265.4376270005,
SYC,2009,,,9747.09180546291,
SYC,2010,,41.0,10934.79494629,
SYC,2011,,43.16400146,12110.0937461973,2.91756715035505
SYC,2012,,47.07600021,12337.1554669388,1.55593589544111
SYC,2013,,50.40000153,14821.2921476077,3.50154479917611
SYC,2014,,51.25469971,15188.1902175113,7.29119296649992
SYC,2015,,54.25960159,15333.1051727105,16.4973007303906
SYC,2016,,56.51470184,16566.9946042294,25.6358902463449
SYC,2017,,62.55310059,17480.3651911372,42.2082018927445
SYC,2018,,69.23660278,18440.2340460932,38.8581314878893
SYC,2019,,76.63420105,19141.5118743615,41.2970430107527
SYC,2020,,79.25170135,14041.4754074575,26.934264107039
SYC,2021,,81.99530029,14982.9111487767,26.8701526144608
SYC,2022,,84.83380127,16682.6990711785,13.930414075936
SYC,2023,,86.001297,18130.5297135548,14.0341370902195
SYC,2024,,87.81800079,18364.5259678223,14.5342502593994
SYC,2025,,,19449.3836346926,
SYR,1960,,,183.525069735278,
SYR,1961,,,196.293561633919,
SYR,1962,,,223.934209140492,
SYR,1963,,,234.899747591945,
SYR,1964,,,254.217527062223,
SYR,1965,,,270.830584796164,
SYR,1966,,,239.30759595908,
SYR,1967,,,272.914639434944,
SYR,1968,,,293.330341001656,
SYR,1969,,,363.554844445761,
SYR,1970,,,335.451366800943,
SYR,1971,,,392.515069525448,7.44881010055542
SYR,1972,,,448.237758556479,9.05167007446289
SYR,1973,,,458.830061186419,8.76581001281738
SYR,1974,,,706.579580221326,9.25117969512939
SYR,1975,,,903.713462066405,10.0957202911377
SYR,1976,,,976.48924016597,10.5725002288818
SYR,1977,,,951.240398587355,12.514949798584
SYR,1978,,,1107.78304477534,13.64564037323
SYR,1979,,,1146.36179260974,14.8926601409912
SYR,1980,,,1458.23976434095,14.2631502151489
SYR,1981,,,1675.79747403807,16.7165508270264
SYR,1982,,,1702.68062491316,16.6946296691894
SYR,1983,,,1775.83203705709,16.3920593261719
SYR,1984,,,1706.21944810524,16.3762092590332
SYR,1985,,,1543.7649395519,17.0832099914551
SYR,1986,,,1208.16084262217,17.1959095001221
SYR,1987,,,997.128134355135,16.7907009124756
SYR,1988,,,897.70876335774,18.1158409118652
SYR,1989,,,809.044028162459,17.166259765625
SYR,1990,,0.0,978.489616979607,17.3862705230713
SYR,1991,6.75,0.0,1000.07798684947,17.3162403106689
SYR,1992,6.949,0.0,990.138251191708,16.5408096313477
SYR,1993,7.4,0.0,992.771367475098,16.5476303100586
SYR,1994,7.5,0.0,712.387716635783,15.1282196044922
SYR,1995,7.2,0.0,779.699100153744,14.5729703903198
SYR,1996,7.221,0.0,918.195857362788,
SYR,1997,7.31,0.0326,940.826589804978,
SYR,1998,7.376,0.0637,960.837504927725,
SYR,1999,7.6,0.124,978.17453169496,
SYR,2000,9.587,0.181698580104333,1138.18722723683,
SYR,2001,11.63,0.353759130007247,1177.53806921268,
SYR,2002,10.94,2.09310101861765,1189.98119453595,12.6482696533203
SYR,2003,10.28,3.39797261356623,1220.179077256,13.2320003509522
SYR,2004,9.513,4.32159377785571,1368.11263904001,15.2420597076416
SYR,2005,8.81,5.648099899,1533.90017615946,18.2976398468018
SYR,2006,8.17,7.832600117,1718.78469956591,20.8499908447266
SYR,2007,8.42,11.5,1937.61199094087,21.3354091644287
SYR,2008,10.94,14.0,2429.1247629459,21.8033008575439
SYR,2009,8.14,17.3,2462.20127278738,22.903039932251
SYR,2010,8.61,20.7,2730.61487784917,24.7345008850098
SYR,2011,8.626,22.5,2952.14372909443,24.5282592773438
SYR,2012,13.8,24.30010033,1897.66115018696,28.8359394073486
SYR,2013,14.5,26.20000076,985.892669221634,31.4127197265625
SYR,2014,14.782,28.09000015,1060.59105887433,44.4609794616699
SYR,2015,14.244,29.97979927,847.731545352582,47.8358993530273
SYR,2016,13.798,31.8696003,656.349017520952,43.7606582641602
SYR,2017,13.603,32.70000076,851.501972646386,
SYR,2018,13.505,33.77000046,1098.06667935023,
SYR,2019,13.369,,1109.53933821464,
SYR,2020,15.179,,593.911771822527,
SYR,2021,14.887,,688.566109726934,
SYR,2022,13.245,,1056.78264718197,
SYR,2023,13.27,,,
SYR,2024,13.359,,,
SYR,2025,13.569,,,
TCA,1990,,0.0,,
TCA,2001,,,18325.7458111974,
TCA,2002,,,17803.9471767733,
TCA,2003,,,18859.1890274773,
TCA,2004,,,21246.00980049,
TCA,2005,,,24122.3028180757,
TCA,2006,,,28734.2873064523,
TCA,2007,,,29443.8523030072,
TCA,2008,,,31453.8228752689,0.116480000317097
TCA,2009,,,24596.8938015951,
TCA,2010,,,23093.8498268267,0.30978998541832
TCA,2011,,,27327.4006354146,
TCA,2012,,,25923.6156503875,
TCA,2013,,,25653.819867471,
TCA,2014,,,27292.5820256776,13.5160680529301
TCA,2015,,,29457.0140691162,12.3809523809524
TCA,2016,,,31373.5612684327,11.0619469026549
TCA,2017,,,30014.2309523213,11.8171251452925
TCA,2018,,,31625.616593277,11.3000755857899
TCA,2019,,,31780.5217068989,11.7383177570093
TCA,2020,,,20690.9160546118,
TCA,2021,,,27329.2885087196,
TCA,2022,,,31280.5418020808,16.973180770874
TCA,2023,,,35470.2151608295,25.2537080405933
TCA,2024,,,37506.7798431288,
TCD,1960,,,102.819470459603,
TCD,1961,,,107.320380491931,
TCD,1962,,,112.619958010844,
TCD,1963,,,114.710860761079,
TCD,1964,,,118.594106789032,
TCD,1965,,,123.56227611622,
TCD,1966,,,125.779460124418,
TCD,1967,,,128.209999741615,
TCD,1968,,,126.87277490154,
TCD,1969,,,129.175848997716,
TCD,1970,,,125.882078424937,
TCD,1971,,,131.816410865026,0.0
TCD,1972,,,150.369805704401,0.0136900003999472
TCD,1973,,,162.371866237422,0.0694900006055832
TCD,1974,,,159.998978775959,0.168760001659393
TCD,1975,,,207.476255156215,0.114780001342297
TCD,1976,,,203.713116730324,0.147579997777939
TCD,1977,,,215.935450416974,0.202010005712509
TCD,1978,,,252.511381682505,
TCD,1979,,,222.914738532944,
TCD,1980,,,228.770491876017,
TCD,1981,,,193.971579541809,
TCD,1982,,,176.083750783324,
TCD,1983,,,167.180974589951,
TCD,1984,,,182.175880946335,
TCD,1985,,,202.710985101435,0.37253999710083
TCD,1986,,,203.354449515341,
TCD,1987,,,213.931729919066,
TCD,1988,,,263.544647841815,
TCD,1989,,,246.355378549117,0.574559986591339
TCD,1990,,0.0,290.599045262191,
TCD,1991,0.668,,302.487268390603,
TCD,1992,0.658,,290.648286132566,
TCD,1993,0.7,,220.729964903293,
TCD,1994,0.709,,173.928895064035,
TCD,1995,0.755,,203.964852705041,
TCD,1996,0.7,,216.912541056484,0.503790020942688
TCD,1997,0.732,0.000658,201.384076969355,0.543320000171661
TCD,1998,0.725,0.00427,219.779530915601,0.672879993915558
TCD,1999,0.753,0.0123,186.638531146223,
TCD,2000,0.796,0.03570707628555,163.121663683369,0.79297000169754
TCD,2001,0.792,0.0459341343557353,194.32295331156,0.816110014915466
TCD,2002,0.769,0.166069664674347,219.061391951349,
TCD,2003,0.725,0.320308555366775,289.087621122168,0.942139983177185
TCD,2004,0.672,0.360920107034467,445.850767157087,1.20975995063782
TCD,2005,0.663,0.399257700084004,838.092107712557,1.4159699678421
TCD,2006,0.716,0.581045764229641,906.897260572747,
TCD,2007,0.839,0.847224520710968,980.483531485103,
TCD,2008,0.922,1.19,1166.36883453841,1.95048999786377
TCD,2009,0.943,1.5,1035.63719694254,2.01651000976562
TCD,2010,0.911,1.700000048,1141.80069268412,2.0962732183809
TCD,2011,0.92,1.899999976,1308.1421872538,2.21312898390939
TCD,2012,0.886,2.099999905,1354.34344701937,
TCD,2013,0.955,2.5,1304.88742971475,
TCD,2014,0.984,2.900000095,1278.78981422494,3.38820626861646
TCD,2015,1.032,3.5,993.990730610869,3.22750677590433
TCD,2016,1.091,5.800000191,861.831767630746,
TCD,2017,1.132,6.351900101,854.46120040098,
TCD,2018,1.135,6.956299782,948.656629871231,
TCD,2019,1.077,7.618199825,893.336441643325,
TCD,2020,1.695,8.343099594,866.947814890409,4.39665967267065
TCD,2021,1.53,9.653699875,946.358500208374,
TCD,2022,1.081,11.17029953,966.036468278568,
TCD,2023,1.059,12.03590012,949.991054236266,
TCD,2024,1.053,12.62689972,980.668312111718,
TCD,2025,1.057,,1022.33559390754,
TEA,1960,,,91.3802571544005,
TEA,1961,,,80.5543140095914,
TEA,1962,,,72.5209927013902,
TEA,1963,,,76.4669229998065,
TEA,1964,,,86.1944413412984,
TEA,1965,,,98.0103081184699,
TEA,1966,,,104.345470535028,
TEA,1967,,,98.7397966811935,
TEA,1968,,,97.2605818901621,
TEA,1969,,,106.446178947349,
TEA,1970,,,115.371975482505,2.91224002838135
TEA,1971,,,120.627148449905,1.12454998493195
TEA,1972,,,134.020481612004,1.16428005695343
TEA,1973,,,164.713132861925,1.18884003162384
TEA,1974,,,182.701577930808,1.29895997047424
TEA,1975,,,201.194079350329,1.4120899438858
TEA,1976,,,201.071871936437,1.5720499753952
TEA,1977,,,228.08829233148,1.7083899974823
TEA,1978,,,217.901256348867,1.96166002750397
TEA,1979,,,248.354130559149,2.52308011054993
TEA,1980,,,282.172716876686,3.0409300327301
TEA,1981,,,296.638660486771,3.57886004447937
TEA,1982,,,306.301092040175,3.89819002151489
TEA,1983,,,315.356013514066,3.89931011199951
TEA,1984,,,336.28597041083,4.00758981704712
TEA,1985,,,362.345629981072,4.11627006530762
TEA,1986,,,355.377868708384,4.46036005020142
TEA,1987,,,345.154435745665,5.4640998840332
TEA,1988,,,376.514745475974,4.73126983642578
TEA,1989,,,400.299436208748,5.536789894104
TEA,1990,,,422.071410076562,4.8690299987793
TEA,1991,2.4073196083798,,451.285275077955,5.50631999969482
TEA,1992,2.37576826157152,,499.112755101956,5.54217004776001
TEA,1993,2.62936653616558,,540.427508690315,5.22213983535767
TEA,1994,2.93069940629993,,641.960437587346,6.66963005065918
TEA,1995,3.01496053849378,,781.740273009877,7.02889013290405
TEA,1996,3.12070620503968,,886.701839758086,7.83038997650146
TEA,1997,3.21237864407138,,906.493021348914,8.79578971862793
TEA,1998,3.3824223282411,,818.793324750308,9.51282024383545
TEA,1999,3.47579200535286,,892.251747167714,10.3489799499512
TEA,2000,3.43001128152857,,972.833173903317,11.1288003921509
TEA,2001,3.85850449672084,,1026.64920971957,12.2932901382446
TEA,2002,4.17741336740834,,1127.25093373191,14.0914402008057
TEA,2003,4.428076738741,,1266.10778868123,16.0474491119385
TEA,2004,4.42310310906886,,1456.9669469541,17.7994499206543
TEA,2005,4.50383702137591,8.4,1673.18872013796,19.1879806518555
TEA,2006,4.3960838573092,10.3,1999.8599576078,20.5814304351807
TEA,2007,4.37680263860099,14.5,2510.42063084895,21.5844192504883
TEA,2008,4.45880440548548,19.5,3154.16917322889,22.3570995330811
TEA,2009,4.43923742826889,24.0,3398.52810801107,23.7103404998779
TEA,2010,4.17487787059342,29.3,4104.80139766727,25.4230098724365
TEA,2011,4.12377298395066,32.7,4970.50414407986,26.9515590667725
TEA,2012,4.06044851591873,36.1,5497.15541159145,29.1261692047119
TEA,2013,4.06245777272466,38.7,6020.77821511419,31.6151294708252
TEA,2014,4.05853741844698,41.1,6446.18938511466,38.9852485656738
TEA,2015,4.13377205147225,44.1,6664.53447337008,41.5367698669434
TEA,2016,4.0503221911626,50.2,6758.79473763568,43.3201484680176
TEA,2017,3.92821339454137,54.6,7323.57112357326,44.0927085876465
TEA,2018,3.81860609641702,59.8,8136.42934013947,45.0661506652832
TEA,2019,3.91155753249547,64.3,8379.42503514668,47.2565612792969
TEA,2020,4.38103635885362,72.7,8485.28948088661,50.6974411010742
TEA,2021,4.14006542894987,78.3,10086.4082581275,54.3689193725586
TEA,2022,4.24711639501186,82.3,10220.556668162,57.9160804748535
TEA,2023,3.98514803684521,85.0,10240.3474676862,60.657829284668
TEA,2024,3.91959262359653,86.8,10508.2462082104,62.1942710876465
TEA,2025,3.92396383247478,88.9,10965.8265646099,
TEC,1988,,,2336.29183699385,
TEC,1989,,,2250.84506249372,
TEC,1990,,,2374.64061502214,
TEC,1991,5.90955131197024,,2312.75033373274,
TEC,1992,6.36813427704303,,2135.38646376765,
TEC,1993,7.0346645065866,,2107.48545754442,
TEC,1994,8.4016596302501,,1896.40732020919,
TEC,1995,9.38897907204676,,2264.49360886538,
TEC,1996,9.98342568855379,,2329.88113193067,
TEC,1997,10.6542403206707,,2408.24273793154,
TEC,1998,11.4943269237354,,2165.17962536191,
TEC,1999,11.9116471065413,,1878.80070824489,36.4291915893555
TEC,2000,11.0183192610913,,2044.36249557921,39.5721206665039
TEC,2001,10.7447066639553,,2080.99745064169,42.5860595703125
TEC,2002,10.5396612637819,,2340.84304586083,45.6075897216797
TEC,2003,10.3043605492778,,2879.67149467058,48.6035614013672
TEC,2004,9.96727145258182,,3723.46934484203,49.6661491394043
TEC,2005,9.31364245463686,14.6,4660.83802232756,51.7776718139648
TEC,2006,8.7030435256555,17.7,5633.02971807333,53.9830513000488
TEC,2007,7.59407523011705,23.0,7247.0818892658,55.8291511535645
TEC,2008,7.37988688857846,28.2,8951.35076734201,57.3591613769531
TEC,2009,9.09793178837198,34.7,7074.11060707405,58.7855110168457
TEC,2010,8.67633640799942,40.0,8293.77511577841,60.5026206970215
TEC,2011,8.10364260938392,45.4,10044.9046719064,61.4155616760254
TEC,2012,7.63560375277808,50.7,10435.8086234655,62.2472190856934
TEC,2013,7.69053724382223,53.5,10986.3954318467,64.0805892944336
TEC,2014,7.62801272694854,57.7,10330.3982164695,65.699821472168
TEC,2015,7.60801134268431,59.4,8034.6842596255,66.5678024291992
TEC,2016,7.43861188713932,63.3,7679.02768410566,68.5775833129883
TEC,2017,7.09014958895511,67.0,8571.09823045668,70.3993377685547
TEC,2018,6.64992815855912,71.8,8885.56352555245,72.1406326293945
TEC,2019,6.70220366105967,75.2,9040.92665915657,73.6460266113281
TEC,2020,7.20291679357834,78.6,8455.78453528889,76.050666809082
TEC,2021,6.78803635122713,82.6,9992.00521619821,79.2664413452148
TEC,2022,5.62584537984402,85.2,11422.1622613514,81.2411270141602
TEC,2023,5.0769631792025,87.3,12070.5942969794,82.1417770385742
TEC,2024,4.71563232155562,88.9,13364.4486876078,88.6189193725586
TEC,2025,4.62126731959311,90.8,15300.0702229683,
TGO,1960,,,102.238985564471,
TGO,1961,,,104.830748893841,
TGO,1962,,,107.761209503061,
TGO,1963,,,114.616211257053,
TGO,1964,,,130.360610675638,
TGO,1965,,,144.098515583253,
TGO,1966,,,162.919341838376,
TGO,1967,,,171.069637256,
TGO,1968,,,174.910439992564,
TGO,1969,,,185.029288995797,
TGO,1970,,,166.861793379275,
TGO,1971,,,182.2883269979,0.436320006847382
TGO,1972,,,207.562328319841,0.673879981040955
TGO,1973,,,244.840492887662,0.681599974632263
TGO,1974,,,329.182274184227,0.662810027599335
TGO,1975,,,353.836797732978,0.714460015296936
TGO,1976,,,346.61611702864,1.01695001125336
TGO,1977,,,424.884142466883,1.17577004432678
TGO,1978,,,439.835706566761,1.30627000331879
TGO,1979,,,463.966023357797,1.28176999092102
TGO,1980,,,574.920225193386,1.43621003627777
TGO,1981,,,471.976047235317,1.81998002529144
TGO,1982,,,391.787096992045,1.59472000598907
TGO,1983,,,356.531424888936,1.4386899471283
TGO,1984,,,326.546681169977,1.45352005958557
TGO,1985,,,337.014048169162,
TGO,1986,,,454.510025928692,
TGO,1987,,,519.18142138477,1.91431999206543
TGO,1988,,,556.09976573928,2.10569000244141
TGO,1989,,,529.714170208593,2.13784003257752
TGO,1990,,0.0,619.184841877398,2.16568994522095
TGO,1991,4.057,0.0,591.939138361428,2.39435005187988
TGO,1992,4.209,0.0,607.946006940374,2.63255000114441
TGO,1993,4.507,0.0,448.033969931112,2.21612000465393
TGO,1994,4.201,0.0,355.429579368426,2.38979005813599
TGO,1995,3.99,0.0,449.85596910209,2.71031999588013
TGO,1996,3.606,0.0109,482.27462715388,2.69524002075195
TGO,1997,3.618,0.211,476.890484883584,
TGO,1998,3.78,0.306,492.493381462559,3.07287001609802
TGO,1999,3.889,0.59,477.217016566667,
TGO,2000,4.162,0.8,440.420399069497,
TGO,2001,4.108,0.9,426.883605884489,
TGO,2002,4.087,1.0,479.438373869587,
TGO,2003,3.957,1.2,579.728195854724,
TGO,2004,3.992,1.5,604.311329116751,
TGO,2005,4.149,1.799999952,595.200212014134,
TGO,2006,4.229,2.0,596.249203137762,4.9507098197937
TGO,2007,3.822,2.200000048,654.083697666439,5.5628399848938
TGO,2008,3.279,2.400000095,771.351190404751,
TGO,2009,2.847,2.599999905,770.172869777254,
TGO,2010,2.379,3.0,750.323421086121,8.90678270945479
TGO,2011,1.982,3.5,834.14671980279,9.66968081043628
TGO,2012,2.029,4.0,813.611525037432,10.7079137745625
TGO,2013,2.084,4.5,885.698522723929,10.8397865677878
TGO,2014,2.141,5.699999809,921.539748631461,10.5384945175632
TGO,2015,2.204,7.119999886,813.894676975085,10.8146472215817
TGO,2016,2.968,11.31000042,843.114204338675,12.0913340463942
TGO,2017,3.744,12.3602249692905,872.076408845752,12.3068653432672
TGO,2018,2.9,15.5,942.480774393154,12.9031599603185
TGO,2019,2.036,20.72730064,917.718016777619,13.1551472123617
TGO,2020,2.231,29.02370071,961.219781201934,14.9029897765252
TGO,2021,2.344,30.33839989,1076.29520076949,
TGO,2022,1.965,35.60749817,1071.61539220759,
TGO,2023,1.942,37.57020187,1182.32951436696,
TGO,2024,1.948,39.48320007,1266.08777721447,
TGO,2025,1.995,,1383.89974929887,
THA,1960,,,102.814571454958,
THA,1961,,,109.728794269464,
THA,1962,,,116.179493337844,
THA,1963,,,120.658598748696,
THA,1964,,,128.642226903734,
THA,1965,,,140.899873696781,
THA,1966,,,164.533414431069,
THA,1967,,,170.666971518706,
THA,1968,,,178.839752885801,
THA,1969,,,191.438734515692,
THA,1970,,,197.097903475424,
THA,1971,,,199.662201986255,2.80615997314453
THA,1972,,,215.582022917854,2.95396995544434
THA,1973,,,278.285062967675,2.93899011611939
THA,1974,,,342.978897633446,2.95043992996216
THA,1975,,,363.526350179478,3.50440001487732
THA,1976,,,405.408734060752,3.2494900226593
THA,1977,,,461.659141640678,4.21241998672485
THA,1978,,,548.233113208345,5.03536987304688
THA,1979,,,612.08876018577,8.43535995483398
THA,1980,,,708.729450091584,10.2965002059937
THA,1981,,,748.156726132308,7.61796998977661
THA,1982,,,770.398953205891,18.5992393493652
THA,1983,,,826.932302137698,20.8672790527344
THA,1984,,,846.934168430884,21.3831195831299
THA,1985,,,773.823923674613,19.8500595092773
THA,1986,,,842.098436226451,18.4356708526611
THA,1987,,,970.452522513385,
THA,1988,,,1164.20096229495,14.9723901748657
THA,1989,,,1341.72978395303,
THA,1990,,0.0,1559.11209344755,15.9281196594238
THA,1991,2.63,5.22e-05,1765.62267359529,
THA,1992,1.35,0.000344,1971.60879910694,
THA,1993,1.49,0.0136,2245.13688708983,19.8854808807373
THA,1994,1.347,0.0386,2517.70732641683,
THA,1995,1.1,0.0748,2864.36515719866,21.1048393249512
THA,1996,1.071,0.115,3054.65690806473,22.2134990692139
THA,1997,0.873,0.361,2473.14096982086,24.7779598236084
THA,1998,3.404,1.09,1847.70379269771,28.7875995635986
THA,1999,2.968,2.43,2033.24490520569,34.5813102722168
THA,2000,2.389,3.68904127944164,2005.97694514234,35.3038711547852
THA,2001,2.6,5.55632612097332,1889.93432467144,38.9344787597656
THA,2002,1.82,7.53125033488567,2089.75183111554,40.1257095336914
THA,2003,1.54,9.29902723805965,2347.54001286066,41.1551513671875
THA,2004,1.51,10.6773033237281,2641.56268717857,42.1445999145508
THA,2005,1.35,15.0260043588909,2867.70383436062,44.3367195129395
THA,2006,1.22,17.1607147169285,3331.32043511773,44.1761817932129
THA,2007,1.18,20.03,3918.52817434581,47.55419921875
THA,2008,1.18,18.2,4309.13509292986,46.3521308898926
THA,2009,1.49,20.1,4135.43986952819,46.2023391723633
THA,2010,0.622,22.4,4973.86288823778,46.3783774485726
THA,2011,0.66,23.669925618731,5373.6232832898,52.7332765596589
THA,2012,0.58,26.46,5725.52802835463,50.7403100613359
THA,2013,0.249,28.94,6018.08244729255,49.6879408184566
THA,2014,0.576,34.8860535783465,5801.1978916205,49.9091820021394
THA,2015,0.597,39.3161267365004,5688.85335397884,45.713134717198
THA,2016,0.688,47.5049656215909,5833.57715617098,49.3227291503798
THA,2017,0.83,52.8919293439676,6413.09182530343,47.427491541895
THA,2018,0.765,56.8174809301456,7099.77650081458,46.1667791174286
THA,2019,0.716,66.6524194587528,7605.69657797759,44.9880040072053
THA,2020,1.099,77.84374066,6983.03412836245,42.5900878816865
THA,2021,1.215,85.26956666,7055.18760721422,43.4690405127808
THA,2022,0.94,87.97724503,6910.00995211206,43.29484965617
THA,2023,0.733,89.53525238,7210.54130832685,45.4407811172674
THA,2024,0.781,90.86718789,7386.63615126055,44.9845744019321
THA,2025,0.781,,8056.56359761558,49.0776442074561
TJK,1981,,,,24.2309398651123
TJK,1986,,,,20.7210998535156
TJK,1988,,,,20.3705101013184
TJK,1989,,,,20.2736797332764
TJK,1990,,0.0,487.03612866309,21.2453308105469
TJK,1991,1.823,,457.767825924805,21.2790393829346
TJK,1992,1.85,,337.833145514813,21.0363006591797
TJK,1993,2.65,,287.620123754917,20.7430591583252
TJK,1994,3.15,,261.271254544865,20.4126892089844
TJK,1995,3.45,,207.034457343036,20.391580581665
TJK,1996,4.05,,172.035088688368,
TJK,1997,4.15,,150.088550171239,
TJK,1998,4.65,,213.749145581577,
TJK,1999,4.45,0.0328,175.023764735625,16.6428604125977
TJK,2000,4.15,0.048599594582182,136.925716400723,17.1997108459473
TJK,2001,3.75,0.0512591325352927,168.676285365186,16.7238998413086
TJK,2002,3.95,0.0554628269910006,186.951638285222,16.9350700378418
TJK,2003,3.85,0.0645837771508553,233.58124845289,18.3057403564453
TJK,2004,3.45,0.0774799071356825,305.745158587502,19.5840606689453
TJK,2005,3.45,0.298690023682825,333.927150941684,20.1519508361816
TJK,2006,3.65,3.77240620666448,401.018403316427,21.302490234375
TJK,2007,2.874,7.19761951797855,516.997210618914,22.2864494323731
TJK,2008,4.942,8.78,703.327375898643,22.7512302398682
TJK,2009,7.028,10.07,664.795655734657,22.5239295959473
TJK,2010,7.037,11.55000019,737.338883219356,22.8308906555176
TJK,2011,7.04,13.02999973,833.601978202852,22.3199405670166
TJK,2012,7.022,14.51000023,952.452819695469,22.6923599243164
TJK,2013,7.019,16.0,1028.19704279396,22.6164398193359
TJK,2014,7.024,17.48999977,1081.54402932039,24.2260093688965
TJK,2015,7.033,18.97999954,956.916310930656,26.0669097900391
TJK,2016,7.036,20.46999931,788.710481734485,28.5179100036621
TJK,2017,7.035,21.95999908,829.45714764957,30.2374706268311
TJK,2018,7.028,32.59999847,834.288404578801,
TJK,2019,7.026,22.68630028,871.022372934846,
TJK,2020,7.576,27.54409981,834.311715460625,34.6676458195911
TJK,2021,7.687,36.70560074,896.748053372182,37.4220713871838
TJK,2022,7.051,48.91429901,1052.17949484894,37.2834392884446
TJK,2023,7.037,54.41550064,1178.47990060249,34.9689625947729
TJK,2024,7.041,55.79339981,1362.02559981695,35.6398418742497
TJK,2025,6.931,,1637.2542942547,
TKM,1981,,,,22.2724990844727
TKM,1986,,,,22.1329402923584
TKM,1987,,,675.221678074412,
TKM,1988,,,845.932942002334,11.6655302047729
TKM,1989,,,821.029864511916,11.310830116272
TKM,1990,,0.0,848.155047388424,11.7992095947266
TKM,1991,1.4,,831.99873207474,21.0249099731445
TKM,1992,1.5,,811.354156451902,
TKM,1993,1.5,,788.418914207107,
TKM,1994,4.7,,622.13478015809,
TKM,1995,8.3,,592.247247321132,
TKM,1996,10.3,,557.894220051334,
TKM,1997,11.0,,565.022638048501,
TKM,1998,12.2,,590.791293266381,
TKM,1999,12.7,0.045,545.519003106054,
TKM,2000,11.73,0.13328218259348,633.835487638011,
TKM,2001,10.898,0.175209517731422,756.034976276398,
TKM,2002,10.141,0.302132016152841,935.540801478466,
TKM,2003,9.289,0.425182631884743,1228.94870289404,
TKM,2004,8.419,0.754053982724623,1379.23009682692,
TKM,2005,7.495,0.997300029,1604.01618452312,
TKM,2006,6.601,1.3195731180963,1996.59310717308,
TKM,2007,5.719,1.40636068812023,2414.96071986964,
TKM,2008,4.852,1.75,3605.50395120549,
TKM,2009,4.0,1.950000048,3707.97850699617,
TKM,2010,4.0,3.0,4058.53937000739,
TKM,2011,4.003,5.0,5143.61929334647,
TKM,2012,3.994,7.195799828,6053.8748468749,
TKM,2013,3.993,9.600000381,6599.64529055481,
TKM,2014,4.005,12.19999981,7164.14536184006,7.00093637977294
TKM,2015,4.016,14.99680042,5759.497903834,
TKM,2016,4.026,17.99029922,5238.00827202546,
TKM,2017,4.035,,5125.54920055808,
TKM,2018,4.036,,3911.98557297865,
TKM,2019,4.035,,4365.1152919542,11.0507708201956
TKM,2020,4.489,,3935.37749365223,12.4085702576356
TKM,2021,4.458,,3713.20113171765,14.5425982703266
TKM,2022,4.017,,5198.18947409551,16.7316012007071
TKM,2023,4.007,,5298.46421949276,18.8084201812744
TKM,2024,4.02,,5904.25772576512,20.4250351701637
TKM,2025,4.267,,6540.17876401136,
TLA,1960,,,356.537386441434,
TLA,1961,,,383.827979445883,
TLA,1962,,,391.53698854492,
TLA,1963,,,413.595959689434,
TLA,1964,,,447.159736530697,
TLA,1965,,,467.011193441283,
TLA,1966,,,500.490414071407,
TLA,1967,,,495.819431061317,
TLA,1968,,,517.782198082886,
TLA,1969,,,563.384415455481,
TLA,1970,,,598.981483850136,
TLA,1971,,,649.767246609577,
TLA,1972,,,712.288818801421,
TLA,1973,,,932.782273310876,
TLA,1974,,,1190.2218432487,
TLA,1975,,,1214.74981069201,
TLA,1976,,,1302.9384934649,
TLA,1977,,,1400.74505217605,
TLA,1978,,,1637.65497516773,
TLA,1979,,,1795.7362545953,
TLA,1980,,,2149.04242467187,
TLA,1981,,,2409.70040368266,
TLA,1982,,,2155.75302223233,
TLA,1983,,,1843.39314383712,
TLA,1984,,,1893.10260985086,
TLA,1985,,,1830.61775316861,
TLA,1986,,,1809.28901937081,
TLA,1987,,,1903.50395165055,
TLA,1988,,,2047.52068815623,
TLA,1989,,,2227.77365185419,
TLA,1990,,,2425.77128166682,
TLA,1991,6.18499961502329,,2587.87278904436,
TLA,1992,6.16195847363912,,2787.66132657122,
TLA,1993,5.9122489733434,,3258.75748628284,
TLA,1994,6.56680800344838,,3744.60852665502,
TLA,1995,7.85357644180886,,3983.20860877186,
TLA,1996,8.26787405014723,,4255.85859434658,
TLA,1997,8.12385222071718,,4593.58561869128,
TLA,1998,8.50383489490465,,4563.93952667197,
TLA,1999,9.48237924552907,,4029.14285007531,22.2505493164062
TLA,2000,9.52894893986909,,4388.92619654046,23.4782104492188
TLA,2001,9.1432735656305,,4222.97448407526,24.9325294494629
TLA,2002,9.50084872810719,,3714.37478753607,26.7873706817627
TLA,2003,9.38382565258049,,3728.7274317918,28.3239593505859
TLA,2004,8.88029213614675,,4252.8384478077,29.5181694030762
TLA,2005,8.34365571129642,16.7,5103.97071369353,31.132360458374
TLA,2006,7.7076777430645,20.9,5926.88235769307,37.6753311157227
TLA,2007,7.31214733545694,23.9,6927.88293213364,35.0256118774414
TLA,2008,6.91574463042059,26.7,7989.38012096582,37.754810333252
TLA,2009,7.89406164784247,31.3,7386.60044484214,38.8017082214355
TLA,2010,7.26042689855492,35.0,9115.37372505227,40.6646003723145
TLA,2011,6.73516198738484,39.7,10277.434412177,42.4470100402832
TLA,2012,6.43477941830029,43.4,10261.7354879621,43.9397506713867
TLA,2013,6.39401761164224,46.4,10230.3626492605,45.221851348877
TLA,2014,6.20935559864304,49.0,10059.0239257076,46.9943084716797
TLA,2015,6.72924741273479,54.7,8404.04978849744,48.3502616882324
TLA,2016,7.82039688517988,57.7,8082.0851229591,50.4026489257812
TLA,2017,8.12865999426483,60.2,8918.58515585187,51.7107086181641
TLA,2018,8.03589728630349,63.5,8620.65095771156,52.4073104858398
TLA,2019,8.10633851896146,67.7,8363.2081656376,53.3199310302734
TLA,2020,10.355452107179,73.8,6965.15053129735,54.8506698608398
TLA,2021,9.26330031941499,75.9,8076.87634033776,56.7357902526855
TLA,2022,7.01556949606688,77.3,9177.79711881332,58.2713890075684
TLA,2023,6.26268991297245,80.2,10259.5487208892,60.7355194091797
TLA,2024,5.9308852770292,81.8,10441.4685782421,59.0615386962891
TLA,2025,5.50986634654456,83.9,10822.5929247606,
TLS,1990,,0.0,168.621010199317,
TLS,1991,3.453,,189.794649212749,
TLS,1992,3.36,,235.064767714477,
TLS,1993,3.273,,264.066994790836,
TLS,1994,3.309,,283.058000480762,
TLS,1995,3.348,,302.736982028369,
TLS,1996,3.372,,344.013327625123,
TLS,1997,3.406,,348.86424098109,
TLS,1998,3.5,,345.59090957317,
TLS,1999,3.633,,269.987312761397,
TLS,2000,3.529,,492.457669429651,
TLS,2001,3.386,,587.700692767858,
TLS,2002,3.371,0.0,533.982476434866,8.40392971038818
TLS,2003,3.54,,534.901153697657,
TLS,2004,3.668,,474.420767344689,
TLS,2005,3.611,0.0990317678179026,487.464555404292,
TLS,2006,3.634,0.5,464.667001844159,
TLS,2007,3.523,1.0,540.154584237662,
TLS,2008,3.434,1.5,628.153219252849,
TLS,2009,3.289,2.0,686.579295832381,16.5156002044678
TLS,2010,3.301,3.0,813.060177250597,17.7029094696045
TLS,2011,3.385,4.0,939.045241112693,
TLS,2012,3.47,7.0,1022.61903188429,
TLS,2013,3.57,11.0,1204.56841532931,
TLS,2014,3.618,17.5,1224.74957758801,
TLS,2015,3.678,18.60000038,1319.59297370991,
TLS,2016,4.657,21.20000076,1335.54390089814,
TLS,2017,4.254,24.20000076,1266.17767952941,
TLS,2018,3.765,27.60000038,1219.46598597604,
TLS,2019,3.148,28.00460052,1562.36458881813,
TLS,2020,2.808,32.01269913,1630.86935439232,
TLS,2021,2.344,35.04199982,2684.92673717299,
TLS,2022,1.537,,2343.24955542816,
TLS,2023,1.525,,1502.4114958903,30.9611108169641
TLS,2024,1.523,,1331.9705130185,
TLS,2025,1.592,,1340.9640193437,
TMN,1960,,,143.39304098394,
TMN,1961,,,145.817065219851,
TMN,1962,,,144.685687622019,
TMN,1963,,,155.280736796456,
TMN,1964,,,168.932648285113,
TMN,1965,,,182.388053228649,
TMN,1966,,,189.597625262538,
TMN,1967,,,202.57260154232,
TMN,1968,,,221.249359650225,
TMN,1969,,,239.295698957995,
TMN,1970,,,261.436377766715,
TMN,1971,,,287.792093581529,
TMN,1972,,,318.212372564204,
TMN,1973,,,381.763756415183,
TMN,1974,,,570.825807702265,
TMN,1975,,,637.023416015132,
TMN,1976,,,762.903755311021,
TMN,1977,,,855.608667756394,
TMN,1978,,,891.618214088001,
TMN,1979,,,1075.74529425061,
TMN,1980,,,1266.96167816744,
TMN,1981,,,1199.39736387939,
TMN,1982,,,1299.72997788428,
TMN,1983,,,1379.31215423068,
TMN,1984,,,1396.08438827983,
TMN,1985,,,1453.88640068481,
TMN,1986,,,1515.49739459625,
TMN,1987,,,1287.16915229189,
TMN,1988,,,1211.75021740014,
TMN,1989,,,1181.70229419064,
TMN,1990,,,1551.33182518395,
TMN,1991,8.03168197869505,,1021.78047565076,
TMN,1992,8.14685219721253,,1019.88704661056,
TMN,1993,8.68160187265869,,875.599089613293,
TMN,1994,8.74589375449375,,897.479717233544,
TMN,1995,9.03428655097015,,975.846138276511,
TMN,1996,8.20998075616307,,1056.46578583751,
TMN,1997,7.99731851319209,,1075.367768169,
TMN,1998,8.09262446768442,,1072.89061364339,
TMN,1999,8.36545993025763,,1135.62755562768,
TMN,2000,8.70973223936551,,1246.01970518845,
TMN,2001,8.66782939884288,,1225.47782863822,
TMN,2002,8.66928035849805,,1168.60409646318,
TMN,2003,8.45544746199598,,1263.9157454015,
TMN,2004,7.62342664414024,,1463.30459081335,
TMN,2005,7.79217578193013,7.4,1657.84291463325,
TMN,2006,7.33599436897474,8.3,1885.14874832022,
TMN,2007,6.96341976204585,9.6,2240.98839135161,
TMN,2008,6.76464093439402,11.6,2662.28112447526,
TMN,2009,6.88122796682575,13.4,2518.05377845565,
TMN,2010,7.05144257493513,15.3,2823.25407911922,
TMN,2011,7.52714837608606,16.7,3240.2024082126,
TMN,2012,8.83376247941241,18.6,3420.25908562298,
TMN,2013,8.39834200288349,21.1,3152.86009912184,
TMN,2014,8.07837404021819,24.5,3077.87148288398,
TMN,2015,8.96791885955849,27.4,2805.48695611112,
TMN,2016,8.66507565229991,30.6,2864.53445831005,
TMN,2017,9.15400226751887,34.6,2860.68231685818,
TMN,2018,9.1788143786994,37.4,2810.24942028442,
TMN,2019,8.96317446023269,41.3,2695.09130976796,
TMN,2020,9.67954007701653,46.2,2409.54729126605,
TMN,2021,9.58930430798614,50.0,2754.03924421055,
TMN,2022,8.83598059809406,53.8,3017.03706401547,
TMN,2023,8.59209919735259,55.7,2867.14499885351,
TMN,2024,8.70657329890235,57.8,2962.60094580465,
TMN,2025,8.69378066221379,60.2,2826.65540584536,
TON,1970,,,,0.0
TON,1975,,,349.470975414391,
TON,1976,,,315.094854046623,
TON,1977,,,352.953092694597,
TON,1978,,,427.631287521076,2.0733699798584
TON,1979,,,457.916448085709,1.81057000160217
TON,1980,,,544.754241437563,
TON,1981,,,635.712889829014,7.14211988449097
TON,1982,,,633.477863554833,
TON,1983,,,621.073531745178,
TON,1984,,,655.66235882708,6.82388019561768
TON,1985,,,612.943575629463,6.88948011398315
TON,1986,,,695.805077185729,
TON,1987,,,830.153019585043,
TON,1988,,,1077.6835915018,
TON,1989,,,1069.83546760253,
TON,1990,,0.0,1139.0553819198,
TON,1991,1.348,,1323.40098550339,
TON,1992,1.349,,1370.36142598699,
TON,1993,1.3,,1383.47386584881,
TON,1994,1.688,,1956.66180354821,
TON,1995,1.987,0.123,2084.02759539718,
TON,1996,2.404,0.164,2214.91474789811,
TON,1997,2.877,0.511,2135.52111086276,
TON,1998,3.348,0.765,1888.83194028282,
TON,1999,3.69,1.02,1952.14626248861,3.42492008209229
TON,2000,3.966,2.4343980443669,1995.07667546271,5.37392997741699
TON,2001,4.368,2.82537183911525,1753.51667576626,4.62669992446899
TON,2002,4.683,2.90729731626382,1759.4805324576,6.1286997795105
TON,2003,5.18,2.98581736750435,1936.04104012389,6.82398986816406
TON,2004,3.878,3.95237389457043,2195.44890047673,
TON,2005,2.542,4.907800198,2477.72620144825,
TON,2006,1.09,5.853899956,2750.34778600857,
TON,2007,1.21,7.179900169,2797.06560109144,
TON,2008,1.279,8.11076994380395,3218.45303993196,
TON,2009,1.419,10.0,2914.23774004564,
TON,2010,1.501,16.0,3416.08356601207,
TON,2011,1.594,25.0,3849.99375750134,
TON,2012,1.638,30.0,4384.17058724217,
TON,2013,1.75,32.75400162,4219.24670113014,
TON,2014,1.914,35.95439911,4136.59010898445,
TON,2015,2.022,38.65129852,4123.90347238813,
TON,2016,2.048,39.95000076,3987.98618837043,
TON,2017,2.137,46.20080185,4365.92929788648,
TON,2018,2.248,48.80789948,4675.04776047973,
TON,2019,2.165,51.56299973,4788.83350468584,
TON,2020,2.712,54.47370148,4792.35872413906,21.2782986508118
TON,2021,2.111,57.549,4922.8015864044,
TON,2022,2.002,61.60739899,5298.01942454298,
TON,2023,1.652,64.13140106,5651.59357939286,42.8611738148984
TON,2024,1.965,67.4417038,6215.38990974121,
TON,2025,2.008,,6547.18646814228,
TSA,1960,,,85.1907206631682,
TSA,1961,,,88.5374401369039,
TSA,1962,,,92.4759784008019,
TSA,1963,,,101.699730347077,
TSA,1964,,,113.953993552671,
TSA,1965,,,118.725582639515,
TSA,1966,,,93.5095090778817,
TSA,1967,,,100.49023197921,
TSA,1968,,,103.257624279526,
TSA,1969,,,111.460473459612,
TSA,1970,,,116.640107755321,
TSA,1971,,,121.457638271028,
TSA,1972,,,121.825770983221,
TSA,1973,,,142.634192314819,
TSA,1974,,,167.031856543516,
TSA,1975,,,172.084670696832,
TSA,1976,,,160.699674402499,
TSA,1977,,,181.897614762572,
TSA,1978,,,201.52609182316,
TSA,1979,,,220.868328829726,
TSA,1980,,,261.18079594149,
TSA,1981,,,267.20705190365,
TSA,1982,,,268.048426266136,
TSA,1983,,,281.59105118681,
TSA,1984,,,270.882249205897,
TSA,1985,,,290.836561595941,
TSA,1986,,,302.215568474208,
TSA,1987,,,330.263803635955,
TSA,1988,,,344.39140735961,
TSA,1989,,,338.645008018598,
TSA,1990,,,359.953973128088,
TSA,1991,7.24315545951344,,303.81805683771,
TSA,1992,7.23871666924301,,315.53713133931,
TSA,1993,7.24980061619164,,302.994994507191,
TSA,1994,7.18007906379825,,342.723111684397,
TSA,1995,7.15013674904188,,370.570693920918,
TSA,1996,7.11279594729808,,400.095114023544,
TSA,1997,7.15153632180334,,415.002724170031,
TSA,1998,7.16874708180548,,413.676322288749,
TSA,1999,7.17195172652658,,437.982047564941,9.23464012145996
TSA,2000,7.17647475389305,,440.467918910931,9.22157001495361
TSA,2001,7.23245898235974,,446.418919348871,9.43124008178711
TSA,2002,7.34580672778149,,462.898836496672,9.87176036834717
TSA,2003,7.33330344756806,,532.66154684429,10.3095397949219
TSA,2004,7.30632128284372,,606.478041696258,10.5721397399902
TSA,2005,7.24801932806737,2.1,686.338193475473,10.4651298522949
TSA,2006,7.16089355787342,2.6,769.378704313512,11.3078498840332
TSA,2007,7.2019977638481,3.7,967.697911561283,12.8670997619629
TSA,2008,7.29504082041586,4.1,958.275511460297,14.7031297683716
TSA,2009,7.3628078548039,4.9,1054.43555885745,15.8038501739502
TSA,2010,7.16328861819797,7.1,1294.02734415145,17.6207408905029
TSA,2011,7.17458097714582,9.4,1397.0068255002,21.8057098388672
TSA,2012,7.23720359721905,10.4,1387.18205938261,23.1186695098877
TSA,2013,7.31372620028363,11.7,1405.84072374278,22.6903400421143
TSA,2014,7.29419854752289,13.0,1528.4920875126,24.041389465332
TSA,2015,7.27349261228767,14.7,1570.54142452744,25.3642196655273
TSA,2016,7.25080318686175,16.7,1722.90703396273,25.5159492492676
TSA,2017,7.24969569674111,18.8,1956.06707563972,26.079870223999
TSA,2018,7.28140399591901,20.9,1988.36633317988,26.8766307830811
TSA,2019,6.30644937347767,29.7,2067.05975680251,27.6625595092773
TSA,2020,7.62561175204578,42.5,1957.20343709781,28.2194099426269
TSA,2021,6.33048938390488,48.0,2273.72055805692,29.8268604278564
TSA,2022,4.86631704704624,54.2,2326.72890585805,30.9421100616455
TSA,2023,4.16220090187648,58.3,2449.857142451,32.438419342041
TSA,2024,4.19214668978211,62.8,2601.82209529365,32.7833213806152
TSA,2025,4.24320442446027,67.8,2705.28227429085,
TSS,1960,,,158.066704865337,
TSS,1961,,,160.870413908239,
TSS,1962,,,169.661297164558,
TSS,1963,,,188.247757433586,
TSS,1964,,,182.622877315158,
TSS,1965,,,196.066837596372,
TSS,1966,,,207.121587394386,
TSS,1967,,,202.062051395245,
TSS,1968,,,210.611488633068,
TSS,1969,,,231.534485351071,
TSS,1970,,,251.717273236624,1.41486001014709
TSS,1971,,,251.919130383181,1.37776005268097
TSS,1972,,,276.361287526495,1.45711994171143
TSS,1973,,,342.70978819473,1.45457005500794
TSS,1974,,,422.700417411479,1.52420997619629
TSS,1975,,,451.193354153119,1.57669997215271
TSS,1976,,,474.530999538016,1.63738000392914
TSS,1977,,,507.142642925455,1.72324001789093
TSS,1978,,,551.654347118869,1.8309600353241
TSS,1979,,,631.122652688598,1.96464002132416
TSS,1980,,,769.821388388756,2.06377005577087
TSS,1981,,,1008.19643444915,2.20421004295349
TSS,1982,,,908.828702377123,2.35640001296997
TSS,1983,,,791.938401952333,2.41128993034363
TSS,1984,,,687.60694831985,2.46070003509521
TSS,1985,,,637.832918971652,2.58812999725342
TSS,1986,,,580.837628498766,2.69552993774414
TSS,1987,,,631.916316136411,2.74095988273621
TSS,1988,,,646.802797352897,2.87684011459351
TSS,1989,,,640.170427109124,3.01756000518799
TSS,1990,,,728.926102015909,3.07052993774414
TSS,1991,6.43917335186611,,759.715248918801,3.19055008888245
TSS,1992,6.53438914473603,,665.304423658314,3.31670999526977
TSS,1993,6.57993534604531,,654.326096747387,3.46866011619568
TSS,1994,6.50949329587814,,651.494895653308,3.63604998588562
TSS,1995,6.36418816479738,,807.068681479341,3.70559000968933
TSS,1996,6.28008010794966,,877.933913182623,3.78944993019104
TSS,1997,6.24071131444566,,899.319355003092,3.89790010452271
TSS,1998,6.26619463242025,,878.112012610771,3.98570990562439
TSS,1999,6.3708112055776,,610.405968129929,4.03235006332397
TSS,2000,6.35294746056262,,629.859553204091,4.38447999954224
TSS,2001,6.25911261802644,,587.710901869404,4.7371997833252
TSS,2002,6.15545043361504,,625.805568583085,5.08393001556396
TSS,2003,6.09002400306892,,766.914712241419,5.46747016906738
TSS,2004,5.94433087548822,,926.943266198291,5.72870016098022
TSS,2005,5.84614199165635,2.0,1074.12476310665,6.05515003204346
TSS,2006,5.75538288432854,2.5,1234.75609892113,6.24377012252808
TSS,2007,5.71458050648746,3.4,1391.26803582887,6.42028999328613
TSS,2008,5.71119279179789,3.8,1537.38333094262,6.74998998641968
TSS,2009,5.76570980698131,4.5,1427.57787495773,7.13790988922119
TSS,2010,5.94056421498979,6.1,1643.30753523371,7.58255004882812
TSS,2011,5.91593755883997,7.6,1796.16109829226,7.91926002502441
TSS,2012,5.8029961583218,9.2,1818.06125449252,8.23978996276855
TSS,2013,5.57489984928366,11.1,1880.39980462364,8.56149959564209
TSS,2014,5.62977664752398,13.3,1907.73210907064,8.72679042816162
TSS,2015,5.78723856454759,16.1,1647.32085826836,8.83660984039307
TSS,2016,5.86589334716284,18.2,1456.65211115929,8.84762001037598
TSS,2017,5.99391143462101,19.9,1549.18831908585,8.98320960998535
TSS,2018,6.03233771776817,22.1,1622.59575329634,9.08197975158691
TSS,2019,6.18089551293782,24.4,1797.04121765415,9.09492015838623
TSS,2020,6.65249326111529,26.8,1628.43873346869,9.19791030883789
TSS,2021,6.84750929089377,28.9,1785.98118191144,9.27116012573242
TSS,2022,6.08211610820711,31.1,1864.70686111924,
TSS,2023,5.76152900751665,32.1,1682.2261488119,
TSS,2024,5.6711358365663,33.3,1542.65844261619,
TSS,2025,5.66118665705316,35.2,1673.07077574497,
TTO,1960,,,633.975608394336,
TTO,1961,,,677.713824022157,
TTO,1962,,,703.620804079905,
TTO,1963,,,756.284906625836,
TTO,1964,,,779.766014894579,
TTO,1965,,,793.357738715678,
TTO,1966,,,767.537870840813,
TTO,1967,,,796.703860051473,
TTO,1968,,,783.173633599792,
TTO,1969,,,794.529655166788,
TTO,1970,,,828.919857464313,
TTO,1971,,,894.45305348288,2.25334000587463
TTO,1972,,,1067.46412567566,2.3569700717926
TTO,1973,,,1273.3221357336,2.36374998092651
TTO,1974,,,1962.02689234886,2.41042995452881
TTO,1975,,,2318.69169815563,2.47810006141663
TTO,1976,,,2344.93028321949,4.0742301940918
TTO,1977,,,2907.3734770717,4.1749701499939
TTO,1978,,,3258.0927567116,4.19003009796143
TTO,1979,,,4155.1594201721,3.99437999725342
TTO,1980,,,5559.05209507101,4.30334997177124
TTO,1981,,,6159.70947284839,4.24423980712891
TTO,1982,,,7091.40621892043,4.3286600112915
TTO,1983,,,6689.80831238034,3.98223996162415
TTO,1984,,,6613.11947420709,3.91960000991821
TTO,1985,,,6212.00065299742,4.66695976257324
TTO,1986,,,3984.99609719733,5.6508002281189
TTO,1987,,,3941.12013972631,5.82119989395142
TTO,1988,,,3655.81977035897,5.73892021179199
TTO,1989,,,3481.84505761067,6.58445978164673
TTO,1990,,0.0,4047.25093594674,
TTO,1991,18.52,,4205.37778348016,6.57351016998291
TTO,1992,19.66,,4277.47436935604,6.72268009185791
TTO,1993,19.81,,3646.71231742803,7.21654987335205
TTO,1994,18.44,,3839.96290233114,
TTO,1995,17.22,0.158,4114.68908475464,
TTO,1996,16.25,0.393,4427.27832448289,
TTO,1997,15.01,1.17,4393.94496943068,
TTO,1998,14.21,2.72,4612.70900312686,
TTO,1999,13.12,5.81,5179.08350809274,5.81035995483398
TTO,2000,12.1,7.72141147401745,6178.58975559687,5.75815010070801
TTO,2001,10.88,15.384627218944,6657.41466937221,6.25368022918701
TTO,2002,10.39,21.9986754804449,6762.93080808096,8.58695983886719
TTO,2003,10.48,25.9717641091609,8445.04653518298,8.70431995391846
TTO,2004,8.33,27.0242700782714,9871.03419820086,11.8308000564575
TTO,2005,7.95,28.97669983,12346.4373094075,
TTO,2006,6.27,30.00370026,14152.6607422113,
TTO,2007,5.54,32.3,16606.675360681,
TTO,2008,4.63,34.8,21298.9945258063,
TTO,2009,5.28,44.3,14634.0565003912,
TTO,2010,4.033,48.5,16815.424737361,
TTO,2011,3.425,55.2,19151.0870229722,
TTO,2012,3.718,57.5,20332.1389531925,
TTO,2013,2.683,59.90000153,21304.9777496628,
TTO,2014,2.477,62.40000153,21908.3014555644,
TTO,2015,2.428,65.09999847,19887.2327716498,
TTO,2016,3.207,67.80000305,17449.1538801956,
TTO,2017,3.389,70.59999847,17566.0999700656,
TTO,2018,3.497,72.76029968,17571.498737278,
TTO,2019,3.523,74.98670197,17212.6128892163,
TTO,2020,4.206,77.28130341,15283.6270531554,
TTO,2021,4.446,84.36576986,17712.5674104655,
TTO,2022,4.383,81.69760132,20750.5202434652,
TTO,2023,3.361,81.9681015,18308.4536298575,
TTO,2024,3.318,82.15989685,18733.4110406494,23.8493010569383
TTO,2025,3.329,,18967.2704636681,
TUN,1961,,,200.671835449762,
TUN,1962,,,201.419166932165,
TUN,1963,,,231.91940785127,
TUN,1964,,,228.484793689273,
TUN,1965,,,217.269013478937,
TUN,1966,,,223.750680246593,
TUN,1967,,,228.044765187406,
TUN,1968,,,248.91225549272,
TUN,1969,,,257.738832521682,
TUN,1970,,,280.476910228346,
TUN,1971,,,320.272102901124,2.30262994766235
TUN,1972,,,414.626612581104,2.36743998527527
TUN,1973,,,493.172121667472,2.2218599319458
TUN,1974,,,623.75935280482,2.41460990905762
TUN,1975,,,741.35491566103,2.64432001113892
TUN,1976,,,751.741946408618,3.73266005516052
TUN,1977,,,829.983963323177,4.07420015335083
TUN,1978,,,945.964678061001,4.55637979507446
TUN,1979,,,1113.44445018775,4.76605987548828
TUN,1980,,,1323.62643763339,4.81236982345581
TUN,1981,,,1247.12801268551,4.91017007827759
TUN,1982,,,1177.30518554913,4.87855005264282
TUN,1983,,,1183.8417233031,4.8641300201416
TUN,1984,,,1143.2812867658,4.84456014633179
TUN,1985,,,1134.99813055736,5.0774998664856
TUN,1986,,,1186.50651525734,5.26846981048584
TUN,1987,,,1244.76663577347,5.06817007064819
TUN,1988,,,1266.07583258953,5.37071990966797
TUN,1989,,,1239.23860226784,6.6363000869751
TUN,1990,,0.0,1476.43160477311,7.63667011260986
TUN,1991,15.935,,1537.87916511306,8.36275959014893
TUN,1992,15.598,,1784.81850188268,9.21152973175049
TUN,1993,15.948,,1649.18537309075,10.3985395431519
TUN,1994,16.006,0.00738,1733.46614673506,11.0246095657349
TUN,1995,16.348,0.0112,1968.16600944373,11.4788904190063
TUN,1996,16.061,0.0276,2107.40815649257,12.3348503112793
TUN,1997,15.94,0.0437,2202.06090620956,13.0872402191162
TUN,1998,15.473,0.108,2285.01933541864,14.4664297103882
TUN,1999,15.21,1.6,2376.06566791596,16.0545997619629
TUN,2000,14.94,2.75074029298135,2199.04465936314,18.2472705841064
TUN,2001,14.4,4.29796603474685,2235.71981624751,20.5963401794434
TUN,2002,14.55,5.25288729548421,2320.7723805785,22.0570907592773
TUN,2003,14.51,6.49084579532797,2725.8643148859,25.9742908477783
TUN,2004,14.23,8.52881775162591,3067.41936376975,28.3220500946045
TUN,2005,12.872,9.655099869,3146.8260743927,30.4263496398926
TUN,2006,12.51,12.98639965,3322.56933570096,31.5884609222412
TUN,2007,12.365,17.1,3726.91672935667,32.1416816711426
TUN,2008,12.444,27.53,4255.05008019523,33.5827484130859
TUN,2009,13.29,34.07,4080.09032448781,35.3081817626953
TUN,2010,13.049,36.8,4291.86120891575,36.0425300598145
TUN,2011,18.334,39.1,4420.64772206537,35.942798614502
TUN,2012,17.63,41.4416008,4297.26782454273,36.0693092346191
TUN,2013,15.934,43.79999924,4369.79345826358,34.2130088806152
TUN,2014,14.259,46.15999985,4458.97895464547,33.7252311706543
TUN,2015,15.159,46.4999943435776,4014.94773686432,33.373851776123
TUN,2016,15.557,49.5999948415756,3847.80354448809,31.2128105163574
TUN,2017,15.33,55.5001550633671,3619.03247319953,30.9277496337891
TUN,2018,15.459,64.1908102327387,3628.10366464236,30.9594707489014
TUN,2019,17.153,66.6999983024144,3528.87213306798,31.4410896301269
TUN,2020,17.651,68.55639648,3548.65363663803,32.5181999206543
TUN,2021,16.632,68.31552226,3906.93926319391,33.2740287780762
TUN,2022,15.3,,3707.29283414381,37.1276893615723
TUN,2023,15.106,,3951.11683376921,38.1219482421875
TUN,2024,15.341,76.5,4187.64079392362,
TUN,2025,15.108,,4656.63818386852,
TUR,1960,,,267.091207552765,
TUR,1961,,,274.350890943262,
TUR,1962,,,298.241020884883,
TUR,1963,,,337.019856859205,
TUR,1964,,,354.365541117168,
TUR,1965,,,369.967082204625,
TUR,1966,,,424.984610131778,
TUR,1967,,,459.449369053159,
TUR,1968,,,501.12130904111,
TUR,1969,,,543.947401329478,
TUR,1970,,,487.565086682435,
TUR,1971,,,430.897259673783,4.93922996520996
TUR,1972,,,537.337529232528,4.77828979492188
TUR,1973,,,661.080821885172,4.69333982467651
TUR,1974,,,880.728167716848,4.90435981750488
TUR,1975,,,1121.54326914976,6.8088002204895
TUR,1976,,,1227.92409658199,8.24015045166016
TUR,1977,,,1371.96185651463,8.81379985809326
TUR,1978,,,1510.18531064944,8.52855968475342
TUR,1979,,,2013.37374286503,7.79945993423462
TUR,1980,,,1515.64589850068,6.26224994659424
TUR,1981,,,1536.66562064101,5.35657978057861
TUR,1982,,,1360.23825219775,5.39509010314941
TUR,1983,,,1275.68337617131,5.78888988494873
TUR,1984,,,1209.05149383313,6.68755006790161
TUR,1985,,,1326.42701445307,8.119460105896
TUR,1986,,,1461.49658654754,8.93927001953125
TUR,1987,,,1649.96264794402,9.41248989105225
TUR,1988,,,1685.69479240535,9.76490020751953
TUR,1989,,,1948.59179454794,10.6391000747681
TUR,1990,,0.0,2689.52621921233,12.0200004577637
TUR,1991,8.21,,2649.27259974439,12.9068098068237
TUR,1992,8.509,,2743.65320297936,13.753210067749
TUR,1993,8.962,0.00846,3057.93737480422,15.4898300170898
TUR,1994,8.577,0.0499,2176.2801813809,18.9496097564697
TUR,1995,7.644,0.0817,3845.98997887841,19.2497100830078
TUR,1996,6.629,0.193,4041.36210281686,
TUR,1997,6.841,0.474,4197.37636165642,22.7995204925537
TUR,1998,6.888,0.699,4331.02761275037,22.0010604858398
TUR,1999,7.687,2.29,3973.77763854116,22.4771995544434
TUR,2000,6.495,3.761685035075,4199.3798635759,
TUR,2001,8.381,5.18948146078506,3052.2256706793,25.0384502410889
TUR,2002,10.358,11.38,3591.08628982587,25.9334297180176
TUR,2003,10.542,12.33,4649.63668068586,29.7210502624512
TUR,2004,10.838,14.58,5979.6054216148,30.7662506103516
TUR,2005,10.636,15.46,7331.85429430255,33.2225189208984
TUR,2006,10.227,18.24,7990.08251407245,37.3102416992188
TUR,2007,10.285,28.63,9766.91734545294,39.3874015808105
TUR,2008,10.965,34.37,10913.4079047769,40.7729606628418
TUR,2009,14.026,36.4,9076.92472236977,46.9404602050781
TUR,2010,11.879,39.82,10698.9699409757,56.7506217956543
TUR,2011,9.789,43.065710430925,11373.6355760885,61.516300201416
TUR,2012,9.21,45.13,11776.7593362033,70.1044998168945
TUR,2013,9.713,46.25,12635.5570016068,79.6469573974609
TUR,2014,9.901,51.0373665521645,12209.3862327674,86.9976806640625
TUR,2015,10.304,53.7449791423583,11064.6494504662,95.5645065307617
TUR,2016,10.899,58.3477340145685,10984.3643169061,103.71558380127
TUR,2017,10.919,64.6846176835371,10756.3877677883,110.534072875977
TUR,2018,10.956,71.0427608433809,9684.11819884721,115.462463378906
TUR,2019,13.73,73.9767022871511,9395.23378001368,117.005470275879
TUR,2020,13.148,77.6695605,8798.11791709313,118.883682250977
TUR,2021,11.969,81.40843745,9981.76398411336,125.763786315918
TUR,2022,10.465,83.43716576,10897.8397861365,127.577972412109
TUR,2023,9.388,85.96074155,13375.0947282864,105.88606262207
TUR,2024,8.8,87.3078767,15892.7157287241,
TUR,2025,8.52,89.77024003,18599.4420922378,
TUV,1970,,,456.640627603398,
TUV,1971,,,477.922530255047,
TUV,1972,,,521.514044962269,
TUV,1973,,,600.583601271126,
TUV,1974,,,708.060574746717,
TUV,1975,,,656.326312583979,
TUV,1976,,,611.972553080204,
TUV,1977,,,548.821356812662,
TUV,1978,,,546.037352781083,
TUV,1979,,,565.932549315669,
TUV,1980,,,571.0192959143,
TUV,1981,,,634.203764501491,
TUV,1982,,,537.440652615639,
TUV,1983,,,533.130094256608,
TUV,1984,,,567.195381239419,
TUV,1985,,,480.095933768573,
TUV,1986,,,556.736790985481,
TUV,1987,,,599.750746530394,
TUV,1988,,,823.087505442833,
TUV,1989,,,976.047477175313,
TUV,1990,,0.0,1084.66707221699,
TUV,1991,,,1134.33175551477,
TUV,1992,,,1165.63710360353,
TUV,1993,,,1141.17904410247,
TUV,1994,,,1278.65870076399,
TUV,1995,,,1284.76446104166,
TUV,1996,,,1427.80960501753,
TUV,1997,,,1461.08618049276,
TUV,1998,,,1459.64937141718,
TUV,1999,,,1558.60396569869,
TUV,2000,,5.24163958486214,1559.22072281826,
TUV,2001,,5.7,1475.03705936258,
TUV,2002,,6.3,1729.16968588975,
TUV,2003,,6.9,2020.10103886055,
TUV,2004,,7.6,2330.77403351989,
TUV,2005,,8.300000191,2298.44257265761,
TUV,2006,,9.100000381,2413.97836453913,
TUV,2007,,10.0,2803.75365477849,
TUV,2008,,11.19999981,3062.00125965971,
TUV,2009,,12.80000019,2662.42865634448,
TUV,2010,,14.60000038,3054.96154183353,
TUV,2011,,16.5,3679.5325726267,
TUV,2012,,18.70000076,3558.89749224226,
TUV,2013,,21.20000076,3524.00277634143,
TUV,2014,,24.10000038,3518.13249227107,
TUV,2015,,27.29999924,3352.66722400181,
TUV,2016,,31.0,3779.15293916285,
TUV,2017,,35.20000076,4166.79162422818,
TUV,2018,,,4467.21144027065,
TUV,2019,,,5058.85266607659,
TUV,2020,,,5029.57159284173,
TUV,2021,,,6042.51983141155,
TUV,2022,,,5414.74642912412,
TUV,2023,,,5143.8397437226,19.3509615384615
TUV,2024,,,5883.50257114002,
TUV,2025,,,6041.44908591428,
TZA,1960,,,275.296020507813,
TZA,1961,,,285.156799316406,
TZA,1962,,,303.997436523438,
TZA,1963,,,329.010589599609,
TZA,1964,,,346.301818847656,
TZA,1965,,,342.077941894531,
TZA,1966,,,380.497924804688,
TZA,1967,,,384.642944335938,
TZA,1968,,,399.301635742188,
TZA,1969,,,405.450805664063,
TZA,1970,,,217.235641479492,0.169540002942085
TZA,1971,,,224.451416015625,0.182339996099472
TZA,1972,,,246.546295166016,0.216480001807213
TZA,1973,,,283.801849365234,0.236780002713203
TZA,1974,,,328.783599853516,0.263350009918213
TZA,1975,,,364.969940185547,0.227929994463921
TZA,1976,,,397.542755126953,0.22223000228405
TZA,1977,,,458.058349609375,0.175659999251366
TZA,1978,,,529.603637695313,0.328029990196228
TZA,1979,,,542.11474609375,0.263150006532669
TZA,1980,,,611.211791992188,
TZA,1981,,,683.913269042969,
TZA,1982,,,701.959838867188,0.266510009765625
TZA,1983,,,685.276489257813,0.268620014190674
TZA,1984,,,609.331420898438,0.277399986982346
TZA,1985,,,700.450073242188,0.273930013179779
TZA,1986,,,479.281768798828,0.274250000715256
TZA,1987,,,334.822784423828,0.321339994668961
TZA,1988,,,307.50634765625,
TZA,1989,,,259.502227783203,0.256680011749268
TZA,1990,,0.0,243.611557006836,
TZA,1991,3.6,,276.452453613281,0.33186000585556
TZA,1992,3.683,,250.329925537109,0.338530004024506
TZA,1993,3.892,,224.491546630859,0.378969997167587
TZA,1994,3.861,,228.890029907227,0.394089996814728
TZA,1995,3.672,,258.418334960938,0.448469996452331
TZA,1996,3.475,0.00162,313.658386230469,0.505940020084381
TZA,1997,3.342,0.0079,363.597686767578,0.603569984436035
TZA,1998,3.283,0.00924,386.378448486328,0.521799981594086
TZA,1999,3.219,0.0751,392.621765136719,0.602710008621216
TZA,2000,3.129,0.11719444010825,401.698150634766,0.64341002702713
TZA,2001,2.994,0.171300350668948,396.638732910156,0.662460029125214
TZA,2002,3.023,0.222484413923909,402.649047851563,0.697420001029968
TZA,2003,3.053,0.676962856510303,422.18359375,0.897960007190704
TZA,2004,3.105,0.87757497099259,450.385284423828,1.21524000167847
TZA,2005,3.193,1.100000024,483.334869384766,1.42771995067596
TZA,2006,3.299,1.299999952,475.746734619141,
TZA,2007,3.023,1.6,543.198303222656,1.46310997009277
TZA,2008,2.775,1.899999976,675.977233886719,
TZA,2009,2.5,2.400000095,693.823547363281,
TZA,2010,3.03,2.900000095,736.530151367188,2.13913621753427
TZA,2011,3.47,3.200000048,775.392761230469,
TZA,2012,3.223,3.950000048,861.969909667969,3.96461947161333
TZA,2013,2.93,4.400000095,963.05712890625,3.67337417645482
TZA,2014,2.125,7.0,1022.74841308594,
TZA,2015,2.009,10.0,939.127319335938,3.98361077132501
TZA,2016,1.931,13.5042328468919,953.0107421875,3.72893939925404
TZA,2017,1.854,14.46339989,986.674011230469,4.78205361153138
TZA,2018,1.792,15.49069977,1023.10626220703,4.27996511118124
TZA,2019,1.735,16.59090042,1063.32250976563,2.85588898826608
TZA,2020,1.792,19.48139954,1117.41528320313,7.18188265775187
TZA,2021,1.876,22.87540054,1159.85656738281,3.59164319762461
TZA,2022,1.573,26.86059952,1207.52062988281,5.32159018874409
TZA,2023,1.565,28.43190002,1224.00219726563,5.16887784940301
TZA,2024,1.557,31.16209984,1192.60668945313,4.01880979537964
TZA,2025,1.572,,1318.81921386719,
UGA,1960,,,55.3784976132181,
UGA,1961,,,56.1759278091596,
UGA,1962,,,55.5048704604887,
UGA,1963,,,61.9553768191835,
UGA,1964,,,68.6259930194368,
UGA,1965,,,99.9527652325075,
UGA,1966,,,101.435414620908,
UGA,1967,,,102.80034732844,
UGA,1968,,,106.851228104531,
UGA,1969,,,116.682296330854,
UGA,1970,,,122.030929585629,0.472330003976822
UGA,1971,,,133.468088316131,0.470660001039505
UGA,1972,,,136.964736487473,0.537869989871979
UGA,1973,,,152.709417587824,
UGA,1974,,,183.71757196626,0.541930019855499
UGA,1975,,,201.237292844799,0.51512998342514
UGA,1976,,,203.309813650809,0.471969991922378
UGA,1977,,,237.584889064205,0.563359975814819
UGA,1978,,,190.690145097606,0.592270016670227
UGA,1979,,,164.513012181127,0.522759974002838
UGA,1980,,,93.7506991135184,0.485639989376068
UGA,1981,,,98.6467550654109,0.535380005836487
UGA,1982,,,156.952422909331,0.583639979362488
UGA,1983,,,157.527216922525,
UGA,1984,,,247.516937638636,
UGA,1985,,,234.276502777526,0.735010027885437
UGA,1986,,,253.643058810817,0.775829970836639
UGA,1987,,,392.97074320479,0.847249984741211
UGA,1988,,,395.187660960924,0.921400010585785
UGA,1989,,,310.186025249445,0.924139976501465
UGA,1990,,0.0,244.987168126806,1.05559003353119
UGA,1991,3.448,,182.955897348348,1.23331999778748
UGA,1992,3.553,,152.113542415537,1.20323002338409
UGA,1993,3.487,,165.616476211716,1.30781996250153
UGA,1994,3.458,,198.441987998795,1.45316004753113
UGA,1995,3.193,0.00286,278.520835668767,1.5566600561142
UGA,1996,3.169,0.00463,284.698259285733,1.78656005859375
UGA,1997,3.209,0.0103,286.846637912964,
UGA,1998,3.424,0.0653,292.453037058835,
UGA,1999,3.46,0.106,257.921949601357,1.9514000415802
UGA,2000,3.531,0.163714063074854,258.050338731086,2.61231994628906
UGA,2001,3.522,0.237945087191408,236.021188853993,2.85116004943848
UGA,2002,3.5,0.384093504951945,241.984688408335,3.54375004768372
UGA,2003,3.6,0.464849840113968,250.71543664681,3.77904009819031
UGA,2004,2.699,0.719970679914031,292.38185796262,3.65948009490967
UGA,2005,1.9,1.742200017,330.405402707025,
UGA,2006,2.264,2.52940011,346.518255310647,3.56147003173828
UGA,2007,2.667,3.67196535074744,401.389130865581,
UGA,2008,3.035,3.880000114,472.842681495852,3.80542993545532
UGA,2009,3.6,4.099999905,798.947089938247,4.19193983078003
UGA,2010,3.623,4.300000191,823.488144282,3.9166100025177
UGA,2011,3.523,4.599999905,835.620060555838,4.37658023834229
UGA,2012,3.551,4.800000191,795.222867553127,3.74987006187439
UGA,2013,1.91,5.099999905,818.285427416713,
UGA,2014,2.357,5.400000095,896.054795546394,4.61899995803833
UGA,2015,2.681,5.699999809,862.934610355811,
UGA,2016,3.002,5.9,752.696571725656,
UGA,2017,3.428,7.417900085,765.218332297361,
UGA,2018,3.249,9.326299667,792.16570022814,
UGA,2019,3.057,11.72579956,822.171150036357,
UGA,2020,3.819,7.4,845.766463890124,
UGA,2021,3.416,10.0,882.791717542504,
UGA,2022,2.885,9.636899948,963.067314117178,
UGA,2023,2.754,9.286999702,1002.30913917142,
UGA,2024,2.74,8.949831061,1077.91278438613,
UGA,2025,2.746,,1206.30450825002,
UKR,1971,,,,41.9827690124512
UKR,1976,,,,38.9148597717285
UKR,1981,,,,41.192008972168
UKR,1982,,,,42.131290435791
UKR,1983,,,,43.4685287475586
UKR,1984,,,,43.4779891967773
UKR,1985,,,,45.1448287963867
UKR,1986,,,,46.0389289855957
UKR,1987,,,1244.04125976563,
UKR,1988,,,1444.248046875,48.8078002929688
UKR,1989,,,1593.07861328125,45.8054618835449
UKR,1990,,0.0,1563.63415527344,46.6147499084473
UKR,1991,1.9,,1482.6396484375,45.6067581176758
UKR,1992,1.9,,1413.24011230469,45.6464614868164
UKR,1993,2.0,0.000777,1254.02868652344,43.9720497131348
UKR,1994,2.0,0.0136,1009.09405517578,41.6465492248535
UKR,1995,5.62,0.0431,933.191772460938,43.5848693847656
UKR,1996,7.65,0.0986,869.846069335938,43.0763893127441
UKR,1997,8.93,0.199,987.489807128906,
UKR,1998,11.32,0.301,831.336791992188,46.2560806274414
UKR,1999,11.864,0.405,631.910461425781,48.1569786071777
UKR,2000,11.707,0.716183762031043,653.294311523438,50.5071182250977
UKR,2001,11.061,1.23875954748114,800.49072265625,52.9101104736328
UKR,2002,10.136,1.87388511643427,903.011901855469,56.645679473877
UKR,2003,9.057,3.14812758815439,1076.48156738281,60.2553215026855
UKR,2004,8.59,3.4894778812677,1401.01806640625,63.4407501220703
UKR,2005,7.18,3.749799967,1875.33508300781,66.8898620605469
UKR,2006,6.81,4.50612456357379,2366.494140625,71.939811706543
UKR,2007,6.351,6.55,3160.32763671875,76.2627563476562
UKR,2008,6.363,11.0,4017.806640625,79.7325210571289
UKR,2009,8.84,17.9,2607.08764648438,82.4992523193359
UKR,2010,8.1,23.3,3039.63232421875,81.9082510858655
UKR,2011,7.851,28.7082628400713,3656.69799804688,84.7981059629784
UKR,2012,7.529,35.27,3951.34228515625,83.8798999891598
UKR,2013,7.17,40.954128997,4129.89697265625,81.5320112568844
UKR,2014,9.27,46.2359754571651,3054.908203125,83.7842174613245
UKR,2015,9.14,48.8846436813218,2094.47387695313,76.8646556476929
UKR,2016,9.35,53.0009695981884,2158.46118164063,77.0398374695438
UKR,2017,9.5,58.8894794459775,2604.28759765625,80.1990246943391
UKR,2018,8.799,62.5531553933869,3059.0517578125,81.4946716210446
UKR,2019,8.194,70.1248442995263,3619.86157226563,84.48135621115
UKR,2020,9.475,75.03790912,3709.76928710938,82.1345992180731
UKR,2021,9.834,79.21829353,4775.94580078125,75.9079435107907
UKR,2022,,80.47429657,4199.6708984375,
UKR,2023,,81.58059692,5139.59814453125,82.5533599853516
UKR,2024,,82.47489929,5391.62255859375,87.1920013427734
UKR,2025,,,5865.884765625,
URY,1960,,,491.031760304596,
URY,1961,,,603.966513233705,
URY,1962,,,659.393716891716,
URY,1963,,,586.821191669431,
URY,1964,,,744.654270146069,
URY,1965,,,705.202527526694,
URY,1966,,,668.17637665776,
URY,1967,,,584.75530449369,
URY,1968,,,578.548868536136,
URY,1969,,,722.586254907569,
URY,1970,,,765.763011986694,
URY,1971,,,1000.28365412257,
URY,1972,,,775.937251050835,
URY,1973,,,1397.28960304383,
URY,1974,,,1433.17797475063,12.0089902877808
URY,1975,,,1231.85370953179,14.7060499191284
URY,1976,,,1268.30303240921,
URY,1977,,,1414.23789985403,17.3185901641846
URY,1978,,,1678.30925622568,
URY,1979,,,2442.65957894266,16.4293098449707
URY,1980,,,3442.81230620351,15.5197296142578
URY,1981,,,3728.4455696996,17.2512893676758
URY,1982,,,3084.79407002174,22.4728202819824
URY,1983,,,1707.14462849135,23.9578895568848
URY,1984,,,1615.40647277136,
URY,1985,,,1568.43216486363,
URY,1986,,,1938.8108486947,
URY,1987,,,2415.6541994875,
URY,1988,,,2677.19777690993,
URY,1989,,,2734.36623871535,29.2518100738525
URY,1990,,0.0,2995.36105663465,30.11083984375
URY,1991,8.95,,3589.01541942634,30.7541999816894
URY,1992,8.96,,4101.71054155291,28.0859699249268
URY,1993,8.35,,4753.00924682647,
URY,1994,9.04,0.0625,5507.56481300056,
URY,1995,10.02,0.31,6050.48632253644,
URY,1996,11.93,1.85,6398.43575184095,29.964319229126
URY,1997,11.44,3.36,7436.29342620682,
URY,1998,9.362,6.99,7836.89183322307,35.4384002685547
URY,1999,10.466,9.97,7370.56995453931,33.6197891235352
URY,2000,12.627,10.5390577480141,6987.70098766257,33.8414497375488
URY,2001,15.052,11.1214376832783,6382.76104740859,37.7791595458984
URY,2002,16.648,11.4194701966853,4149.76140312687,39.5832290649414
URY,2003,16.661,15.9371367159756,3671.12329256883,41.7629699707031
URY,2004,12.98,17.0630983403661,4168.66065438387,42.7656097412109
URY,2005,12.009,20.0881895579305,5284.25677987129,44.3836708068848
URY,2006,10.844,29.39999962,6001.33294783172,45.3399810791016
URY,2007,9.403,34.0,7222.05403645877,50.3921318054199
URY,2008,8.025,39.3,9423.96562595893,51.0627593994141
URY,2009,7.74,41.8,9881.39573127081,50.9438095092773
URY,2010,7.158,46.4,12641.0576849008,51.8884303512712
URY,2011,6.307,51.4046610563616,15132.2675725587,52.5558159999377
URY,2012,6.451,54.453768680746,16259.5940814256,54.7069093768187
URY,2013,6.444,57.69,18335.2594772322,59.9512588300598
URY,2014,6.547,61.4624951684405,18322.4276767157,59.826704311423
URY,2015,7.488,64.5707870971624,17125.9016800298,57.7897211461691
URY,2016,7.841,66.40000153,17009.7584207276,59.6462945758069
URY,2017,7.89,70.3223543994698,19184.6626114272,59.7518904286933
URY,2018,8.336,80.7268428795854,19249.9404677501,60.2781342968002
URY,2019,8.836,83.3515337667548,18315.7350377437,61.9644279466795
URY,2020,10.413,85.47100067,15757.5341990356,64.9332150107214
URY,2021,9.328,87.64440155,17881.8119616753,75.1713873701582
URY,2022,7.877,89.87304314,21009.2883798725,76.3977408357972
URY,2023,8.355,90.92590332,23378.6399733516,79.9536903496537
URY,2024,8.209,91.99109007,24308.4954958447,
URY,2025,7.516,,25215.8238152781,
USA,1960,,,2999.86487154495,
USA,1961,,,3059.16082086127,
USA,1962,,,3236.01311150062,
USA,1963,,,3366.36978960346,
USA,1964,,,3565.31443016356,
USA,1965,,,3818.28825117968,
USA,1966,,,4136.30829579106,
USA,1967,,,4325.95935063186,
USA,1968,,,4684.58840293763,
USA,1969,,,5019.99818634473,
USA,1970,,,5234.2966662115,
USA,1971,,,5609.38259952519,46.751781463623
USA,1972,,,6094.01798986165,47.987979888916
USA,1973,,,6726.35895596695,48.3167495727539
USA,1974,,,7225.69135952566,48.3928108215332
USA,1975,,,7801.45666356443,50.1408500671387
USA,1976,,,8592.25353727612,53.6102409362793
USA,1977,,,9452.57651914511,51.7869606018066
USA,1978,,,10564.9482220275,52.4358406066895
USA,1979,,,11674.1818666548,51.810131072998
USA,1980,,,12574.7915062163,52.8782386779785
USA,1981,,,13976.10539252,55.3480186462402
USA,1982,,,14433.787727053,56.8819313049316
USA,1983,,,15543.8937174925,57.5493507385254
USA,1984,,,17121.2254849995,58.7549095153809
USA,1985,,,18236.8277265009,59.2420692443848
USA,1986,,,19071.2271949295,60.9534912109375
USA,1987,,,20038.9410992658,64.0167388916016
USA,1988,,,21417.0119305191,66.8240585327148
USA,1989,,,22857.1544330056,68.5826797485352
USA,1990,,0.785,23888.6000088133,71.4957275390625
USA,1991,6.8,1.16,24342.2589048189,72.8127975463867
USA,1992,7.5,1.72,25418.9907763319,77.0626602172852
USA,1993,6.9,2.27,26387.2937338171,78.7144165039062
USA,1994,6.119,4.86,27694.853416234,79.476432800293
USA,1995,5.65,9.24,28690.8757013347,80.342529296875
USA,1996,5.451,16.4,29967.7127181749,79.3373336791992
USA,1997,5.0,21.6,31459.1299691554,
USA,1998,4.511,30.1,32853.6725949234,70.8996200561523
USA,1999,4.219,35.8,34515.3813073394,71.37548828125
USA,2000,3.992,43.0791626375201,36329.9702595751,
USA,2001,4.731,49.0808315896951,37133.6203973517,
USA,2002,5.783,58.7854038836952,37997.7424300242,
USA,2003,5.989,61.6971171244207,39490.3023903176,
USA,2004,5.529,64.7582564759896,41724.6411982614,
USA,2005,5.084,67.9681015,44123.3996470026,80.6348266601562
USA,2006,4.623,68.93119812,46301.9876485519,
USA,2007,4.622,75.0,48050.227412195,
USA,2008,5.784,74.0,48570.0594269601,
USA,2009,9.254,71.0,47194.9500893872,
USA,2010,9.633,71.69,48642.6312088213,
USA,2011,8.949,69.7294607619268,50024.8812320773,
USA,2012,8.069,74.7,51708.3940614082,
USA,2013,7.375,71.4,53297.3862901595,88.7264175415039
USA,2014,6.168,73.0,55153.3940182967,88.6268692016602
USA,2015,5.28,74.5542024462761,56849.4697923159,88.8894119262695
USA,2016,4.869,85.5444212887222,57976.628204291,88.8350524902344
USA,2017,4.355,87.2748891687657,60047.7190728307,88.1673889160156
USA,2018,3.896,88.498903165152,62875.6661382728,88.2991790771484
USA,2019,3.669,89.4302848575712,65227.9565911038,87.8887100219727
USA,2020,8.055,90.34470367,64465.2971415748,87.5676574707031
USA,2021,5.349,91.2684021,71441.2319805947,84.8550872802734
USA,2022,3.65,92.72850037,78008.6895811877,79.361930847168
USA,2023,3.638,93.52559662,82586.7847707894,
USA,2024,4.022,94.69380188,86169.6641581917,
USA,2025,4.198,,90026.5163005744,
UZB,1986,,,,15.1638803482056
UZB,1987,,,450.244536476152,
UZB,1988,,,550.999615085024,15.7634696960449
UZB,1989,,,598.123131680436,15.9843902587891
UZB,1990,,0.0,652.9376529256,16.854549407959
UZB,1991,1.9,,658.313550528068,17.0046997070312
UZB,1992,2.9,,602.920525827048,16.4374408721924
UZB,1993,4.9,,595.777099596612,
UZB,1994,7.3,,574.229079896619,
UZB,1995,7.8,0.00153,582.54213674034,
UZB,1996,10.7,0.00429,597.33228695111,
UZB,1997,10.9,0.0105,620.59129581366,
UZB,1998,13.3,0.0208,621.048904301242,
UZB,1999,13.3,0.0307,697.763539790812,12.9796800613403
UZB,2000,12.301,0.484347307694947,555.149231099186,13.0081100463867
UZB,2001,11.279,0.597567993875805,454.415812256778,13.297869682312
UZB,2002,10.256,1.08193974248733,381.409296889283,13.7379999160767
UZB,2003,9.22,1.91259517784997,394.164028897235,13.8350601196289
UZB,2004,8.152,2.59372542084924,462.171492867885,13.8527898788452
UZB,2005,7.092,3.34350988825952,542.835808692209,9.84444999694824
UZB,2006,6.035,6.38832196706805,649.118167003925,9.96053028106689
UZB,2007,4.99,7.49060468138629,824.028192334768,9.83143043518066
UZB,2008,4.89,9.0801145234501,1074.72928796701,9.89933967590332
UZB,2009,5.04,11.9,1205.7993547038,9.8161096572876
UZB,2010,5.36,15.89999962,1956.78127255673,8.85653237012253
UZB,2011,4.96,18.6,2338.55462817306,8.58497947573208
UZB,2012,4.87,23.60000038,2573.95586785056,7.84954008903504
UZB,2013,4.86,26.79999924,2781.38869470315,7.97676963416095
UZB,2014,5.09,35.5,3021.00331668049,7.99231869405469
UZB,2015,5.15,42.79999924,3172.89899391083,8.05320814639575
UZB,2016,5.16,46.79130173,3128.42307170099,8.33958377998093
UZB,2017,5.83,48.6999988524556,2271.4730109511,8.64750307019382
UZB,2018,5.392,55.2000006732722,1894.09088741408,9.95855522351711
UZB,2019,4.936,70.3999986481458,2128.66067138334,13.0316667432446
UZB,2020,5.293,71.09999824,2087.96374711792,15.9720957084892
UZB,2021,5.364,76.59043014,2370.36480555669,22.0939011675309
UZB,2022,4.456,83.90000012,2698.60262953369,31.701936179599
UZB,2023,4.434,89.01361047,3015.97705069457,45.7591768686293
UZB,2024,4.439,89.50550079,3337.45492058664,56.517478700865
UZB,2025,4.622,,3968.2720079072,59.8086982926392
VCT,1960,,,154.839953548866,
VCT,1961,,,163.036741587138,
VCT,1962,,,166.501945155564,
VCT,1963,,,154.855789598022,
VCT,1964,,,164.439675512733,
VCT,1965,,,166.1585179605,
VCT,1966,,,174.900705580548,
VCT,1967,,,170.043233030992,
VCT,1968,,,163.084474570509,
VCT,1969,,,175.156220412801,
VCT,1970,,,192.259597349006,
VCT,1971,,,206.99399543877,
VCT,1972,,,282.092288222755,
VCT,1973,,,305.651792826921,
VCT,1974,,,330.705359076164,
VCT,1975,,,331.090937950783,
VCT,1976,,,324.049573435426,
VCT,1977,,,483.859271677682,
VCT,1978,,,592.019182500428,
VCT,1979,,,687.067392389007,3.02052998542786
VCT,1980,,,790.115816929074,2.42690992355347
VCT,1981,,,971.577277314431,
VCT,1982,,,1073.51398364931,
VCT,1983,,,1144.30586148776,
VCT,1984,,,1253.86525558125,
VCT,1985,,,1342.2456378927,
VCT,1986,,,1471.86296489478,6.10838985443115
VCT,1987,,,1596.17319303831,6.69699001312256
VCT,1988,,,1813.93765107441,
VCT,1989,,,1929.91050958212,
VCT,1990,,0.0,2149.73944358984,6.06251001358032
VCT,1991,19.77,,2270.76357246912,
VCT,1992,19.558,,2470.51840791008,
VCT,1993,19.681,,2539.64968649849,
VCT,1994,19.974,,2563.24976564442,
VCT,1995,20.005,0.129,2795.36305613955,
VCT,1996,20.343,0.483,2930.44394742606,
VCT,1997,20.133,0.926,3073.7784743848,
VCT,1998,20.521,1.85,3301.10018129103,
VCT,1999,20.542,2.78,3446.52293031878,
VCT,2000,20.8,3.24503741064558,3768.95536604022,
VCT,2001,21.1,5.09480977832946,4071.08601098962,
VCT,2002,20.623,5.54959487957379,4303.27976789727,
VCT,2003,19.985,6.46227416659743,4499.61454193342,
VCT,2004,19.545,7.37116584201749,4873.48947742443,
VCT,2005,19.461,9.19827808234299,5157.39373878102,
VCT,2006,19.162,12.0,5744.8278621257,
VCT,2007,18.934,16.0,6398.19123532172,
VCT,2008,18.79,21.0,6598.90531450859,
VCT,2009,19.365,31.0,6463.78777336717,
VCT,2010,19.924,33.70000076,6551.96835992405,13.4546976354886
VCT,2011,20.006,36.70000076,6527.68996854448,20.6017072662919
VCT,2012,19.833,40.0,6713.80768643865,19.8016733808491
VCT,2013,19.356,43.5,7072.46737188939,19.7655115169122
VCT,2014,19.237,47.4,7168.82875342911,23.9405403137207
VCT,2015,19.135,49.40000153,7353.73556054184,23.6186294555664
VCT,2016,19.029,51.5,7656.90042881178,23.6683079677708
VCT,2017,19.024,53.70000076,7988.04445019298,25.7215423689679
VCT,2018,19.005,56.0,8428.12677153069,26.0140359224456
VCT,2019,19.248,59.57630157,8740.59425232061,29.6853960093035
VCT,2020,20.635,63.38100052,8351.20324040982,33.6692278624512
VCT,2021,20.356,68.83339691,8641.27904024443,35.7032258064516
VCT,2022,19.277,74.75479889,9693.55867833025,41.4983277591973
VCT,2023,18.348,75.53679657,10582.3656725229,
VCT,2024,18.093,76.19010162,11501.2265187188,
VCT,2025,18.003,,12561.769166789,
VEN,1960,,,939.197766577539,
VEN,1961,,,954.038330638213,
VEN,1962,,,1006.55940812318,
VEN,1963,,,1060.09433210388,
VEN,1964,,,873.604754880876,
VEN,1965,,,869.041067890496,
VEN,1966,,,875.956231715029,
VEN,1967,,,892.985315556393,
VEN,1968,,,938.015078662499,
VEN,1969,,,931.598755748143,
VEN,1970,,,1015.21990755986,
VEN,1971,,,1106.08824294225,9.16672992706299
VEN,1972,,,1155.26236263344,10.608229637146
VEN,1973,,,1366.83361997071,11.8261995315552
VEN,1974,,,2033.51900797712,12.688380241394
VEN,1975,,,2078.1534203511,14.1456604003906
VEN,1976,,,2309.19293494983,15.4267597198486
VEN,1977,,,2585.22051087846,
VEN,1978,,,2727.13746585327,17.8186893463135
VEN,1979,,,3256.64908738452,18.3426303863525
VEN,1980,,,3874.40470623155,18.9691390991211
VEN,1981,,,4228.0988152685,18.9722003936768
VEN,1982,,,4201.54283466342,20.0155601501465
VEN,1983,,,4078.94233103427,20.6762008666992
VEN,1984,,,3519.80146489308,21.8267993927002
VEN,1985,,,3548.70434276284,21.6080799102783
VEN,1986,,,3376.34960597843,24.5814800262451
VEN,1987,,,2610.98837126004,23.5750999450684
VEN,1988,,,3191.47633742656,24.520809173584
VEN,1989,,,2250.08459665588,25.8283996582031
VEN,1990,,0.0,2451.5523114567,26.8769798278809
VEN,1991,9.45,,2632.53969814106,27.4910392761231
VEN,1992,7.69,0.0121,2907.30334439434,27.0434608459473
VEN,1993,6.6,0.0416,2824.69144366441,
VEN,1994,8.56,0.0555,2688.98325145295,
VEN,1995,10.24,0.122,3486.98350635919,
VEN,1996,11.77,0.248,3112.825848106,
VEN,1997,11.16,0.391,3710.82688355096,
VEN,1998,11.15,1.38,3869.98258848894,
VEN,1999,14.53,2.84,4070.90619189484,
VEN,2000,13.99,3.3595974645036,4776.2816763938,27.8114891052246
VEN,2001,13.04,4.63600094778677,4920.39313600453,
VEN,2002,16.17,4.91044632720325,3652.09896501865,37.518970489502
VEN,2003,16.78,7.49996346522407,3229.50557082079,39.2063407897949
VEN,2004,15.07,8.40446959241215,4269.08970872392,41.2058296203613
VEN,2005,10.663,12.5529979098299,5432.4854184654,
VEN,2006,8.606,15.2247114771787,6739.38065342218,
VEN,2007,7.279,20.83,8331.62096991844,
VEN,2008,6.245,25.88,11262.4514256759,78.2515029907227
VEN,2009,6.097,32.7,11596.6021921731,78.2699203491211
VEN,2010,7.112,37.37,13646.3046622664,
VEN,2011,6.902,40.22,10843.9229703167,
VEN,2012,6.601,49.0500830729861,12582.0125686037,
VEN,2013,7.54,54.90000153,8642.37380007027,
VEN,2014,6.821,57.0,7101.15006382986,
VEN,2015,6.139,58.0,4096.61989137473,
VEN,2016,5.319,60.0,3671.23004093383,
VEN,2017,5.045,,3791.63262049576,
VEN,2018,5.468,,3421.51341607593,
VEN,2019,5.89,49.05009842,2523.11527549578,
VEN,2020,7.53,72.44110107,1506.04169391285,
VEN,2021,7.027,74.11219788,2004.93572921136,
VEN,2022,5.646,75.82180023,3155.04190923584,
VEN,2023,5.407,76.33190155,3617.47038396528,
VEN,2024,5.321,76.67890167,4244.45723136019,
VEN,2025,5.307,,3494.8138870244,
VGB,1990,,0.0,,
VGB,1999,,,,57.7987785339355
VGB,2000,,,,49.8008003234863
VGB,2001,,,,43.8400993347168
VGB,2002,,18.8857412653447,,47.8233413696289
VGB,2004,,,,65.4377899169922
VGB,2009,,36.0,,70.4889373779297
VGB,2010,,37.0,,
VGB,2011,,37.4,,
VGB,2012,,37.6,,
VGB,2015,,,,40.3414634146341
VGB,2016,,77.7014296797074,,39.173320807891
VGB,2017,,77.7042682926829,,
VGB,2018,,,,17.7551020408163
VGB,2019,,,,24.2532322781988
VGB,2020,,,,30.475763016158
VGB,2021,,,,30.3667262969589
VGB,2022,,,,29.0409725348942
VGB,2023,,,,26.6493055555556
VGB,2024,,,,29.5605306799337
VIR,1982,,,,30.1015701293945
VIR,1983,,,,29.6008605957031
VIR,1986,,,,27.9694690704346
VIR,1987,,,,28.9863300323486
VIR,1990,,0.0,,
VIR,1991,10.917,,,29.536470413208
VIR,1992,11.088,,,31.2717208862305
VIR,1993,11.187,,,33.5513496398926
VIR,1994,10.959,0.941,,
VIR,1995,10.611,2.8,,
VIR,1996,10.647,4.65,,
VIR,1997,10.547,6.95,,
VIR,1998,10.446,9.25,,
VIR,1999,10.172,11.1,,
VIR,2000,9.834,13.8150805419196,,
VIR,2001,9.969,18.3757660397468,,
VIR,2002,10.227,27.4944323774436,30062.0225050457,
VIR,2003,10.574,27.4290729887632,31731.2566241187,
VIR,2004,10.266,27.3770087880198,35006.3614404514,
VIR,2005,10.228,27.3443196733265,40828.7460927775,
VIR,2006,9.734,27.3326105376325,41377.1466009652,
VIR,2007,9.523,27.3393358364014,44158.5054044325,
VIR,2008,9.605,27.3617774210613,39152.3750657306,
VIR,2009,10.864,27.3965096846662,38753.1825393897,
VIR,2010,11.059,31.22,39905.1284180994,
VIR,2011,11.337,35.6,38997.1373164651,
VIR,2012,11.387,40.5479,37795.3192590675,
VIR,2013,11.802,45.3,34597.9766940328,
VIR,2014,11.871,50.07,33045.3643795999,
VIR,2015,11.649,54.839137296,34007.3529411765,
VIR,2016,11.734,59.60831579895,35324.9748874586,
VIR,2017,11.445,64.3774942980087,35365.0693039774,
VIR,2018,11.703,,36663.2087550584,
VIR,2019,11.774,,38633.5298915336,
VIR,2020,14.366,,39787.3741650202,
VIR,2021,13.508,,42571.0777368471,
VIR,2022,12.092,,44320.909185774,
VIR,2023,11.358,,,
VIR,2024,11.423,,,
VIR,2025,11.443,,,
VNM,1976,,,,1.6805100440979
VNM,1977,,,,1.98196995258331
VNM,1978,,,,2.33300995826721
VNM,1979,,,,2.50336003303528
VNM,1980,,,,2.4519898891449
VNM,1981,,,,2.07332992553711
VNM,1985,,,238.647805313403,
VNM,1986,,,436.419296772225,2.08523988723755
VNM,1987,,,595.247488701606,
VNM,1988,,,404.559305078888,
VNM,1989,,,98.1070172159577,2.97109007835388
VNM,1990,,0.0,98.7983370311401,3.05396008491516
VNM,1991,2.14,,143.715270231936,2.04989004135132
VNM,1992,2.109,,144.549392371677,1.62644994258881
VNM,1993,2.037,,189.418573584332,2.01602005958557
VNM,1994,1.972,,229.857787265757,2.24714994430542
VNM,1995,1.955,,287.802661028593,2.83200001716614
VNM,1996,1.93,0.000135,337.051231790277,4.06363010406494
VNM,1997,2.87,0.00398,361.643884085566,6.84087991714478
VNM,1998,2.29,0.0131,361.350928411167,9.53810024261475
VNM,1999,2.33,0.129,375.994455900496,10.4174203872681
VNM,2000,2.26,0.254248275754934,404.029784055118,9.24740982055664
VNM,2001,2.76,1.26565123612317,419.205677580901,9.30103015899658
VNM,2002,2.12,1.85499923592581,445.132861817313,9.55722999572754
VNM,2003,2.25,3.78028081370641,497.117089249256,9.91792964935303
VNM,2004,2.14,7.64240852842363,565.452284586212,
VNM,2005,2.078,12.7399292907031,710.746759994861,15.8760204315185
VNM,2006,2.046,17.2545617186662,807.756645117054,16.8052501678467
VNM,2007,2.026,20.7554447679753,925.640338348717,18.9504508972168
VNM,2008,1.889,23.92,1163.83195772873,20.0552005767822
VNM,2009,1.737,26.55,1226.16976051536,21.5007190704346
VNM,2010,1.114,30.65,1683.16182443979,23.9250975429329
VNM,2011,0.999,35.07,1950.92504174913,25.8674734818525
VNM,2012,1.027,36.79999924,2185.11767654291,25.7487091222031
VNM,2013,1.316,38.5,2359.51736472828,25.6249412769592
VNM,2014,1.256,41.0,2546.38464459903,31.3306389293887
VNM,2015,1.848,45.0,2577.56885340113,29.7250797402999
VNM,2016,1.848,53.0,2735.0604380416,29.0811980839409
VNM,2017,1.874,58.1400000036297,2956.10992127753,25.9526307046456
VNM,2018,1.161,69.8479286837965,3222.31003125366,
VNM,2019,1.681,68.6615802057338,3440.90025375434,30.2241191864014
VNM,2020,2.103,70.30000012,3534.03953482647,
VNM,2021,2.383,74.20999985,3704.1935590038,41.9554971195048
VNM,2022,1.57,78.58999918,4147.69777213621,44.7536854027422
VNM,2023,1.645,78.08,4322.82572261566,32.8415128147815
VNM,2024,1.602,84.15,4716.6599379632,37.5923642016718
VNM,2025,1.523,,5065.99091899299,
VUT,1979,,,1055.01446687478,
VUT,1980,,,1047.77362587983,
VUT,1981,,,962.222055354043,
VUT,1982,,,946.023154648384,
VUT,1983,,,946.705222595573,
VUT,1984,,,1136.68202384045,
VUT,1985,,,1011.51017753831,
VUT,1986,,,945.998619022206,
VUT,1987,,,1016.59904763078,
VUT,1988,,,1125.00616977712,
VUT,1989,,,1066.62512806351,
VUT,1990,,0.0,1140.59020311724,
VUT,1991,7.976,,1326.37321256212,
VUT,1992,7.945,,1343.68942861831,
VUT,1993,8.262,,1257.29387486656,
VUT,1994,8.083,,1430.99367776483,
VUT,1995,8.134,,1491.78967004617,
VUT,1996,8.091,0.0568,1529.27573115021,
VUT,1997,8.221,0.14,1562.03090670153,
VUT,1998,8.223,0.274,1470.97189048658,
VUT,1999,8.29,0.538,1472.17751741462,4.55672979354858
VUT,2000,8.266,2.10833689115184,1460.23817692229,4.54419994354248
VUT,2001,8.415,2.83057223877678,1350.18338238522,4.5063099861145
VUT,2002,8.598,3.51003871071264,1340.71537528287,5.41701984405518
VUT,2003,8.659,3.90329584542948,1566.51396790858,4.86402988433838
VUT,2004,8.432,4.74660261917533,1774.31867585894,4.87792015075684
VUT,2005,8.121,5.082300186,1873.99142640619,
VUT,2006,8.006,5.850599766,2034.79289624351,
VUT,2007,6.855,6.800000191,2333.70506748914,
VUT,2008,5.663,7.26911992337492,2603.60883136724,
VUT,2009,4.565,7.5,2546.38324565986,
VUT,2010,4.681,8.0,2815.18828985779,
VUT,2011,4.811,9.199999809,3163.1861645138,
VUT,2012,4.936,10.59799957,3004.78416664293,
VUT,2013,5.038,11.30000019,3392.56675091682,
VUT,2014,5.137,18.79999924,3378.36411965135,
VUT,2015,5.168,22.35140038,3214.41948587141,
VUT,2016,5.197,,3339.83436471043,
VUT,2017,5.247,,3585.31798081216,
VUT,2018,5.353,,3626.18862522473,
VUT,2019,5.444,,3635.62344878185,
VUT,2020,4.046,,3404.30359167624,
VUT,2021,4.776,,3576.13770954363,
VUT,2022,5.077,,3679.53524327491,
VUT,2023,5.011,,3708.18942411253,
VUT,2024,4.988,,3959.87703462363,
VUT,2025,5.073,,4038.73520713411,
WSM,1970,,,321.996706619559,0.96016001701355
WSM,1971,,,376.971495094961,1.04546999931335
WSM,1972,,,432.869670090088,
WSM,1973,,,562.757551160649,1.73424005508423
WSM,1974,,,626.0388469155,
WSM,1975,,,609.670300459943,1.77023005485535
WSM,1976,,,541.03147223181,
WSM,1977,,,615.297809957995,2.53965997695923
WSM,1978,,,670.633271871531,2.53640007972717
WSM,1979,,,750.588726090539,
WSM,1980,,,765.24773288828,
WSM,1981,,,713.375672542904,3.54293990135193
WSM,1982,,,728.127937935873,
WSM,1983,,,670.98638131758,2.99478006362915
WSM,1984,,,654.697560664036,
WSM,1985,,,572.806387713236,
WSM,1986,,,604.257418815764,
WSM,1987,,,666.308337309081,
WSM,1988,,,790.134992313838,
WSM,1989,,,728.151128858805,
WSM,1990,,0.0,743.994213008355,
WSM,1991,2.1,,741.563963808482,
WSM,1992,2.439,,776.740824409711,
WSM,1993,2.689,,774.988631552282,
WSM,1994,2.999,,1276.85021574897,
WSM,1995,3.244,,1288.10473321401,
WSM,1996,3.515,,1419.35849045228,
WSM,1997,3.78,0.175,1607.88744330521,
WSM,1998,4.127,0.23,1506.30359215846,8.555100440979
WSM,1999,4.489,0.285,1416.76915966987,11.0324897766113
WSM,2000,4.733,0.566392532680849,1424.75240002471,7.18760013580322
WSM,2001,4.96,1.68990283058724,1453.87021324606,
WSM,2002,4.975,2.24483267578443,1527.55790455937,
WSM,2003,5.038,2.79963044878076,1798.12429714048,
WSM,2004,5.162,3.07552941044897,2189.26042607992,
WSM,2005,5.212,3.35259211246829,2550.04221437511,
WSM,2006,5.321,4.46917387320954,2663.29135939532,
WSM,2007,5.425,4.75,3038.61904093377,
WSM,2008,5.538,5.031599998,3373.60639884263,
WSM,2009,5.646,6.0,3279.18269477295,
WSM,2010,5.621,7.0,3524.2479246203,
WSM,2011,5.68,11.0,3821.50678264479,
WSM,2012,8.752,12.92249966,3934.60320799981,
WSM,2013,8.772,15.30000019,4023.5254013825,
WSM,2014,8.72,21.20000076,3982.68080202084,
WSM,2015,8.901,,4084.36083819933,
WSM,2016,9.063,,4147.07097674888,
WSM,2017,9.4,,4307.59381964907,13.2596995097127
WSM,2018,8.649,,4231.81409469194,14.1633542972529
WSM,2019,7.858,,4351.94234943706,13.5792119039657
WSM,2020,7.467,,4099.59660548583,17.3303454643177
WSM,2021,6.664,,4021.55934894283,19.1409681560724
WSM,2022,5.048,,4132.44717734444,18.5508413272527
WSM,2023,4.92,,4822.74084650019,14.6106638814429
WSM,2024,4.855,,5392.87761915762,16.0263900756836
WSM,2025,4.996,,5872.78333308796,
XKX,2008,,,2889.14677086951,
XKX,2009,,,2805.94692985371,
XKX,2010,,,2987.54523493128,
XKX,2011,,,3538.94809762524,
XKX,2012,,,3410.65497983011,
XKX,2013,,,3704.55812411167,
XKX,2014,,,3902.49322261901,
XKX,2015,,,3520.62685324451,
XKX,2016,,,3759.44777525332,
XKX,2017,,83.8935968102791,4009.32022064732,
XKX,2018,,89.4430319734879,4384.18796440547,
XKX,2019,,,4415.6992744623,
XKX,2020,,,4320.58382547288,
XKX,2021,,,5269.69946181439,
XKX,2022,,,5298.1473871027,
XKX,2023,,,6220.33213919344,
XKX,2024,,,7026.6988128325,
XKX,2025,,,7899.41841135202,
YEM,1990,,0.0,910.422465960748,
YEM,1991,8.428,,1016.30223044813,
YEM,1992,8.351,,1198.13031674085,3.99025011062622
YEM,1993,8.343,,1396.61544419009,
YEM,1994,8.34,,1735.04419543214,
YEM,1995,8.988,,764.414656090937,
YEM,1996,9.585,0.000621,375.214994663363,
YEM,1997,10.223,0.015,382.584928722421,3.97206997871399
YEM,1998,10.828,0.0233,342.73940747773,
YEM,1999,11.46,0.0566,401.448141660801,9.01142978668213
YEM,2000,11.557,0.0825003865143108,493.235182634814,
YEM,2001,11.724,0.0908024587169292,487.141257946318,
YEM,2002,11.839,0.518796032123435,513.241486570603,9.18375968933105
YEM,2003,12.014,0.604734100431821,548.905883049973,8.78116989135742
YEM,2004,12.131,0.881222988679516,627.632023395762,8.35861015319824
YEM,2005,12.213,1.048599958,734.159908450927,8.33720016479492
YEM,2006,12.349,1.24782404904485,809.713127624703,8.00743007659912
YEM,2007,12.486,5.01,890.305768114988,9.04864025115967
YEM,2008,12.656,6.89,1071.63583282105,9.20860004425049
YEM,2009,12.762,9.96,969.243509864478,9.69779014587402
YEM,2010,12.777,12.35,1155.20305261418,9.26154041290283
YEM,2011,13.311,14.90499973,1186.47500581215,8.80690002441406
YEM,2012,13.473,17.44650078,1245.05068272078,
YEM,2013,13.673,20.0,1378.75002954928,
YEM,2014,13.467,22.54999924,1430.16420964026,
YEM,2015,17.9,24.08539963,1362.1738120601,
YEM,2016,18.42,24.57920074,975.359417003225,
YEM,2017,18.611,,811.165970405745,
YEM,2018,17.593,,633.887202451545,
YEM,2019,17.213,17.49099922,,
YEM,2020,17.963,,,
YEM,2021,18.312,,,
YEM,2022,17.224,,,
YEM,2023,16.944,,,
YEM,2024,16.97,,,
YEM,2025,17.322,,,
ZAF,1960,,,532.147504330332,
ZAF,1961,,,545.657511922673,
ZAF,1962,,,563.423008817945,
ZAF,1963,,,604.536855270991,
ZAF,1964,,,645.873375685446,
ZAF,1965,,,684.62122774035,
ZAF,1966,,,721.75375941418,
ZAF,1967,,,778.839335829791,
ZAF,1968,,,817.128340614066,
ZAF,1969,,,890.922089102936,
ZAF,1970,,,952.352188073537,3.98837995529175
ZAF,1971,,,1020.43983590718,
ZAF,1972,,,1038.39407468283,
ZAF,1973,,,1369.16160033933,4.39184999465942
ZAF,1974,,,1656.2890557998,
ZAF,1975,,,1670.11816898954,
ZAF,1976,,,1558.99824733487,
ZAF,1977,,,1671.46618837272,
ZAF,1978,,,1851.75191300848,
ZAF,1979,,,2201.51922339868,
ZAF,1980,,,3028.97447561832,
ZAF,1981,,,3049.71474333882,
ZAF,1982,,,2717.16388710425,
ZAF,1983,,,2938.48980239675,
ZAF,1984,,,2504.07736790289,
ZAF,1985,,,1839.4841908184,
ZAF,1986,,,2027.4662038189,
ZAF,1987,,,2586.27423314228,
ZAF,1988,,,2702.05504774508,10.5210103988647
ZAF,1989,,,2726.70980679488,11.3259296417236
ZAF,1990,,0.0,3093.48920352334,11.43630027771
ZAF,1991,23.137,0.0133,3243.23616023953,11.8450698852539
ZAF,1992,23.463,0.0389,3462.39400202835,12.3273200988769
ZAF,1993,23.361,0.114,3399.64009566241,13.6232995986938
ZAF,1994,23.067,0.247,3488.59711541763,15.7045001983643
ZAF,1995,22.705,0.677,3855.6340871567,
ZAF,1996,22.5,0.842,3617.55336002932,
ZAF,1997,22.549,1.63,3700.23554789867,
ZAF,1998,22.739,2.91,3309.60933087472,
ZAF,1999,22.884,4.12,3242.36830483958,
ZAF,2000,22.788,5.34855973203537,3217.84693448467,
ZAF,2001,22.652,6.34661931839768,2847.15191945908,
ZAF,2002,22.579,6.71032243705404,2688.23676032806,
ZAF,2003,22.679,7.00769172611251,4062.21755993786,
ZAF,2004,22.567,8.4251186825406,5221.46333731721,
ZAF,2005,22.472,7.48854252992921,5836.87663325127,
ZAF,2006,22.304,7.60713967477381,6077.38293388876,
ZAF,2007,22.26,8.06537517355504,6591.85535960564,
ZAF,2008,22.407,8.43,6184.75474328399,
ZAF,2009,23.523,10.0,6374.70560042992,
ZAF,2010,24.683,24.0,7973.47195771517,
ZAF,2011,24.639,33.97,8646.05571071635,
ZAF,2012,24.727,41.0,8076.97678479741,17.9447234835981
ZAF,2013,24.561,46.5,7331.65467384919,18.6088225305342
ZAF,2014,24.89,49.0,6856.73137092522,18.4813356370067
ZAF,2015,25.149,51.91910172,6112.27382485974,19.0332949537661
ZAF,2016,26.536,54.0,5651.20585165749,18.9292980324153
ZAF,2017,27.035,56.16740036,6618.33508255701,21.0902909603212
ZAF,2018,26.906,62.40000153,6914.1780318076,22.3515425184231
ZAF,2019,28.468,69.69689941,6533.71121032856,22.2442465104023
ZAF,2020,29.217,72.1128006,5580.60383075189,22.6148742572009
ZAF,2021,34.007,74.96859741,6828.75624590017,22.3431289991291
ZAF,2022,33.268,78.29319763,6534.24867783397,23.7271036201865
ZAF,2023,32.098,78.33670044,6034.27208964673,23.493768799339
ZAF,2024,32.279,78.35759735,6267.186814093,
ZAF,2025,32.391,,6597.71450918774,
ZMB,1960,,,221.559848922849,
ZMB,1961,,,209.693206426951,
ZMB,1962,,,202.28103119051,
ZMB,1963,,,203.219451227586,
ZMB,1964,,,229.979245632097,
ZMB,1965,,,287.42547598963,
ZMB,1966,,,325.025847276562,
ZMB,1967,,,340.579940386412,
ZMB,1968,,,387.087288652294,
ZMB,1969,,,458.981650783744,
ZMB,1970,,,413.904675224945,0.39258000254631
ZMB,1971,,,372.144071511389,
ZMB,1972,,,409.781146356948,
ZMB,1973,,,517.630055161873,
ZMB,1974,,,601.101371432691,1.12231004238129
ZMB,1975,,,489.505018740558,1.95813000202179
ZMB,1976,,,533.231631721853,1.98497998714447
ZMB,1977,,,474.362362443019,1.54306995868683
ZMB,1978,,,514.334878626644,1.54533004760742
ZMB,1979,,,595.455849101956,1.49784994125366
ZMB,1980,,,669.419722015371,
ZMB,1981,,,669.886829361684,1.4261200428009
ZMB,1982,,,626.532533448195,1.46257996559143
ZMB,1983,,,520.45583354177,1.52306997776031
ZMB,1984,,,413.269974271735,1.46134996414185
ZMB,1985,,,332.173737253298,
ZMB,1986,,,238.23379616097,2.24834990501404
ZMB,1987,,,314.999602622841,1.95634996891022
ZMB,1988,,,504.486020154114,2.15345001220703
ZMB,1989,,,526.361769256072,2.03008008003235
ZMB,1990,,0.0,422.336298804219,2.08488011360169
ZMB,1991,18.9,,423.071256835592,
ZMB,1992,19.568,,389.254665832226,
ZMB,1993,19.7,,390.916673784646,
ZMB,1994,18.689,0.00678,426.386598390102,
ZMB,1995,16.834,0.00878,433.312782642118,
ZMB,1996,15.3,0.00907,399.511304742449,
ZMB,1997,13.273,0.00933,465.871942164799,
ZMB,1998,12.0,0.0302,373.084763057408,2.3989999294281
ZMB,1999,12.498,0.147,349.515723095687,2.38265991210938
ZMB,2000,12.93,0.191071642503428,359.429500988221,
ZMB,2001,13.404,0.233129556342332,396.548952993504,
ZMB,2002,14.131,0.477750906947484,393.864625518616,
ZMB,2003,14.704,0.980483039426114,446.290104839041,
ZMB,2004,15.332,1.1,548.685974566277,
ZMB,2005,15.9,1.299999952,710.982068171696,
ZMB,2006,13.229,1.600000024,1051.71714895686,
ZMB,2007,10.559,1.899999976,1118.73162626953,
ZMB,2008,7.93,2.200000048,1375.50211006997,
ZMB,2009,10.583,2.5,1136.24168316848,
ZMB,2010,13.19,3.0,1451.10616017155,
ZMB,2011,10.548,3.5,1624.86817763443,3.99062158481189
ZMB,2012,7.85,4.099999905,1710.05061343728,3.96159738763825
ZMB,2013,7.272,4.8,1820.71854827391,
ZMB,2014,6.576,6.5,1707.48573136694,
ZMB,2015,5.951,8.8,1295.87788680068,
ZMB,2016,5.244,10.30000019,1239.08527877713,
ZMB,2017,4.529,12.19999981,1483.46577328065,
ZMB,2018,5.032,14.2999970950012,1463.89997855593,
ZMB,2019,5.538,14.47189999,1258.98619844462,
ZMB,2020,6.032,14.64579964,951.644316655957,
ZMB,2021,5.197,14.82190037,1127.16077872857,
ZMB,2022,5.993,15.0,1447.12310138035,
ZMB,2023,5.861,16.45070076,1330.72780576709,
ZMB,2024,5.898,17.10099983,1187.10943350064,
ZMB,2025,5.918,,1317.87771619597,
ZWE,1960,,,276.560896360952,
ZWE,1961,,,279.158927151344,
ZWE,1962,,,275.686274355878,
ZWE,1963,,,277.147112572228,
ZWE,1964,,,281.888369368235,
ZWE,1965,,,294.295520209542,
ZWE,1966,,,278.709727530089,
ZWE,1967,,,294.360765229111,
ZWE,1968,,,302.086211635024,
ZWE,1969,,,345.754984688223,
ZWE,1970,,,361.425992338609,
ZWE,1971,,,405.571258550669,1.58315002918243
ZWE,1972,,,483.378111388597,1.55430996417999
ZWE,1973,,,578.81284112321,1.58052003383636
ZWE,1974,,,674.335381210306,1.46367001533508
ZWE,1975,,,717.130326238498,1.54042994976044
ZWE,1976,,,687.212457369771,1.59922003746033
ZWE,1977,,,677.045095606361,1.50283002853394
ZWE,1978,,,665.358361846219,1.49998998641968
ZWE,1979,,,779.249232367068,1.50475001335144
ZWE,1980,,,949.011610530352,1.48162996768951
ZWE,1981,,,1068.92311090177,1.8602499961853
ZWE,1982,,,1095.88472887835,2.19470000267029
ZWE,1983,,,959.205194217604,1.42452001571655
ZWE,1984,,,757.359025240321,1.62802004814148
ZWE,1985,,,649.27581323637,1.89549994468689
ZWE,1986,,,692.529276865648,2.29884004592896
ZWE,1987,,,726.43141011947,
ZWE,1988,,,815.89246404532,
ZWE,1989,,,840.417972601175,6.10327005386353
ZWE,1990,,0.0,866.928868406131,5.23507022857666
ZWE,1991,4.793,,830.961354818769,5.29875993728638
ZWE,1992,4.933,,631.149149280088,6.0151801109314
ZWE,1993,4.993,,604.70311652877,
ZWE,1994,4.96,0.00174,634.062003018813,
ZWE,1995,5.566,0.00768,648.315259628165,
ZWE,1996,6.151,0.0168,766.913775859535,
ZWE,1997,6.93,0.0331,750.583100340929,
ZWE,1998,6.381,0.0816,552.448328691252,
ZWE,1999,6.0,0.162,582.299355588147,
ZWE,2000,5.685,0.401433535211582,562.833757496076,
ZWE,2001,5.313,0.799846045633137,566.388746448872,
ZWE,2002,5.005,1.1,524.936478570323,
ZWE,2003,4.738,1.8,468.471932927213,
ZWE,2004,4.39,2.1,469.719298949304,
ZWE,2005,4.632,2.400000095,461.271387547912,
ZWE,2006,4.767,2.400000095,431.034994414964,
ZWE,2007,5.008,3.0,413.521244592925,
ZWE,2008,5.401,3.5,340.917447588572,
ZWE,2009,5.476,4.0,735.821693871697,
ZWE,2010,5.469,6.400000095,902.010759067388,6.9457720142893
ZWE,2011,5.368,8.399999619,1037.77565157218,7.111226643716
ZWE,2012,5.057,12.0,1239.22709745709,7.12874147164551
ZWE,2013,4.948,15.5,1362.99498323368,7.31873655658947
ZWE,2014,4.774,16.3647399572904,1372.91526173161,
ZWE,2015,5.399,22.74279976,1387.12632595026,11.0489020370076
ZWE,2016,5.896,23.12000084,1408.13945253431,
ZWE,2017,6.35,24.39999962,3445.44941020134,
ZWE,2018,6.788,25.0,2270.89531874302,
ZWE,2019,7.373,26.5883007,2184.52155388801,
ZWE,2020,8.617,29.29856532,2059.63704025274,
ZWE,2021,9.54,32.5923996,2613.6167414057,
ZWE,2022,10.087,36.25650024,2536.40197087505,
ZWE,2023,9.348,38.67480087,2195.22502010174,
ZWE,2024,9.435,41.64279938,2496.15514995576,7.74912957845971
ZWE,2025,9.293,,3021.43019873632,
